2025-06-05 06:45:54 - Project Members - Project ID: 683749cb11c7b33a5403b378
2025-06-05 06:45:55 - Project found in projectsV2 collection
2025-06-05 06:45:55 - Project title: test 3
2025-06-05 06:45:55 - Members array found with 2 members
2025-06-05 06:45:55 - First member: false
2025-06-05 06:45:55 - Supervisor info: ID=, Name=Dr. Md. Nomani Kabir
2025-06-05 06:45:55 - No team members found, adding placeholder members
2025-06-05 06:45:55 - Project Members - Final result: 3 members
2025-06-05 06:45:55 - Project Members - Student count: 2
2025-06-05 07:16:44 - Chat Groups - User ID: 6833436be5c16779b409aa42
2025-06-05 07:16:44 - Chat Groups - Filter: {"$or":[{"createdBy":"6833436be5c16779b409aa42"},{"createdBy.$oid":"6833436be5c16779b409aa42"},{"members":{"$elemMatch":{"userId":"6833436be5c16779b409aa42"}}},{"members":{"$elemMatch":{"userId.$oid":"6833436be5c16779b409aa42"}}},{"members.userId":"6833436be5c16779b409aa42"},{"members.userId.$oid":"6833436be5c16779b409aa42"},{"supervisor.userId.$oid":"6833436be5c16779b409aa42"},{"supervisor.userId":"6833436be5c16779b409aa42"}]}
2025-06-05 07:16:45 - Chat Groups - Found 8 groups
2025-06-05 07:26:22 - Chat Groups - User ID: 6833436be5c16779b409aa42
2025-06-05 07:26:22 - Chat Groups - Filter: {"$or":[{"createdBy":"6833436be5c16779b409aa42"},{"createdBy.$oid":"6833436be5c16779b409aa42"},{"members":{"$elemMatch":{"userId":"6833436be5c16779b409aa42"}}},{"members":{"$elemMatch":{"userId.$oid":"6833436be5c16779b409aa42"}}},{"members.userId":"6833436be5c16779b409aa42"},{"members.userId.$oid":"6833436be5c16779b409aa42"},{"supervisor.userId.$oid":"6833436be5c16779b409aa42"},{"supervisor.userId":"6833436be5c16779b409aa42"}]}
2025-06-05 07:26:23 - Chat Groups - Found 8 groups
2025-06-05 07:26:25 - Chat Members - Project ID: 683ea38fb5ddbfc5b1066412
2025-06-05 07:26:25 - Chat Members - Found 1 supervisors and 0 team members
2025-06-05 07:26:27 - Chat Members - Project ID: 683ee98f2ac509172f01017b
2025-06-05 07:26:27 - Chat Members - Found 1 supervisors and 0 team members
2025-06-05 07:26:29 - Chat Members - Project ID: 683ea38fb5ddbfc5b1066412
2025-06-05 07:26:29 - Chat Members - Found 1 supervisors and 0 team members
2025-06-05 07:26:35 - Chat Members - Project ID: 683952c129e2e29768009ea2
2025-06-05 07:26:36 - Chat Members - Found 1 supervisors and 0 team members
2025-06-05 07:26:37 - Chat Members - Project ID: 6839534eb7804646190966c4
2025-06-05 07:26:37 - Chat Members - Found 1 supervisors and 0 team members
2025-06-05 07:26:39 - Chat Members - Project ID: 68394eca47b404fa420d1582
2025-06-05 07:26:39 - Chat Members - Found 1 supervisors and 0 team members
2025-06-05 07:26:40 - Chat Members - Project ID: 683998a151fcf55cdb026af4
2025-06-05 07:26:40 - Chat Members - Found 1 supervisors and 0 team members
2025-06-05 07:26:41 - Chat Members - Project ID: 683749cb11c7b33a5403b378
2025-06-05 07:26:41 - Chat Members - Found 1 supervisors and 0 team members
2025-06-05 07:26:43 - Chat Members - Project ID: 683ee98f2ac509172f01017b
2025-06-05 07:26:43 - Chat Members - Found 1 supervisors and 0 team members
2025-06-05 07:37:46 - Chat Groups - User ID: 6833436be5c16779b409aa42
2025-06-05 07:37:46 - Chat Groups - Filter: {"$or":[{"createdBy":"6833436be5c16779b409aa42"},{"createdBy.$oid":"6833436be5c16779b409aa42"},{"members":{"$elemMatch":{"userId":"6833436be5c16779b409aa42"}}},{"members":{"$elemMatch":{"userId.$oid":"6833436be5c16779b409aa42"}}},{"members.userId":"6833436be5c16779b409aa42"},{"members.userId.$oid":"6833436be5c16779b409aa42"},{"supervisor.userId.$oid":"6833436be5c16779b409aa42"},{"supervisor.userId":"6833436be5c16779b409aa42"}]}
2025-06-05 07:37:46 - Chat Groups - Found 8 groups
2025-06-05 07:43:37 - Chat Groups - User ID: 6833436be5c16779b409aa42
2025-06-05 07:43:37 - Chat Groups - Filter: {"$or":[{"createdBy":"6833436be5c16779b409aa42"},{"createdBy.$oid":"6833436be5c16779b409aa42"},{"members":{"$elemMatch":{"userId":"6833436be5c16779b409aa42"}}},{"members":{"$elemMatch":{"userId.$oid":"6833436be5c16779b409aa42"}}},{"members.userId":"6833436be5c16779b409aa42"},{"members.userId.$oid":"6833436be5c16779b409aa42"},{"supervisor.userId.$oid":"6833436be5c16779b409aa42"},{"supervisor.userId":"6833436be5c16779b409aa42"}]}
2025-06-05 07:43:37 - Chat Groups - Found 8 groups
2025-06-05 07:43:37 - Chat Members - Found 1 supervisors and 5 team members for project 683ee98f2ac509172f01017b
2025-06-05 07:43:43 - Chat Members - Found 1 supervisors and 1 team members for project 683ea38fb5ddbfc5b1066412
2025-06-05 07:43:46 - Chat Members - Found 1 supervisors and 2 team members for project 68394ff840726b25bd0d4d1c
2025-06-05 07:43:48 - Chat Members - Found 1 supervisors and 1 team members for project 683952c129e2e29768009ea2
2025-06-05 07:43:49 - Chat Members - Found 1 supervisors and 2 team members for project 6839534eb7804646190966c4
2025-06-05 07:43:50 - Chat Members - Found 1 supervisors and 1 team members for project 68394eca47b404fa420d1582
2025-06-05 07:43:54 - Chat Members - Found 1 supervisors and 2 team members for project 683998a151fcf55cdb026af4
2025-06-05 07:43:56 - Chat Members - Found 1 supervisors and 2 team members for project 683749cb11c7b33a5403b378
2025-06-05 07:44:00 - Chat Members - Found 1 supervisors and 5 team members for project 683ee98f2ac509172f01017b
2025-06-05 07:44:07 - Chat Members - Found 1 supervisors and 2 team members for project 683998a151fcf55cdb026af4
2025-06-05 07:44:14 - Chat Members - Found 1 supervisors and 1 team members for project 683ea38fb5ddbfc5b1066412
2025-06-05 07:44:16 - Chat Members - Found 1 supervisors and 2 team members for project 68394ff840726b25bd0d4d1c
2025-06-05 07:44:17 - Chat Members - Found 1 supervisors and 2 team members for project 6839534eb7804646190966c4
2025-06-05 07:44:18 - Chat Members - Found 1 supervisors and 1 team members for project 683952c129e2e29768009ea2
2025-06-05 07:44:19 - Chat Members - Found 1 supervisors and 2 team members for project 6839534eb7804646190966c4
2025-06-05 07:44:23 - Chat Members - Found 1 supervisors and 2 team members for project 683998a151fcf55cdb026af4
2025-06-05 07:44:25 - Chat Members - Found 1 supervisors and 2 team members for project 683749cb11c7b33a5403b378
2025-06-05 07:51:53 - Chat Groups - User ID: 6833436be5c16779b409aa42
2025-06-05 07:51:53 - Chat Groups - Filter: {"$or":[{"createdBy":"6833436be5c16779b409aa42"},{"createdBy.$oid":"6833436be5c16779b409aa42"},{"members":{"$elemMatch":{"userId":"6833436be5c16779b409aa42"}}},{"members":{"$elemMatch":{"userId.$oid":"6833436be5c16779b409aa42"}}},{"members.userId":"6833436be5c16779b409aa42"},{"members.userId.$oid":"6833436be5c16779b409aa42"},{"supervisor.userId.$oid":"6833436be5c16779b409aa42"},{"supervisor.userId":"6833436be5c16779b409aa42"}]}
2025-06-05 07:51:53 - Chat Groups - Found 8 groups
2025-06-05 07:51:53 - Fetch Project Members - Project ID: 683ee98f2ac509172f01017b, User ID: 6833436be5c16779b409aa42
2025-06-05 07:52:42 - Chat Groups - User ID: 6833436be5c16779b409aa42
2025-06-05 07:52:42 - Chat Groups - Filter: {"$or":[{"createdBy":"6833436be5c16779b409aa42"},{"createdBy.$oid":"6833436be5c16779b409aa42"},{"members":{"$elemMatch":{"userId":"6833436be5c16779b409aa42"}}},{"members":{"$elemMatch":{"userId.$oid":"6833436be5c16779b409aa42"}}},{"members.userId":"6833436be5c16779b409aa42"},{"members.userId.$oid":"6833436be5c16779b409aa42"},{"supervisor.userId.$oid":"6833436be5c16779b409aa42"},{"supervisor.userId":"6833436be5c16779b409aa42"}]}
2025-06-05 07:52:42 - Chat Groups - Found 8 groups
2025-06-05 07:52:42 - Fetch Project Members - Project ID: 683ee98f2ac509172f01017b, User ID: 6833436be5c16779b409aa42
2025-06-05 07:53:51 - Chat Groups - User ID: 6833436be5c16779b409aa42
2025-06-05 07:53:51 - Chat Groups - Filter: {"$or":[{"createdBy":"6833436be5c16779b409aa42"},{"createdBy.$oid":"6833436be5c16779b409aa42"},{"members":{"$elemMatch":{"userId":"6833436be5c16779b409aa42"}}},{"members":{"$elemMatch":{"userId.$oid":"6833436be5c16779b409aa42"}}},{"members.userId":"6833436be5c16779b409aa42"},{"members.userId.$oid":"6833436be5c16779b409aa42"},{"supervisor.userId.$oid":"6833436be5c16779b409aa42"},{"supervisor.userId":"6833436be5c16779b409aa42"}]}
2025-06-05 07:53:51 - Chat Groups - Found 8 groups
2025-06-05 07:53:51 - Fetch Project Members - Project ID: 683ee98f2ac509172f01017b, User ID: 6833436be5c16779b409aa42
2025-06-05 07:53:57 - Chat Groups - User ID: 6833436be5c16779b409aa42
2025-06-05 07:53:57 - Chat Groups - Filter: {"$or":[{"createdBy":"6833436be5c16779b409aa42"},{"createdBy.$oid":"6833436be5c16779b409aa42"},{"members":{"$elemMatch":{"userId":"6833436be5c16779b409aa42"}}},{"members":{"$elemMatch":{"userId.$oid":"6833436be5c16779b409aa42"}}},{"members.userId":"6833436be5c16779b409aa42"},{"members.userId.$oid":"6833436be5c16779b409aa42"},{"supervisor.userId.$oid":"6833436be5c16779b409aa42"},{"supervisor.userId":"6833436be5c16779b409aa42"}]}
2025-06-05 07:53:57 - Chat Groups - Found 8 groups
2025-06-05 07:53:58 - Fetch Project Members - Project ID: 683ee98f2ac509172f01017b, User ID: 6833436be5c16779b409aa42
2025-06-05 07:54:00 - Fetch Project Members - Project ID: 683ea38fb5ddbfc5b1066412, User ID: 6833436be5c16779b409aa42
2025-06-05 07:54:01 - Fetch Project Members - Project ID: 683ee98f2ac509172f01017b, User ID: 6833436be5c16779b409aa42
2025-06-05 07:54:12 - Chat Groups - User ID: 6833436be5c16779b409aa42
2025-06-05 07:54:12 - Chat Groups - Filter: {"$or":[{"createdBy":"6833436be5c16779b409aa42"},{"createdBy.$oid":"6833436be5c16779b409aa42"},{"members":{"$elemMatch":{"userId":"6833436be5c16779b409aa42"}}},{"members":{"$elemMatch":{"userId.$oid":"6833436be5c16779b409aa42"}}},{"members.userId":"6833436be5c16779b409aa42"},{"members.userId.$oid":"6833436be5c16779b409aa42"},{"supervisor.userId.$oid":"6833436be5c16779b409aa42"},{"supervisor.userId":"6833436be5c16779b409aa42"}]}
2025-06-05 07:54:13 - Chat Groups - Found 8 groups
2025-06-05 07:54:13 - Fetch Project Members - Project ID: 683ee98f2ac509172f01017b, User ID: 6833436be5c16779b409aa42
2025-06-05 07:54:32 - Chat Groups - User ID: 6833436be5c16779b409aa42
2025-06-05 07:54:32 - Chat Groups - Filter: {"$or":[{"createdBy":"6833436be5c16779b409aa42"},{"createdBy.$oid":"6833436be5c16779b409aa42"},{"members":{"$elemMatch":{"userId":"6833436be5c16779b409aa42"}}},{"members":{"$elemMatch":{"userId.$oid":"6833436be5c16779b409aa42"}}},{"members.userId":"6833436be5c16779b409aa42"},{"members.userId.$oid":"6833436be5c16779b409aa42"},{"supervisor.userId.$oid":"6833436be5c16779b409aa42"},{"supervisor.userId":"6833436be5c16779b409aa42"}]}
2025-06-05 07:54:32 - Chat Groups - Found 8 groups
2025-06-05 08:01:05 - Chat Groups - User ID: 6833436be5c16779b409aa42
2025-06-05 08:01:05 - Chat Groups - Filter: {"$or":[{"createdBy":"6833436be5c16779b409aa42"},{"createdBy.$oid":"6833436be5c16779b409aa42"},{"members":{"$elemMatch":{"userId":"6833436be5c16779b409aa42"}}},{"members":{"$elemMatch":{"userId.$oid":"6833436be5c16779b409aa42"}}},{"members.userId":"6833436be5c16779b409aa42"},{"members.userId.$oid":"6833436be5c16779b409aa42"},{"supervisor.userId.$oid":"6833436be5c16779b409aa42"},{"supervisor.userId":"6833436be5c16779b409aa42"}]}
2025-06-05 08:01:05 - Chat Groups - Found 8 groups
2025-06-05 08:01:54 - Chat Groups - User ID: 6833436be5c16779b409aa42
2025-06-05 08:01:54 - Chat Groups - Filter: {"$or":[{"createdBy":"6833436be5c16779b409aa42"},{"createdBy.$oid":"6833436be5c16779b409aa42"},{"members":{"$elemMatch":{"userId":"6833436be5c16779b409aa42"}}},{"members":{"$elemMatch":{"userId.$oid":"6833436be5c16779b409aa42"}}},{"members.userId":"6833436be5c16779b409aa42"},{"members.userId.$oid":"6833436be5c16779b409aa42"},{"supervisor.userId.$oid":"6833436be5c16779b409aa42"},{"supervisor.userId":"6833436be5c16779b409aa42"}]}
2025-06-05 08:01:55 - Chat Groups - Found 8 groups
2025-06-05 08:35:09 - Chat Groups - User ID: 6833436be5c16779b409aa42
2025-06-05 08:35:09 - Chat Groups - Filter: {"$or":[{"createdBy":"6833436be5c16779b409aa42"},{"createdBy.$oid":"6833436be5c16779b409aa42"},{"members":{"$elemMatch":{"userId":"6833436be5c16779b409aa42"}}},{"members":{"$elemMatch":{"userId.$oid":"6833436be5c16779b409aa42"}}},{"members.userId":"6833436be5c16779b409aa42"},{"members.userId.$oid":"6833436be5c16779b409aa42"},{"supervisor.userId.$oid":"6833436be5c16779b409aa42"},{"supervisor.userId":"6833436be5c16779b409aa42"}]}
2025-06-05 08:35:09 - Chat Groups - Found 8 groups
2025-06-05 08:35:09 - Project Members - Project ID: 683ee98f2ac509172f01017b
2025-06-05 08:35:09 - Project Members - Found supervisor and 0 members
2025-06-05 08:35:11 - Project Members - Project ID: 683ee98f2ac509172f01017b
2025-06-05 08:35:11 - Project Members - Found supervisor and 0 members
2025-06-05 08:35:13 - Project Members - Project ID: 683ea38fb5ddbfc5b1066412
2025-06-05 08:35:13 - Project Members - Found supervisor and 0 members
2025-06-05 08:35:14 - Project Members - Project ID: 68394ff840726b25bd0d4d1c
2025-06-05 08:35:14 - Project Members - Found supervisor and 0 members
2025-06-05 08:35:15 - Project Members - Project ID: 683952c129e2e29768009ea2
2025-06-05 08:35:15 - Project Members - Found supervisor and 0 members
2025-06-05 08:35:16 - Project Members - Project ID: 6839534eb7804646190966c4
2025-06-05 08:35:17 - Project Members - Found supervisor and 0 members
2025-06-05 08:35:19 - Project Members - Project ID: 683ee98f2ac509172f01017b
2025-06-05 08:35:19 - Project Members - Found supervisor and 0 members
2025-06-05 08:47:10 - Chat Groups - User ID: 6833436be5c16779b409aa42
2025-06-05 08:47:10 - Chat Groups - Filter: {"$or":[{"createdBy":"6833436be5c16779b409aa42"},{"createdBy.$oid":"6833436be5c16779b409aa42"},{"members":{"$elemMatch":{"userId":"6833436be5c16779b409aa42"}}},{"members":{"$elemMatch":{"userId.$oid":"6833436be5c16779b409aa42"}}},{"members.userId":"6833436be5c16779b409aa42"},{"members.userId.$oid":"6833436be5c16779b409aa42"},{"supervisor.userId.$oid":"6833436be5c16779b409aa42"},{"supervisor.userId":"6833436be5c16779b409aa42"}]}
2025-06-05 08:47:10 - Chat Groups - Found 8 groups
2025-06-05 08:48:02 - Chat Groups - User ID: 6833436be5c16779b409aa42
2025-06-05 08:48:02 - Chat Groups - Filter: {"$or":[{"createdBy":"6833436be5c16779b409aa42"},{"createdBy.$oid":"6833436be5c16779b409aa42"},{"members":{"$elemMatch":{"userId":"6833436be5c16779b409aa42"}}},{"members":{"$elemMatch":{"userId.$oid":"6833436be5c16779b409aa42"}}},{"members.userId":"6833436be5c16779b409aa42"},{"members.userId.$oid":"6833436be5c16779b409aa42"},{"supervisor.userId.$oid":"6833436be5c16779b409aa42"},{"supervisor.userId":"6833436be5c16779b409aa42"}]}
2025-06-05 08:48:02 - Chat Groups - Found 8 groups
2025-06-05 08:54:55 - Chat Groups - User ID: 6833436be5c16779b409aa42
2025-06-05 08:54:55 - Chat Groups - Filter: {"$or":[{"createdBy":"6833436be5c16779b409aa42"},{"createdBy.$oid":"6833436be5c16779b409aa42"},{"members":{"$elemMatch":{"userId":"6833436be5c16779b409aa42"}}},{"members":{"$elemMatch":{"userId.$oid":"6833436be5c16779b409aa42"}}},{"members.userId":"6833436be5c16779b409aa42"},{"members.userId.$oid":"6833436be5c16779b409aa42"},{"supervisor.userId.$oid":"6833436be5c16779b409aa42"},{"supervisor.userId":"6833436be5c16779b409aa42"}]}
2025-06-05 08:54:55 - Chat Groups - Found 8 groups
2025-06-05 08:58:07 - Chat Groups - User ID: 6833436be5c16779b409aa42
2025-06-05 08:58:07 - Chat Groups - Filter: {"$or":[{"createdBy":"6833436be5c16779b409aa42"},{"createdBy.$oid":"6833436be5c16779b409aa42"},{"members":{"$elemMatch":{"userId":"6833436be5c16779b409aa42"}}},{"members":{"$elemMatch":{"userId.$oid":"6833436be5c16779b409aa42"}}},{"members.userId":"6833436be5c16779b409aa42"},{"members.userId.$oid":"6833436be5c16779b409aa42"},{"supervisor.userId.$oid":"6833436be5c16779b409aa42"},{"supervisor.userId":"6833436be5c16779b409aa42"}]}
2025-06-05 08:58:07 - Chat Groups - Found 8 groups
2025-06-05 08:58:11 - Chat Groups - User ID: 6833436be5c16779b409aa42
2025-06-05 08:58:11 - Chat Groups - Filter: {"$or":[{"createdBy":"6833436be5c16779b409aa42"},{"createdBy.$oid":"6833436be5c16779b409aa42"},{"members":{"$elemMatch":{"userId":"6833436be5c16779b409aa42"}}},{"members":{"$elemMatch":{"userId.$oid":"6833436be5c16779b409aa42"}}},{"members.userId":"6833436be5c16779b409aa42"},{"members.userId.$oid":"6833436be5c16779b409aa42"},{"supervisor.userId.$oid":"6833436be5c16779b409aa42"},{"supervisor.userId":"6833436be5c16779b409aa42"}]}
2025-06-05 08:58:11 - Chat Groups - Found 8 groups
2025-06-05 09:04:15 - Chat Groups - User ID: 6833436be5c16779b409aa42
2025-06-05 09:04:15 - Chat Groups - Filter: {"$or":[{"createdBy":"6833436be5c16779b409aa42"},{"createdBy.$oid":"6833436be5c16779b409aa42"},{"members":{"$elemMatch":{"userId":"6833436be5c16779b409aa42"}}},{"members":{"$elemMatch":{"userId.$oid":"6833436be5c16779b409aa42"}}},{"members.userId":"6833436be5c16779b409aa42"},{"members.userId.$oid":"6833436be5c16779b409aa42"},{"supervisor.userId.$oid":"6833436be5c16779b409aa42"},{"supervisor.userId":"6833436be5c16779b409aa42"}]}
2025-06-05 09:04:15 - Chat Groups - Found 8 groups
2025-06-05 12:07:46 - Chat Groups - User ID: 6833436be5c16779b409aa42
2025-06-05 12:07:46 - Chat Groups - Filter: {"$or":[{"createdBy":"6833436be5c16779b409aa42"},{"createdBy.$oid":"6833436be5c16779b409aa42"},{"members":{"$elemMatch":{"userId":"6833436be5c16779b409aa42"}}},{"members":{"$elemMatch":{"userId.$oid":"6833436be5c16779b409aa42"}}},{"members.userId":"6833436be5c16779b409aa42"},{"members.userId.$oid":"6833436be5c16779b409aa42"},{"supervisor.userId.$oid":"6833436be5c16779b409aa42"},{"supervisor.userId":"6833436be5c16779b409aa42"}]}
2025-06-05 12:07:46 - Chat Groups - Found 8 groups
2025-06-05 12:08:28 - Chat Groups - User ID: 67e1a9f6ebb89e49e04ddf35
2025-06-05 12:08:28 - Chat Groups - Filter: {"$or":[{"createdBy":"67e1a9f6ebb89e49e04ddf35"},{"createdBy.$oid":"67e1a9f6ebb89e49e04ddf35"},{"members":{"$elemMatch":{"userId":"67e1a9f6ebb89e49e04ddf35"}}},{"members":{"$elemMatch":{"userId.$oid":"67e1a9f6ebb89e49e04ddf35"}}},{"members.userId":"67e1a9f6ebb89e49e04ddf35"},{"members.userId.$oid":"67e1a9f6ebb89e49e04ddf35"},{"supervisor.userId.$oid":"67e1a9f6ebb89e49e04ddf35"},{"supervisor.userId":"67e1a9f6ebb89e49e04ddf35"}]}
2025-06-05 12:08:29 - Chat Groups - Found 2 groups
2025-06-05 12:21:43 - Chat Groups - User ID: 6833436be5c16779b409aa42
2025-06-05 12:21:43 - Chat Groups - Filter: {"$or":[{"createdBy":"6833436be5c16779b409aa42"},{"createdBy.$oid":"6833436be5c16779b409aa42"},{"members":{"$elemMatch":{"userId":"6833436be5c16779b409aa42"}}},{"members":{"$elemMatch":{"userId.$oid":"6833436be5c16779b409aa42"}}},{"members.userId":"6833436be5c16779b409aa42"},{"members.userId.$oid":"6833436be5c16779b409aa42"},{"supervisor.userId.$oid":"6833436be5c16779b409aa42"},{"supervisor.userId":"6833436be5c16779b409aa42"}]}
2025-06-05 12:21:43 - Chat Groups - Found 8 groups
2025-06-05 12:21:44 - fetch_chat_messages.php - Request received
2025-06-05 12:21:44 - fetch_chat_messages.php - Found 0 messages
2025-06-05 12:21:47 - fetch_chat_messages.php - Request received
2025-06-05 12:21:47 - fetch_chat_messages.php - Found 0 messages
2025-06-05 12:21:48 - fetch_chat_messages.php - Request received
2025-06-05 12:21:48 - fetch_chat_messages.php - Found 0 messages
2025-06-05 12:21:54 - fetch_chat_messages.php - Request received
2025-06-05 12:21:54 - fetch_chat_messages.php - Found 0 messages
2025-06-05 12:21:59 - fetch_chat_messages.php - Request received
2025-06-05 12:21:59 - fetch_chat_messages.php - Found 0 messages
2025-06-05 12:22:04 - fetch_chat_messages.php - Request received
2025-06-05 12:22:04 - fetch_chat_messages.php - Found 0 messages
2025-06-05 12:22:09 - fetch_chat_messages.php - Request received
2025-06-05 12:22:10 - fetch_chat_messages.php - Found 0 messages
2025-06-05 12:22:15 - fetch_chat_messages.php - Request received
2025-06-05 12:22:15 - fetch_chat_messages.php - Found 0 messages
2025-06-05 12:22:20 - fetch_chat_messages.php - Request received
2025-06-05 12:22:20 - fetch_chat_messages.php - Found 0 messages
2025-06-05 12:22:25 - fetch_chat_messages.php - Request received
2025-06-05 12:22:25 - fetch_chat_messages.php - Found 0 messages
2025-06-05 12:22:26 - save_chat_message.php - Request received
2025-06-05 12:22:27 - save_chat_message.php - Message saved successfully: 68416fe2f50b4960af0633d4
2025-06-05 12:22:31 - fetch_chat_messages.php - Request received
2025-06-05 12:22:31 - fetch_chat_messages.php - Found 0 messages
2025-06-05 12:22:49 - Chat Groups - User ID: 67e1a9f6ebb89e49e04ddf35
2025-06-05 12:22:49 - Chat Groups - Filter: {"$or":[{"createdBy":"67e1a9f6ebb89e49e04ddf35"},{"createdBy.$oid":"67e1a9f6ebb89e49e04ddf35"},{"members":{"$elemMatch":{"userId":"67e1a9f6ebb89e49e04ddf35"}}},{"members":{"$elemMatch":{"userId.$oid":"67e1a9f6ebb89e49e04ddf35"}}},{"members.userId":"67e1a9f6ebb89e49e04ddf35"},{"members.userId.$oid":"67e1a9f6ebb89e49e04ddf35"},{"supervisor.userId.$oid":"67e1a9f6ebb89e49e04ddf35"},{"supervisor.userId":"67e1a9f6ebb89e49e04ddf35"}]}
2025-06-05 12:22:49 - Chat Groups - Found 2 groups
2025-06-05 12:22:49 - fetch_chat_messages.php - Request received
2025-06-05 12:22:49 - fetch_chat_messages.php - Found 1 messages
2025-06-05 12:22:54 - fetch_chat_messages.php - Request received
2025-06-05 12:22:55 - fetch_chat_messages.php - Found 0 messages
2025-06-05 12:22:58 - save_chat_message.php - Request received
2025-06-05 12:22:58 - save_chat_message.php - Message saved successfully: 68417002f50b4960af0633d5
2025-06-05 12:23:00 - fetch_chat_messages.php - Request received
2025-06-05 12:23:00 - fetch_chat_messages.php - Found 0 messages
2025-06-05 12:23:05 - fetch_chat_messages.php - Request received
2025-06-05 12:23:05 - fetch_chat_messages.php - Found 0 messages
2025-06-05 12:23:18 - Chat Groups - User ID: 6833436be5c16779b409aa42
2025-06-05 12:23:18 - Chat Groups - Filter: {"$or":[{"createdBy":"6833436be5c16779b409aa42"},{"createdBy.$oid":"6833436be5c16779b409aa42"},{"members":{"$elemMatch":{"userId":"6833436be5c16779b409aa42"}}},{"members":{"$elemMatch":{"userId.$oid":"6833436be5c16779b409aa42"}}},{"members.userId":"6833436be5c16779b409aa42"},{"members.userId.$oid":"6833436be5c16779b409aa42"},{"supervisor.userId.$oid":"6833436be5c16779b409aa42"},{"supervisor.userId":"6833436be5c16779b409aa42"}]}
2025-06-05 12:23:18 - Chat Groups - Found 8 groups
2025-06-05 12:23:18 - fetch_chat_messages.php - Request received
2025-06-05 12:23:19 - fetch_chat_messages.php - Found 2 messages
2025-06-05 12:23:24 - fetch_chat_messages.php - Request received
2025-06-05 12:23:24 - fetch_chat_messages.php - Found 0 messages
2025-06-05 12:23:29 - fetch_chat_messages.php - Request received
2025-06-05 12:23:29 - fetch_chat_messages.php - Found 0 messages
2025-06-05 12:23:34 - fetch_chat_messages.php - Request received
2025-06-05 12:23:35 - fetch_chat_messages.php - Found 0 messages
2025-06-05 12:23:40 - fetch_chat_messages.php - Request received
2025-06-05 12:23:40 - fetch_chat_messages.php - Found 0 messages
2025-06-05 12:23:45 - fetch_chat_messages.php - Request received
2025-06-05 12:23:45 - fetch_chat_messages.php - Found 0 messages
2025-06-05 12:23:50 - fetch_chat_messages.php - Request received
2025-06-05 12:23:50 - fetch_chat_messages.php - Found 0 messages
2025-06-05 12:23:56 - fetch_chat_messages.php - Request received
2025-06-05 12:23:56 - fetch_chat_messages.php - Found 0 messages
2025-06-05 12:24:01 - fetch_chat_messages.php - Request received
2025-06-05 12:24:01 - fetch_chat_messages.php - Found 0 messages
2025-06-05 12:24:06 - fetch_chat_messages.php - Request received
2025-06-05 12:24:06 - fetch_chat_messages.php - Found 0 messages
2025-06-05 12:24:12 - fetch_chat_messages.php - Request received
2025-06-05 12:24:12 - fetch_chat_messages.php - Found 0 messages
2025-06-05 12:24:18 - fetch_chat_messages.php - Request received
2025-06-05 12:24:18 - fetch_chat_messages.php - Found 0 messages
2025-06-05 12:24:24 - fetch_chat_messages.php - Request received
2025-06-05 12:24:24 - fetch_chat_messages.php - Found 0 messages
2025-06-05 12:24:30 - fetch_chat_messages.php - Request received
2025-06-05 12:24:30 - fetch_chat_messages.php - Found 0 messages
2025-06-05 12:24:36 - fetch_chat_messages.php - Request received
2025-06-05 12:24:36 - fetch_chat_messages.php - Found 0 messages
2025-06-05 12:24:42 - fetch_chat_messages.php - Request received
2025-06-05 12:24:42 - fetch_chat_messages.php - Found 0 messages
2025-06-05 12:24:48 - fetch_chat_messages.php - Request received
2025-06-05 12:24:48 - fetch_chat_messages.php - Found 0 messages
2025-06-05 12:24:54 - fetch_chat_messages.php - Request received
2025-06-05 12:24:54 - fetch_chat_messages.php - Found 0 messages
2025-06-05 12:25:00 - fetch_chat_messages.php - Request received
2025-06-05 12:25:00 - fetch_chat_messages.php - Found 0 messages
2025-06-05 12:25:06 - fetch_chat_messages.php - Request received
2025-06-05 12:25:06 - fetch_chat_messages.php - Found 0 messages
2025-06-05 12:25:12 - fetch_chat_messages.php - Request received
2025-06-05 12:25:12 - fetch_chat_messages.php - Found 0 messages
2025-06-05 12:25:18 - fetch_chat_messages.php - Request received
2025-06-05 12:25:18 - fetch_chat_messages.php - Found 0 messages
2025-06-05 12:25:24 - fetch_chat_messages.php - Request received
2025-06-05 12:25:24 - fetch_chat_messages.php - Found 0 messages
2025-06-05 12:25:30 - fetch_chat_messages.php - Request received
2025-06-05 12:25:30 - fetch_chat_messages.php - Found 0 messages
2025-06-05 12:25:36 - fetch_chat_messages.php - Request received
2025-06-05 12:25:36 - fetch_chat_messages.php - Found 0 messages
2025-06-05 12:25:42 - fetch_chat_messages.php - Request received
2025-06-05 12:25:42 - fetch_chat_messages.php - Found 0 messages
2025-06-05 12:28:41 - Chat Groups - User ID: 6833436be5c16779b409aa42
2025-06-05 12:28:41 - Chat Groups - Filter: {"$or":[{"createdBy":"6833436be5c16779b409aa42"},{"createdBy.$oid":"6833436be5c16779b409aa42"},{"members":{"$elemMatch":{"userId":"6833436be5c16779b409aa42"}}},{"members":{"$elemMatch":{"userId.$oid":"6833436be5c16779b409aa42"}}},{"members.userId":"6833436be5c16779b409aa42"},{"members.userId.$oid":"6833436be5c16779b409aa42"},{"supervisor.userId.$oid":"6833436be5c16779b409aa42"},{"supervisor.userId":"6833436be5c16779b409aa42"}]}
2025-06-05 12:28:41 - Chat Groups - Found 8 groups
2025-06-05 12:28:41 - fetch_chat_messages.php - Request received
2025-06-05 12:28:42 - fetch_chat_messages.php - Found 2 messages
2025-06-05 12:28:47 - fetch_chat_messages.php - Request received
2025-06-05 12:28:47 - fetch_chat_messages.php - Found 0 messages
2025-06-05 12:28:47 - save_chat_message.php - Request received
2025-06-05 12:28:47 - save_chat_message.php - Using name: Unknown User for user ID: 6833436be5c16779b409aa42
2025-06-05 12:28:48 - save_chat_message.php - Message saved successfully: 6841715fa47a1b0b480ea774
2025-06-05 12:28:52 - fetch_chat_messages.php - Request received
2025-06-05 12:28:52 - fetch_chat_messages.php - Found 0 messages
2025-06-05 12:28:57 - fetch_chat_messages.php - Request received
2025-06-05 12:28:58 - fetch_chat_messages.php - Found 0 messages
2025-06-05 12:29:03 - fetch_chat_messages.php - Request received
2025-06-05 12:29:03 - fetch_chat_messages.php - Found 0 messages
2025-06-05 12:29:08 - fetch_chat_messages.php - Request received
2025-06-05 12:29:08 - fetch_chat_messages.php - Found 0 messages
2025-06-05 12:29:13 - fetch_chat_messages.php - Request received
2025-06-05 12:29:14 - fetch_chat_messages.php - Found 0 messages
2025-06-05 12:29:19 - fetch_chat_messages.php - Request received
2025-06-05 12:29:19 - fetch_chat_messages.php - Found 0 messages
2025-06-05 12:29:25 - fetch_chat_messages.php - Request received
2025-06-05 12:29:25 - fetch_chat_messages.php - Found 0 messages
2025-06-05 12:29:31 - fetch_chat_messages.php - Request received
2025-06-05 12:29:31 - fetch_chat_messages.php - Found 0 messages
2025-06-05 12:29:37 - fetch_chat_messages.php - Request received
2025-06-05 12:29:37 - fetch_chat_messages.php - Found 0 messages
2025-06-05 12:29:43 - fetch_chat_messages.php - Request received
2025-06-05 12:29:43 - fetch_chat_messages.php - Found 0 messages
2025-06-05 12:29:49 - fetch_chat_messages.php - Request received
2025-06-05 12:29:49 - fetch_chat_messages.php - Found 0 messages
2025-06-05 12:29:55 - fetch_chat_messages.php - Request received
2025-06-05 12:29:55 - fetch_chat_messages.php - Found 0 messages
2025-06-05 12:30:01 - fetch_chat_messages.php - Request received
2025-06-05 12:30:01 - fetch_chat_messages.php - Found 0 messages
2025-06-05 12:30:07 - fetch_chat_messages.php - Request received
2025-06-05 12:30:07 - fetch_chat_messages.php - Found 0 messages
2025-06-05 12:30:13 - fetch_chat_messages.php - Request received
2025-06-05 12:30:13 - fetch_chat_messages.php - Found 0 messages
2025-06-05 12:30:19 - fetch_chat_messages.php - Request received
2025-06-05 12:30:19 - fetch_chat_messages.php - Found 0 messages
2025-06-05 12:30:25 - fetch_chat_messages.php - Request received
2025-06-05 12:30:25 - fetch_chat_messages.php - Found 0 messages
2025-06-05 12:30:31 - fetch_chat_messages.php - Request received
2025-06-05 12:30:31 - fetch_chat_messages.php - Found 0 messages
2025-06-05 12:30:37 - fetch_chat_messages.php - Request received
2025-06-05 12:30:37 - fetch_chat_messages.php - Found 0 messages
2025-06-05 12:30:43 - fetch_chat_messages.php - Request received
2025-06-05 12:30:43 - fetch_chat_messages.php - Found 0 messages
2025-06-05 12:30:49 - fetch_chat_messages.php - Request received
2025-06-05 12:30:49 - fetch_chat_messages.php - Found 0 messages
2025-06-05 12:30:55 - fetch_chat_messages.php - Request received
2025-06-05 12:30:55 - fetch_chat_messages.php - Found 0 messages
2025-06-05 12:31:01 - fetch_chat_messages.php - Request received
2025-06-05 12:31:01 - fetch_chat_messages.php - Found 0 messages
2025-06-05 12:31:07 - fetch_chat_messages.php - Request received
2025-06-05 12:31:07 - fetch_chat_messages.php - Found 0 messages
2025-06-05 12:31:13 - fetch_chat_messages.php - Request received
2025-06-05 12:31:13 - fetch_chat_messages.php - Found 0 messages
2025-06-05 12:31:19 - fetch_chat_messages.php - Request received
2025-06-05 12:31:19 - fetch_chat_messages.php - Found 0 messages
2025-06-05 12:31:25 - fetch_chat_messages.php - Request received
2025-06-05 12:31:25 - fetch_chat_messages.php - Found 0 messages
2025-06-05 12:31:31 - fetch_chat_messages.php - Request received
2025-06-05 12:31:31 - fetch_chat_messages.php - Found 0 messages
2025-06-05 12:31:37 - fetch_chat_messages.php - Request received
2025-06-05 12:31:37 - fetch_chat_messages.php - Found 0 messages
2025-06-05 12:31:43 - fetch_chat_messages.php - Request received
2025-06-05 12:31:43 - fetch_chat_messages.php - Found 0 messages
2025-06-05 12:31:49 - fetch_chat_messages.php - Request received
2025-06-05 12:31:49 - fetch_chat_messages.php - Found 0 messages
2025-06-05 12:31:55 - fetch_chat_messages.php - Request received
2025-06-05 12:31:55 - fetch_chat_messages.php - Found 0 messages
2025-06-05 12:32:01 - fetch_chat_messages.php - Request received
2025-06-05 12:32:01 - fetch_chat_messages.php - Found 0 messages
2025-06-05 12:32:07 - fetch_chat_messages.php - Request received
2025-06-05 12:32:07 - fetch_chat_messages.php - Found 0 messages
2025-06-05 12:32:13 - fetch_chat_messages.php - Request received
2025-06-05 12:32:13 - fetch_chat_messages.php - Found 0 messages
2025-06-05 12:32:19 - fetch_chat_messages.php - Request received
2025-06-05 12:32:19 - fetch_chat_messages.php - Found 0 messages
2025-06-05 12:32:25 - fetch_chat_messages.php - Request received
2025-06-05 12:32:25 - fetch_chat_messages.php - Found 0 messages
2025-06-05 12:32:31 - fetch_chat_messages.php - Request received
2025-06-05 12:32:31 - fetch_chat_messages.php - Found 0 messages
2025-06-05 12:32:37 - fetch_chat_messages.php - Request received
2025-06-05 12:32:37 - fetch_chat_messages.php - Found 0 messages
2025-06-05 12:32:43 - fetch_chat_messages.php - Request received
2025-06-05 12:32:43 - fetch_chat_messages.php - Found 0 messages
2025-06-05 12:32:49 - fetch_chat_messages.php - Request received
2025-06-05 12:32:49 - fetch_chat_messages.php - Found 0 messages
2025-06-05 12:32:55 - fetch_chat_messages.php - Request received
2025-06-05 12:32:55 - fetch_chat_messages.php - Found 0 messages
2025-06-05 12:33:01 - fetch_chat_messages.php - Request received
2025-06-05 12:33:01 - fetch_chat_messages.php - Found 0 messages
2025-06-05 12:33:07 - fetch_chat_messages.php - Request received
2025-06-05 12:33:07 - fetch_chat_messages.php - Found 0 messages
2025-06-05 12:33:13 - fetch_chat_messages.php - Request received
2025-06-05 12:33:13 - fetch_chat_messages.php - Found 0 messages
2025-06-05 12:33:19 - fetch_chat_messages.php - Request received
2025-06-05 12:33:19 - fetch_chat_messages.php - Found 0 messages
2025-06-05 12:33:25 - fetch_chat_messages.php - Request received
2025-06-05 12:33:25 - fetch_chat_messages.php - Found 0 messages
2025-06-05 12:33:31 - fetch_chat_messages.php - Request received
2025-06-05 12:33:31 - fetch_chat_messages.php - Found 0 messages
2025-06-05 12:33:37 - fetch_chat_messages.php - Request received
2025-06-05 12:33:37 - fetch_chat_messages.php - Found 0 messages
2025-06-05 12:33:43 - fetch_chat_messages.php - Request received
2025-06-05 12:33:43 - fetch_chat_messages.php - Found 0 messages
2025-06-05 12:33:49 - fetch_chat_messages.php - Request received
2025-06-05 12:33:49 - fetch_chat_messages.php - Found 0 messages
2025-06-05 12:33:55 - fetch_chat_messages.php - Request received
2025-06-05 12:33:55 - fetch_chat_messages.php - Found 0 messages
2025-06-05 12:34:01 - fetch_chat_messages.php - Request received
2025-06-05 12:34:01 - fetch_chat_messages.php - Found 0 messages
2025-06-05 12:34:07 - fetch_chat_messages.php - Request received
2025-06-05 12:34:07 - fetch_chat_messages.php - Found 0 messages
2025-06-05 12:34:13 - fetch_chat_messages.php - Request received
2025-06-05 12:34:13 - fetch_chat_messages.php - Found 0 messages
2025-06-05 12:34:19 - fetch_chat_messages.php - Request received
2025-06-05 12:34:19 - fetch_chat_messages.php - Found 0 messages
2025-06-05 12:34:25 - fetch_chat_messages.php - Request received
2025-06-05 12:34:25 - fetch_chat_messages.php - Found 0 messages
2025-06-05 12:34:31 - fetch_chat_messages.php - Request received
2025-06-05 12:34:31 - fetch_chat_messages.php - Found 0 messages
2025-06-05 12:34:38 - Chat Groups - User ID: 6833436be5c16779b409aa42
2025-06-05 12:34:38 - Chat Groups - Filter: {"$or":[{"createdBy":"6833436be5c16779b409aa42"},{"createdBy.$oid":"6833436be5c16779b409aa42"},{"members":{"$elemMatch":{"userId":"6833436be5c16779b409aa42"}}},{"members":{"$elemMatch":{"userId.$oid":"6833436be5c16779b409aa42"}}},{"members.userId":"6833436be5c16779b409aa42"},{"members.userId.$oid":"6833436be5c16779b409aa42"},{"supervisor.userId.$oid":"6833436be5c16779b409aa42"},{"supervisor.userId":"6833436be5c16779b409aa42"}]}
2025-06-05 12:34:38 - Chat Groups - Found 8 groups
2025-06-05 12:34:38 - fetch_chat_messages.php - Request received
2025-06-05 12:34:38 - fetch_chat_messages.php - Found 3 messages
2025-06-05 12:34:43 - fetch_chat_messages.php - Request received
2025-06-05 12:34:43 - fetch_chat_messages.php - Found 0 messages
2025-06-05 12:34:44 - save_chat_message.php - Request received
2025-06-05 12:34:44 - save_chat_message.php - Project ID: 683ee98f2ac509172f01017b, User ID: 6833436be5c16779b409aa42
2025-06-05 12:34:44 - save_chat_message.php - Using name: Unknown User for user ID: 6833436be5c16779b409aa42
2025-06-05 12:34:44 - save_chat_message.php - Message saved successfully: 684172c4a47a1b0b480ea775
2025-06-05 12:34:48 - fetch_chat_messages.php - Request received
2025-06-05 12:34:48 - fetch_chat_messages.php - Found 0 messages
2025-06-05 12:34:54 - fetch_chat_messages.php - Request received
2025-06-05 12:34:54 - fetch_chat_messages.php - Found 0 messages
2025-06-05 12:34:59 - fetch_chat_messages.php - Request received
2025-06-05 12:34:59 - fetch_chat_messages.php - Found 0 messages
2025-06-05 12:35:05 - fetch_chat_messages.php - Request received
2025-06-05 12:35:05 - fetch_chat_messages.php - Found 0 messages
2025-06-05 12:35:10 - fetch_chat_messages.php - Request received
2025-06-05 12:35:10 - fetch_chat_messages.php - Found 0 messages
2025-06-05 12:35:15 - fetch_chat_messages.php - Request received
2025-06-05 12:35:16 - fetch_chat_messages.php - Found 0 messages
2025-06-05 12:35:21 - fetch_chat_messages.php - Request received
2025-06-05 12:35:21 - fetch_chat_messages.php - Found 0 messages
2025-06-05 12:35:26 - fetch_chat_messages.php - Request received
2025-06-05 12:35:26 - fetch_chat_messages.php - Found 0 messages
2025-06-05 12:35:31 - fetch_chat_messages.php - Request received
2025-06-05 12:35:32 - fetch_chat_messages.php - Found 0 messages
2025-06-05 12:35:37 - fetch_chat_messages.php - Request received
2025-06-05 12:35:37 - fetch_chat_messages.php - Found 0 messages
2025-06-05 12:35:43 - fetch_chat_messages.php - Request received
2025-06-05 12:35:43 - fetch_chat_messages.php - Found 0 messages
2025-06-05 12:35:49 - fetch_chat_messages.php - Request received
2025-06-05 12:35:49 - fetch_chat_messages.php - Found 0 messages
2025-06-05 12:35:55 - fetch_chat_messages.php - Request received
2025-06-05 12:35:55 - fetch_chat_messages.php - Found 0 messages
2025-06-05 12:36:01 - fetch_chat_messages.php - Request received
2025-06-05 12:36:01 - fetch_chat_messages.php - Found 0 messages
2025-06-05 12:36:07 - fetch_chat_messages.php - Request received
2025-06-05 12:36:07 - fetch_chat_messages.php - Found 0 messages
2025-06-05 12:36:13 - fetch_chat_messages.php - Request received
2025-06-05 12:36:13 - fetch_chat_messages.php - Found 0 messages
2025-06-05 12:36:19 - fetch_chat_messages.php - Request received
2025-06-05 12:36:19 - fetch_chat_messages.php - Found 0 messages
2025-06-05 12:36:25 - fetch_chat_messages.php - Request received
2025-06-05 12:36:25 - fetch_chat_messages.php - Found 0 messages
2025-06-05 12:36:31 - fetch_chat_messages.php - Request received
2025-06-05 12:36:31 - fetch_chat_messages.php - Found 0 messages
2025-06-05 12:36:37 - fetch_chat_messages.php - Request received
2025-06-05 12:36:37 - fetch_chat_messages.php - Found 0 messages
2025-06-05 12:36:43 - fetch_chat_messages.php - Request received
2025-06-05 12:36:43 - fetch_chat_messages.php - Found 0 messages
2025-06-05 12:36:49 - fetch_chat_messages.php - Request received
2025-06-05 12:36:49 - fetch_chat_messages.php - Found 0 messages
2025-06-05 12:36:55 - fetch_chat_messages.php - Request received
2025-06-05 12:36:55 - fetch_chat_messages.php - Found 0 messages
2025-06-05 12:37:01 - fetch_chat_messages.php - Request received
2025-06-05 12:37:01 - fetch_chat_messages.php - Found 0 messages
2025-06-05 12:37:07 - fetch_chat_messages.php - Request received
2025-06-05 12:37:07 - fetch_chat_messages.php - Found 0 messages
2025-06-05 12:37:13 - fetch_chat_messages.php - Request received
2025-06-05 12:37:13 - fetch_chat_messages.php - Found 0 messages
2025-06-05 12:37:19 - fetch_chat_messages.php - Request received
2025-06-05 12:37:19 - fetch_chat_messages.php - Found 0 messages
2025-06-05 12:37:25 - fetch_chat_messages.php - Request received
2025-06-05 12:37:25 - fetch_chat_messages.php - Found 0 messages
2025-06-05 12:37:31 - fetch_chat_messages.php - Request received
2025-06-05 12:37:31 - fetch_chat_messages.php - Found 0 messages
2025-06-05 12:37:37 - fetch_chat_messages.php - Request received
2025-06-05 12:37:37 - fetch_chat_messages.php - Found 0 messages
2025-06-05 12:37:43 - fetch_chat_messages.php - Request received
2025-06-05 12:37:43 - fetch_chat_messages.php - Found 0 messages
2025-06-05 12:37:49 - fetch_chat_messages.php - Request received
2025-06-05 12:37:49 - fetch_chat_messages.php - Found 0 messages
2025-06-05 12:37:55 - fetch_chat_messages.php - Request received
2025-06-05 12:37:55 - fetch_chat_messages.php - Found 0 messages
2025-06-05 12:38:01 - fetch_chat_messages.php - Request received
2025-06-05 12:38:01 - fetch_chat_messages.php - Found 0 messages
2025-06-05 12:38:07 - fetch_chat_messages.php - Request received
2025-06-05 12:38:07 - fetch_chat_messages.php - Found 0 messages
2025-06-05 12:38:13 - fetch_chat_messages.php - Request received
2025-06-05 12:38:13 - fetch_chat_messages.php - Found 0 messages
2025-06-05 12:38:19 - fetch_chat_messages.php - Request received
2025-06-05 12:38:19 - fetch_chat_messages.php - Found 0 messages
2025-06-05 12:38:25 - fetch_chat_messages.php - Request received
2025-06-05 12:38:25 - fetch_chat_messages.php - Found 0 messages
2025-06-05 12:38:31 - fetch_chat_messages.php - Request received
2025-06-05 12:38:31 - fetch_chat_messages.php - Found 0 messages
2025-06-05 12:38:37 - fetch_chat_messages.php - Request received
2025-06-05 12:38:37 - fetch_chat_messages.php - Found 0 messages
2025-06-05 12:38:43 - fetch_chat_messages.php - Request received
2025-06-05 12:38:43 - fetch_chat_messages.php - Found 0 messages
2025-06-05 12:38:49 - fetch_chat_messages.php - Request received
2025-06-05 12:38:49 - fetch_chat_messages.php - Found 0 messages
2025-06-05 12:38:55 - fetch_chat_messages.php - Request received
2025-06-05 12:38:55 - fetch_chat_messages.php - Found 0 messages
2025-06-05 12:39:01 - fetch_chat_messages.php - Request received
2025-06-05 12:39:01 - fetch_chat_messages.php - Found 0 messages
2025-06-05 12:39:07 - fetch_chat_messages.php - Request received
2025-06-05 12:39:07 - fetch_chat_messages.php - Found 0 messages
2025-06-05 12:39:13 - fetch_chat_messages.php - Request received
2025-06-05 12:39:13 - fetch_chat_messages.php - Found 0 messages
2025-06-05 12:39:19 - fetch_chat_messages.php - Request received
2025-06-05 12:39:19 - fetch_chat_messages.php - Found 0 messages
2025-06-05 12:39:25 - fetch_chat_messages.php - Request received
2025-06-05 12:39:25 - fetch_chat_messages.php - Found 0 messages
2025-06-05 12:39:31 - fetch_chat_messages.php - Request received
2025-06-05 12:39:31 - fetch_chat_messages.php - Found 0 messages
2025-06-05 12:39:38 - Chat Groups - User ID: 6833436be5c16779b409aa42
2025-06-05 12:39:38 - Chat Groups - Filter: {"$or":[{"createdBy":"6833436be5c16779b409aa42"},{"createdBy.$oid":"6833436be5c16779b409aa42"},{"members":{"$elemMatch":{"userId":"6833436be5c16779b409aa42"}}},{"members":{"$elemMatch":{"userId.$oid":"6833436be5c16779b409aa42"}}},{"members.userId":"6833436be5c16779b409aa42"},{"members.userId.$oid":"6833436be5c16779b409aa42"},{"supervisor.userId.$oid":"6833436be5c16779b409aa42"},{"supervisor.userId":"6833436be5c16779b409aa42"}]}
2025-06-05 12:39:38 - Chat Groups - Found 8 groups
2025-06-05 12:39:38 - fetch_chat_messages.php - Request received
2025-06-05 12:39:38 - fetch_chat_messages.php - Found 4 messages
2025-06-05 12:39:43 - fetch_chat_messages.php - Request received
2025-06-05 12:39:43 - fetch_chat_messages.php - Found 0 messages
2025-06-05 12:39:43 - save_chat_message.php - Request received
2025-06-05 12:39:44 - save_chat_message.php - Project data: {"_id":{"$oid":"683ee98f2ac509172f01017b"},"title":"chat test","abstract":"chat test","description":"chat test","field":"Computer Science","keywords":["Blockchain"],"institution":"United International University","createdAt":{"$date":{"$numberLong":"1748953487627"}},"updatedAt":{"$date":{"$numberLong":"1748953487627"}},"privacy":0,"members":[{"name":"Samin yeaser khan","role":"Creator","contribution":100,"userId":{"$oid":"6833436be5c16779b409aa42"}},{"name":"Sadia Akter","role":"Author","contribution":0,"userId":{"$oid":"6656d4b4f7e5b8c9a0a1b2c8"}},{"name":"Imran Hasan","role":"Author","contribution":0,"userId":{"$oid":"6656d4b4f7e5b8c9a0a1b2c9"}},{"name":"Zayan Ahmed","role":"Author","contribution":0,"userId":{"$oid":"6656d4b4f7e5b8c9a0a1b2c5"}},{"name":"Tanvir Hossain","role":"Author","contribution":0,"userId":{"$oid":"6656d4b4f7e5b8c9a0a1b2cb"}}],"timeline":[{"title":"","description":"","date":"2025-06-03","status":"Planned"},{"title":"","description":"","date":"2025-06-03","status":"Planned"},{"title":"","description":"","date":"2025-06-03","status":"Planned"},{"title":"","description":"","date":"2025-06-03","status":"Planned"}],"supervisor":{"userId":{"$oid":"67e1a9f6ebb89e49e04ddf35"},"name":"Dr. Md. Nomani Kabir","role":"Supervisor","email":"kabir@cse.uiu.ac.bd"},"links":{"github":"https:\/\/github.com\/example\/project14","website":"https:\/\/blockchain-supply-chain.example.com","paper":"https:\/\/example.com\/papers\/blockchain-supply-chain.pdf","doi":"https:\/\/doi.org\/example\/project14","youtube":"https:\/\/youtube.com\/watch?v=example14"},"stats":{"views":1,"downloads":0,"favorites":0},"comments":[],"createdBy":"6833436be5c16779b409aa42"}
2025-06-05 12:39:44 - save_chat_message.php - User ID: 6833436be5c16779b409aa42 (looking for this ID)
2025-06-05 12:39:44 - save_chat_message.php - Project ID: 683ee98f2ac509172f01017b, User ID: 6833436be5c16779b409aa42
2025-06-05 12:39:44 - save_chat_message.php - Using hard-coded name as last resort: Samin yeaser khan
2025-06-05 12:39:44 - save_chat_message.php - Using name: Samin yeaser khan for user ID: 6833436be5c16779b409aa42
2025-06-05 12:39:44 - save_chat_message.php - Message saved successfully: 684173f0a47a1b0b480ea776
2025-06-05 12:39:44 - save_chat_message.php - FOCUSED DEBUG: Looking at specific project and user
2025-06-05 12:39:44 - save_chat_message.php - Inspecting user object directly...
2025-06-05 12:39:44 - save_chat_message.php - Direct user lookup successful: {"_id":{"$oid":"6833436be5c16779b409aa42"},"basic_info":{"name":"Samin yeaser khan","profile_image_url":"uploads\/profile_images\/profile_6833436be5c16779b409aa42_1748502587.jpg"},"contact_info":{"primary_email":"www.mayen017@gmail.com"},"academic_info":{"student_id_components":{"program_name":"B.Sc. in Computer Science and Engineering","program_code":"","admission_year":"","admission_trimester":"","serial_number":""},"student_id":"011222150","department":"Computer Science and Engineering","faculty":"School of Science & Engineering","current_status":"Active","enrollment_date":{"$date":{"$numberLong":"1654812000000"}},"expected_graduation_date":{"$date":{"$numberLong":"1790632800000"}},"current_year_trimester":"3rd Year, Summer Trimester","cgpa":3.7,"current_degree_info":{"degree_level":"Bachelor's","degree_name":"B.Sc. in Computer Science and Engineering","institution_name":"United International University","major_field_of_study":"Data Science","start_date":{"$date":{"$numberLong":"1654812000000"}}},"thesis_info":null},"university_research_profile":{"research_interests":["AI","Machine Learning","Data Science"],"skills_expertise":["JavaScript","Python","HTML","CSS"],"university_publications":[],"university_projects":[]},"platform_settings":{"user_role":"student","account_creation_date":{"$date":{"$numberLong":"1748502587582"}},"last_updated_date":{"$date":{"$numberLong":"1748781177375"}}},"learning_resources":[{"title":"test","url":"https:\/\/www.youtube.com","category":"Data Science","type":"Video","description":""},{"title":"test 2","url":"https:\/\/www.youtube.com","category":"Research Methods","type":"Course","description":""}]}
2025-06-05 12:39:48 - fetch_chat_messages.php - Request received
2025-06-05 12:39:49 - fetch_chat_messages.php - Found 0 messages
2025-06-05 12:39:54 - fetch_chat_messages.php - Request received
2025-06-05 12:39:54 - fetch_chat_messages.php - Found 0 messages
2025-06-05 12:40:10 - Chat Groups - User ID: 67e1a9f6ebb89e49e04ddf35
2025-06-05 12:40:10 - Chat Groups - Filter: {"$or":[{"createdBy":"67e1a9f6ebb89e49e04ddf35"},{"createdBy.$oid":"67e1a9f6ebb89e49e04ddf35"},{"members":{"$elemMatch":{"userId":"67e1a9f6ebb89e49e04ddf35"}}},{"members":{"$elemMatch":{"userId.$oid":"67e1a9f6ebb89e49e04ddf35"}}},{"members.userId":"67e1a9f6ebb89e49e04ddf35"},{"members.userId.$oid":"67e1a9f6ebb89e49e04ddf35"},{"supervisor.userId.$oid":"67e1a9f6ebb89e49e04ddf35"},{"supervisor.userId":"67e1a9f6ebb89e49e04ddf35"}]}
2025-06-05 12:40:10 - Chat Groups - Found 2 groups
2025-06-05 12:40:10 - fetch_chat_messages.php - Request received
2025-06-05 12:40:10 - fetch_chat_messages.php - Found 5 messages
2025-06-05 12:40:16 - fetch_chat_messages.php - Request received
2025-06-05 12:40:16 - fetch_chat_messages.php - Found 0 messages
2025-06-05 12:40:21 - fetch_chat_messages.php - Request received
2025-06-05 12:40:21 - fetch_chat_messages.php - Found 0 messages
2025-06-05 12:40:26 - fetch_chat_messages.php - Request received
2025-06-05 12:40:27 - fetch_chat_messages.php - Found 0 messages
2025-06-05 12:40:32 - fetch_chat_messages.php - Request received
2025-06-05 12:40:32 - fetch_chat_messages.php - Found 0 messages
2025-06-05 12:40:37 - fetch_chat_messages.php - Request received
2025-06-05 12:40:37 - fetch_chat_messages.php - Found 0 messages
2025-06-05 12:40:39 - save_chat_message.php - Request received
2025-06-05 12:40:40 - save_chat_message.php - Project data: {"_id":{"$oid":"683ee98f2ac509172f01017b"},"title":"chat test","abstract":"chat test","description":"chat test","field":"Computer Science","keywords":["Blockchain"],"institution":"United International University","createdAt":{"$date":{"$numberLong":"1748953487627"}},"updatedAt":{"$date":{"$numberLong":"1748953487627"}},"privacy":0,"members":[{"name":"Samin yeaser khan","role":"Creator","contribution":100,"userId":{"$oid":"6833436be5c16779b409aa42"}},{"name":"Sadia Akter","role":"Author","contribution":0,"userId":{"$oid":"6656d4b4f7e5b8c9a0a1b2c8"}},{"name":"Imran Hasan","role":"Author","contribution":0,"userId":{"$oid":"6656d4b4f7e5b8c9a0a1b2c9"}},{"name":"Zayan Ahmed","role":"Author","contribution":0,"userId":{"$oid":"6656d4b4f7e5b8c9a0a1b2c5"}},{"name":"Tanvir Hossain","role":"Author","contribution":0,"userId":{"$oid":"6656d4b4f7e5b8c9a0a1b2cb"}}],"timeline":[{"title":"","description":"","date":"2025-06-03","status":"Planned"},{"title":"","description":"","date":"2025-06-03","status":"Planned"},{"title":"","description":"","date":"2025-06-03","status":"Planned"},{"title":"","description":"","date":"2025-06-03","status":"Planned"}],"supervisor":{"userId":{"$oid":"67e1a9f6ebb89e49e04ddf35"},"name":"Dr. Md. Nomani Kabir","role":"Supervisor","email":"kabir@cse.uiu.ac.bd"},"links":{"github":"https:\/\/github.com\/example\/project14","website":"https:\/\/blockchain-supply-chain.example.com","paper":"https:\/\/example.com\/papers\/blockchain-supply-chain.pdf","doi":"https:\/\/doi.org\/example\/project14","youtube":"https:\/\/youtube.com\/watch?v=example14"},"stats":{"views":1,"downloads":0,"favorites":0},"comments":[],"createdBy":"6833436be5c16779b409aa42"}
2025-06-05 12:40:40 - save_chat_message.php - User ID: 67e1a9f6ebb89e49e04ddf35 (looking for this ID)
2025-06-05 12:40:40 - save_chat_message.php - Project ID: 683ee98f2ac509172f01017b, User ID: 67e1a9f6ebb89e49e04ddf35
2025-06-05 12:40:40 - save_chat_message.php - Using name: Dr. Md. Nomani Kabir for user ID: 67e1a9f6ebb89e49e04ddf35
2025-06-05 12:40:40 - save_chat_message.php - Message saved successfully: 68417428a47a1b0b480ea777
2025-06-05 12:40:42 - fetch_chat_messages.php - Request received
2025-06-05 12:40:43 - fetch_chat_messages.php - Found 0 messages
2025-06-05 12:40:48 - fetch_chat_messages.php - Request received
2025-06-05 12:40:48 - fetch_chat_messages.php - Found 0 messages
2025-06-05 12:40:53 - fetch_chat_messages.php - Request received
2025-06-05 12:40:53 - fetch_chat_messages.php - Found 0 messages
2025-06-05 12:41:30 - Chat Groups - User ID: 6656d4b4f7e5b8c9a0a1b2c8
2025-06-05 12:41:30 - Chat Groups - Filter: {"$or":[{"createdBy":"6656d4b4f7e5b8c9a0a1b2c8"},{"createdBy.$oid":"6656d4b4f7e5b8c9a0a1b2c8"},{"members":{"$elemMatch":{"userId":"6656d4b4f7e5b8c9a0a1b2c8"}}},{"members":{"$elemMatch":{"userId.$oid":"6656d4b4f7e5b8c9a0a1b2c8"}}},{"members.userId":"6656d4b4f7e5b8c9a0a1b2c8"},{"members.userId.$oid":"6656d4b4f7e5b8c9a0a1b2c8"},{"supervisor.userId.$oid":"6656d4b4f7e5b8c9a0a1b2c8"},{"supervisor.userId":"6656d4b4f7e5b8c9a0a1b2c8"}]}
2025-06-05 12:41:30 - Chat Groups - Found 2 groups
2025-06-05 12:41:30 - fetch_chat_messages.php - Request received
2025-06-05 12:41:30 - fetch_chat_messages.php - Found 6 messages
2025-06-05 12:41:35 - fetch_chat_messages.php - Request received
2025-06-05 12:41:36 - fetch_chat_messages.php - Found 0 messages
2025-06-05 12:41:41 - fetch_chat_messages.php - Request received
2025-06-05 12:41:41 - fetch_chat_messages.php - Found 0 messages
2025-06-05 12:41:44 - save_chat_message.php - Request received
2025-06-05 12:41:44 - save_chat_message.php - Project data: {"_id":{"$oid":"683ee98f2ac509172f01017b"},"title":"chat test","abstract":"chat test","description":"chat test","field":"Computer Science","keywords":["Blockchain"],"institution":"United International University","createdAt":{"$date":{"$numberLong":"1748953487627"}},"updatedAt":{"$date":{"$numberLong":"1748953487627"}},"privacy":0,"members":[{"name":"Samin yeaser khan","role":"Creator","contribution":100,"userId":{"$oid":"6833436be5c16779b409aa42"}},{"name":"Sadia Akter","role":"Author","contribution":0,"userId":{"$oid":"6656d4b4f7e5b8c9a0a1b2c8"}},{"name":"Imran Hasan","role":"Author","contribution":0,"userId":{"$oid":"6656d4b4f7e5b8c9a0a1b2c9"}},{"name":"Zayan Ahmed","role":"Author","contribution":0,"userId":{"$oid":"6656d4b4f7e5b8c9a0a1b2c5"}},{"name":"Tanvir Hossain","role":"Author","contribution":0,"userId":{"$oid":"6656d4b4f7e5b8c9a0a1b2cb"}}],"timeline":[{"title":"","description":"","date":"2025-06-03","status":"Planned"},{"title":"","description":"","date":"2025-06-03","status":"Planned"},{"title":"","description":"","date":"2025-06-03","status":"Planned"},{"title":"","description":"","date":"2025-06-03","status":"Planned"}],"supervisor":{"userId":{"$oid":"67e1a9f6ebb89e49e04ddf35"},"name":"Dr. Md. Nomani Kabir","role":"Supervisor","email":"kabir@cse.uiu.ac.bd"},"links":{"github":"https:\/\/github.com\/example\/project14","website":"https:\/\/blockchain-supply-chain.example.com","paper":"https:\/\/example.com\/papers\/blockchain-supply-chain.pdf","doi":"https:\/\/doi.org\/example\/project14","youtube":"https:\/\/youtube.com\/watch?v=example14"},"stats":{"views":1,"downloads":0,"favorites":0},"comments":[],"createdBy":"6833436be5c16779b409aa42"}
2025-06-05 12:41:44 - save_chat_message.php - User ID: 6656d4b4f7e5b8c9a0a1b2c8 (looking for this ID)
2025-06-05 12:41:44 - save_chat_message.php - Project ID: 683ee98f2ac509172f01017b, User ID: 6656d4b4f7e5b8c9a0a1b2c8
2025-06-05 12:48:58 - Chat Groups - User ID: 6656d4b4f7e5b8c9a0a1b2c8
2025-06-05 12:48:58 - Chat Groups - Filter: {"$or":[{"createdBy":"6656d4b4f7e5b8c9a0a1b2c8"},{"createdBy.$oid":"6656d4b4f7e5b8c9a0a1b2c8"},{"members":{"$elemMatch":{"userId":"6656d4b4f7e5b8c9a0a1b2c8"}}},{"members":{"$elemMatch":{"userId.$oid":"6656d4b4f7e5b8c9a0a1b2c8"}}},{"members.userId":"6656d4b4f7e5b8c9a0a1b2c8"},{"members.userId.$oid":"6656d4b4f7e5b8c9a0a1b2c8"},{"supervisor.userId.$oid":"6656d4b4f7e5b8c9a0a1b2c8"},{"supervisor.userId":"6656d4b4f7e5b8c9a0a1b2c8"}]}
2025-06-05 12:48:58 - Chat Groups - Found 2 groups
2025-06-05 12:48:58 - fetch_chat_messages.php - Request received
2025-06-05 12:48:59 - fetch_chat_messages.php - Found 6 messages
2025-06-05 12:49:02 - save_chat_message.php - Request received
2025-06-05 12:49:02 - save_chat_message.php - SESSION: {"logged_in":true,"user_type":"student","username":"Sadia Akter","profile_pic":"uploads\\profile_images\\user_avater.png","email":"sadia.bscse@university.edu","user_data":{"_id":{"$oid":"6656d4b4f7e5b8c9a0a1b2c8"},"basic_info":{"name":"Sadia Akter","profile_image_url":"uploads\\profile_images\\user_avater.png"},"contact_info":{"primary_email":"sadia.bscse@university.edu"},"academic_info":{"student_id_components":{"program_name":"Bachelor of Science in Computer Science & Engineering","program_code":"011","admission_year":"23","admission_trimester":"3","serial_number":"0022"},"student_id":"0112330022","department":"Computer Science and Engineering","faculty":"School of Science & Engineering","current_status":"Active","enrollment_date":{"$date":{"$numberLong":"1693526400000"}},"expected_graduation_date":{"$date":{"$numberLong":"1819756800000"}},"current_year_trimester":"2nd Year, Fall Trimester","cgpa":3.8,"current_degree_info":{"degree_level":"Bachelor's","degree_name":"B.Sc. in Computer Science and Engineering","institution_name":"United International University","major_field_of_study":"Software Engineering","start_date":{"$date":{"$numberLong":"1693526400000"}}},"thesis_info":null},"university_research_profile":{"research_interests":["Software Development","Web Technologies","AI Ethics"],"skills_expertise":["JavaScript","React","Node.js","MongoDB"],"university_publications":[],"university_projects":[]},"platform_settings":{"user_role":"student","account_creation_date":{"$date":{"$numberLong":"1693180800000"}},"last_updated_date":{"$date":{"$numberLong":"1746057600000"}}}},"user_id":"6656d4b4f7e5b8c9a0a1b2c8"}
2025-06-05 12:49:02 - save_chat_message.php - Found user_id: 6656d4b4f7e5b8c9a0a1b2c8
2025-06-05 12:49:03 - save_chat_message.php - Project data: {"_id":{"$oid":"683ee98f2ac509172f01017b"},"title":"chat test","abstract":"chat test","description":"chat test","field":"Computer Science","keywords":["Blockchain"],"institution":"United International University","createdAt":{"$date":{"$numberLong":"1748953487627"}},"updatedAt":{"$date":{"$numberLong":"1748953487627"}},"privacy":0,"members":[{"name":"Samin yeaser khan","role":"Creator","contribution":100,"userId":{"$oid":"6833436be5c16779b409aa42"}},{"name":"Sadia Akter","role":"Author","contribution":0,"userId":{"$oid":"6656d4b4f7e5b8c9a0a1b2c8"}},{"name":"Imran Hasan","role":"Author","contribution":0,"userId":{"$oid":"6656d4b4f7e5b8c9a0a1b2c9"}},{"name":"Zayan Ahmed","role":"Author","contribution":0,"userId":{"$oid":"6656d4b4f7e5b8c9a0a1b2c5"}},{"name":"Tanvir Hossain","role":"Author","contribution":0,"userId":{"$oid":"6656d4b4f7e5b8c9a0a1b2cb"}}],"timeline":[{"title":"","description":"","date":"2025-06-03","status":"Planned"},{"title":"","description":"","date":"2025-06-03","status":"Planned"},{"title":"","description":"","date":"2025-06-03","status":"Planned"},{"title":"","description":"","date":"2025-06-03","status":"Planned"}],"supervisor":{"userId":{"$oid":"67e1a9f6ebb89e49e04ddf35"},"name":"Dr. Md. Nomani Kabir","role":"Supervisor","email":"kabir@cse.uiu.ac.bd"},"links":{"github":"https:\/\/github.com\/example\/project14","website":"https:\/\/blockchain-supply-chain.example.com","paper":"https:\/\/example.com\/papers\/blockchain-supply-chain.pdf","doi":"https:\/\/doi.org\/example\/project14","youtube":"https:\/\/youtube.com\/watch?v=example14"},"stats":{"views":1,"downloads":0,"favorites":0},"comments":[],"createdBy":"6833436be5c16779b409aa42"}
2025-06-05 12:49:03 - save_chat_message.php - User ID: 6656d4b4f7e5b8c9a0a1b2c8 (looking for this ID)
2025-06-05 12:49:03 - save_chat_message.php - Project ID: 683ee98f2ac509172f01017b, User ID: 6656d4b4f7e5b8c9a0a1b2c8
2025-06-05 12:49:03 - save_chat_message.php - Performing membership check for user ID: 6656d4b4f7e5b8c9a0a1b2c8
2025-06-05 12:49:03 - save_chat_message.php - Access denied: User is not a member
2025-06-05 12:49:07 - fetch_chat_messages.php - Request received
2025-06-05 12:49:08 - fetch_chat_messages.php - Found 0 messages
2025-06-05 12:49:13 - fetch_chat_messages.php - Request received
2025-06-05 12:49:13 - fetch_chat_messages.php - Found 0 messages
2025-06-05 12:49:19 - fetch_chat_messages.php - Request received
2025-06-05 12:49:19 - fetch_chat_messages.php - Found 0 messages
2025-06-05 12:49:25 - fetch_chat_messages.php - Request received
2025-06-05 12:49:25 - fetch_chat_messages.php - Found 0 messages
2025-06-05 12:49:31 - fetch_chat_messages.php - Request received
2025-06-05 12:49:31 - fetch_chat_messages.php - Found 0 messages
2025-06-05 12:49:37 - fetch_chat_messages.php - Request received
2025-06-05 12:49:37 - fetch_chat_messages.php - Found 0 messages
2025-06-05 12:49:43 - fetch_chat_messages.php - Request received
2025-06-05 12:49:43 - fetch_chat_messages.php - Found 0 messages
2025-06-05 12:49:49 - fetch_chat_messages.php - Request received
2025-06-05 12:49:49 - fetch_chat_messages.php - Found 0 messages
2025-06-05 12:49:55 - fetch_chat_messages.php - Request received
2025-06-05 12:49:55 - fetch_chat_messages.php - Found 0 messages
2025-06-05 12:50:01 - fetch_chat_messages.php - Request received
2025-06-05 12:50:01 - fetch_chat_messages.php - Found 0 messages
2025-06-05 12:50:07 - fetch_chat_messages.php - Request received
2025-06-05 12:50:07 - fetch_chat_messages.php - Found 0 messages
2025-06-05 12:50:13 - fetch_chat_messages.php - Request received
2025-06-05 12:50:13 - fetch_chat_messages.php - Found 0 messages
2025-06-05 12:50:19 - fetch_chat_messages.php - Request received
2025-06-05 12:50:19 - fetch_chat_messages.php - Found 0 messages
2025-06-05 12:50:25 - fetch_chat_messages.php - Request received
2025-06-05 12:50:25 - fetch_chat_messages.php - Found 0 messages
2025-06-05 12:50:31 - fetch_chat_messages.php - Request received
2025-06-05 12:50:31 - fetch_chat_messages.php - Found 0 messages
2025-06-05 12:50:37 - fetch_chat_messages.php - Request received
2025-06-05 12:50:37 - fetch_chat_messages.php - Found 0 messages
2025-06-05 12:50:43 - fetch_chat_messages.php - Request received
2025-06-05 12:50:43 - fetch_chat_messages.php - Found 0 messages
2025-06-05 12:50:49 - fetch_chat_messages.php - Request received
2025-06-05 12:50:49 - fetch_chat_messages.php - Found 0 messages
2025-06-05 12:50:55 - fetch_chat_messages.php - Request received
2025-06-05 12:50:55 - fetch_chat_messages.php - Found 0 messages
2025-06-05 12:51:01 - fetch_chat_messages.php - Request received
2025-06-05 12:51:01 - fetch_chat_messages.php - Found 0 messages
2025-06-05 12:51:07 - fetch_chat_messages.php - Request received
2025-06-05 12:51:07 - fetch_chat_messages.php - Found 0 messages
2025-06-05 12:51:13 - fetch_chat_messages.php - Request received
2025-06-05 12:51:13 - fetch_chat_messages.php - Found 0 messages
2025-06-05 12:51:19 - fetch_chat_messages.php - Request received
2025-06-05 12:51:19 - fetch_chat_messages.php - Found 0 messages
2025-06-05 12:51:25 - fetch_chat_messages.php - Request received
2025-06-05 12:51:25 - fetch_chat_messages.php - Found 0 messages
2025-06-05 12:51:31 - fetch_chat_messages.php - Request received
2025-06-05 12:51:31 - fetch_chat_messages.php - Found 0 messages
2025-06-05 12:51:37 - fetch_chat_messages.php - Request received
2025-06-05 12:51:37 - fetch_chat_messages.php - Found 0 messages
2025-06-05 12:51:43 - fetch_chat_messages.php - Request received
2025-06-05 12:51:43 - fetch_chat_messages.php - Found 0 messages
2025-06-05 12:51:49 - fetch_chat_messages.php - Request received
2025-06-05 12:51:49 - fetch_chat_messages.php - Found 0 messages
2025-06-05 12:51:55 - fetch_chat_messages.php - Request received
2025-06-05 12:51:55 - fetch_chat_messages.php - Found 0 messages
2025-06-05 12:52:01 - fetch_chat_messages.php - Request received
2025-06-05 12:52:01 - fetch_chat_messages.php - Found 0 messages
2025-06-05 12:52:07 - fetch_chat_messages.php - Request received
2025-06-05 12:52:07 - fetch_chat_messages.php - Found 0 messages
2025-06-05 12:52:13 - fetch_chat_messages.php - Request received
2025-06-05 12:52:13 - fetch_chat_messages.php - Found 0 messages
2025-06-05 12:52:19 - fetch_chat_messages.php - Request received
2025-06-05 12:52:19 - fetch_chat_messages.php - Found 0 messages
2025-06-05 12:52:25 - fetch_chat_messages.php - Request received
2025-06-05 12:52:25 - fetch_chat_messages.php - Found 0 messages
2025-06-05 12:52:31 - fetch_chat_messages.php - Request received
2025-06-05 12:52:31 - fetch_chat_messages.php - Found 0 messages
2025-06-05 12:52:37 - fetch_chat_messages.php - Request received
2025-06-05 12:52:37 - fetch_chat_messages.php - Found 0 messages
2025-06-05 12:52:43 - fetch_chat_messages.php - Request received
2025-06-05 12:52:43 - fetch_chat_messages.php - Found 0 messages
2025-06-05 12:52:49 - fetch_chat_messages.php - Request received
2025-06-05 12:52:49 - fetch_chat_messages.php - Found 0 messages
2025-06-05 12:52:55 - fetch_chat_messages.php - Request received
2025-06-05 12:52:55 - fetch_chat_messages.php - Found 0 messages
2025-06-05 12:53:01 - fetch_chat_messages.php - Request received
2025-06-05 12:53:01 - fetch_chat_messages.php - Found 0 messages
2025-06-05 12:53:07 - fetch_chat_messages.php - Request received
2025-06-05 12:53:07 - fetch_chat_messages.php - Found 0 messages
2025-06-05 12:53:13 - fetch_chat_messages.php - Request received
2025-06-05 12:53:13 - fetch_chat_messages.php - Found 0 messages
2025-06-05 12:53:18 - Chat Groups - User ID: 6656d4b4f7e5b8c9a0a1b2c8
2025-06-05 12:53:18 - Chat Groups - Filter: {"$or":[{"createdBy":"6656d4b4f7e5b8c9a0a1b2c8"},{"createdBy.$oid":"6656d4b4f7e5b8c9a0a1b2c8"},{"members":{"$elemMatch":{"userId":"6656d4b4f7e5b8c9a0a1b2c8"}}},{"members":{"$elemMatch":{"userId.$oid":"6656d4b4f7e5b8c9a0a1b2c8"}}},{"members.userId":"6656d4b4f7e5b8c9a0a1b2c8"},{"members.userId.$oid":"6656d4b4f7e5b8c9a0a1b2c8"},{"supervisor.userId.$oid":"6656d4b4f7e5b8c9a0a1b2c8"},{"supervisor.userId":"6656d4b4f7e5b8c9a0a1b2c8"}]}
2025-06-05 12:53:18 - Chat Groups - Found 2 groups
2025-06-05 12:53:18 - fetch_chat_messages.php - Request received
2025-06-05 12:53:18 - fetch_chat_messages.php - Found 6 messages
2025-06-05 12:53:23 - save_chat_message.php - Request received
2025-06-05 12:53:23 - save_chat_message.php - SESSION: {"logged_in":true,"user_type":"student","username":"Sadia Akter","profile_pic":"uploads\\profile_images\\user_avater.png","email":"sadia.bscse@university.edu","user_data":{"_id":{"$oid":"6656d4b4f7e5b8c9a0a1b2c8"},"basic_info":{"name":"Sadia Akter","profile_image_url":"uploads\\profile_images\\user_avater.png"},"contact_info":{"primary_email":"sadia.bscse@university.edu"},"academic_info":{"student_id_components":{"program_name":"Bachelor of Science in Computer Science & Engineering","program_code":"011","admission_year":"23","admission_trimester":"3","serial_number":"0022"},"student_id":"0112330022","department":"Computer Science and Engineering","faculty":"School of Science & Engineering","current_status":"Active","enrollment_date":{"$date":{"$numberLong":"1693526400000"}},"expected_graduation_date":{"$date":{"$numberLong":"1819756800000"}},"current_year_trimester":"2nd Year, Fall Trimester","cgpa":3.8,"current_degree_info":{"degree_level":"Bachelor's","degree_name":"B.Sc. in Computer Science and Engineering","institution_name":"United International University","major_field_of_study":"Software Engineering","start_date":{"$date":{"$numberLong":"1693526400000"}}},"thesis_info":null},"university_research_profile":{"research_interests":["Software Development","Web Technologies","AI Ethics"],"skills_expertise":["JavaScript","React","Node.js","MongoDB"],"university_publications":[],"university_projects":[]},"platform_settings":{"user_role":"student","account_creation_date":{"$date":{"$numberLong":"1693180800000"}},"last_updated_date":{"$date":{"$numberLong":"1746057600000"}}}},"user_id":"6656d4b4f7e5b8c9a0a1b2c8"}
2025-06-05 12:53:23 - save_chat_message.php - Found user_id: 6656d4b4f7e5b8c9a0a1b2c8
2025-06-05 12:53:24 - save_chat_message.php - Project data: {"_id":{"$oid":"683ee98f2ac509172f01017b"},"title":"chat test","abstract":"chat test","description":"chat test","field":"Computer Science","keywords":["Blockchain"],"institution":"United International University","createdAt":{"$date":{"$numberLong":"1748953487627"}},"updatedAt":{"$date":{"$numberLong":"1748953487627"}},"privacy":0,"members":[{"name":"Samin yeaser khan","role":"Creator","contribution":100,"userId":{"$oid":"6833436be5c16779b409aa42"}},{"name":"Sadia Akter","role":"Author","contribution":0,"userId":{"$oid":"6656d4b4f7e5b8c9a0a1b2c8"}},{"name":"Imran Hasan","role":"Author","contribution":0,"userId":{"$oid":"6656d4b4f7e5b8c9a0a1b2c9"}},{"name":"Zayan Ahmed","role":"Author","contribution":0,"userId":{"$oid":"6656d4b4f7e5b8c9a0a1b2c5"}},{"name":"Tanvir Hossain","role":"Author","contribution":0,"userId":{"$oid":"6656d4b4f7e5b8c9a0a1b2cb"}}],"timeline":[{"title":"","description":"","date":"2025-06-03","status":"Planned"},{"title":"","description":"","date":"2025-06-03","status":"Planned"},{"title":"","description":"","date":"2025-06-03","status":"Planned"},{"title":"","description":"","date":"2025-06-03","status":"Planned"}],"supervisor":{"userId":{"$oid":"67e1a9f6ebb89e49e04ddf35"},"name":"Dr. Md. Nomani Kabir","role":"Supervisor","email":"kabir@cse.uiu.ac.bd"},"links":{"github":"https:\/\/github.com\/example\/project14","website":"https:\/\/blockchain-supply-chain.example.com","paper":"https:\/\/example.com\/papers\/blockchain-supply-chain.pdf","doi":"https:\/\/doi.org\/example\/project14","youtube":"https:\/\/youtube.com\/watch?v=example14"},"stats":{"views":1,"downloads":0,"favorites":0},"comments":[],"createdBy":"6833436be5c16779b409aa42"}
2025-06-05 12:53:24 - save_chat_message.php - User ID: 6656d4b4f7e5b8c9a0a1b2c8 (looking for this ID)
2025-06-05 12:53:24 - save_chat_message.php - Project ID: 683ee98f2ac509172f01017b, User ID: 6656d4b4f7e5b8c9a0a1b2c8
2025-06-05 12:53:24 - save_chat_message.php - DEBUG MODE: Allowing all authenticated users to message
2025-06-05 12:53:24 - save_chat_message.php - Using name: Unknown User for user ID: 6656d4b4f7e5b8c9a0a1b2c8
2025-06-05 12:53:24 - save_chat_message.php - Message saved successfully: 68417724a47a1b0b480ea778
2025-06-05 12:53:24 - fetch_chat_messages.php - Request received
2025-06-05 12:53:24 - fetch_chat_messages.php - Found 1 messages
2025-06-05 12:53:29 - fetch_chat_messages.php - Request received
2025-06-05 12:53:29 - fetch_chat_messages.php - Found 0 messages
2025-06-05 12:53:35 - fetch_chat_messages.php - Request received
2025-06-05 12:53:35 - fetch_chat_messages.php - Found 0 messages
2025-06-05 12:53:40 - fetch_chat_messages.php - Request received
2025-06-05 12:53:40 - fetch_chat_messages.php - Found 0 messages
2025-06-05 12:53:45 - fetch_chat_messages.php - Request received
2025-06-05 12:53:46 - fetch_chat_messages.php - Found 0 messages
2025-06-05 12:53:52 - fetch_chat_messages.php - Request received
2025-06-05 12:53:52 - fetch_chat_messages.php - Found 0 messages
2025-06-05 12:53:58 - fetch_chat_messages.php - Request received
2025-06-05 12:53:58 - fetch_chat_messages.php - Found 0 messages
2025-06-05 13:08:40 - Chat Groups - User ID: 6656d4b4f7e5b8c9a0a1b2c8
2025-06-05 13:08:40 - Chat Groups - Filter: {"$or":[{"createdBy":"6656d4b4f7e5b8c9a0a1b2c8"},{"createdBy.$oid":"6656d4b4f7e5b8c9a0a1b2c8"},{"members":{"$elemMatch":{"userId":"6656d4b4f7e5b8c9a0a1b2c8"}}},{"members":{"$elemMatch":{"userId.$oid":"6656d4b4f7e5b8c9a0a1b2c8"}}},{"members.userId":"6656d4b4f7e5b8c9a0a1b2c8"},{"members.userId.$oid":"6656d4b4f7e5b8c9a0a1b2c8"},{"supervisor.userId.$oid":"6656d4b4f7e5b8c9a0a1b2c8"},{"supervisor.userId":"6656d4b4f7e5b8c9a0a1b2c8"}]}
2025-06-05 13:08:41 - Chat Groups - Found 2 groups
2025-06-05 13:09:15 - Chat Groups - User ID: 6833436be5c16779b409aa42
2025-06-05 13:09:15 - Chat Groups - Filter: {"$or":[{"createdBy":"6833436be5c16779b409aa42"},{"createdBy.$oid":"6833436be5c16779b409aa42"},{"members":{"$elemMatch":{"userId":"6833436be5c16779b409aa42"}}},{"members":{"$elemMatch":{"userId.$oid":"6833436be5c16779b409aa42"}}},{"members.userId":"6833436be5c16779b409aa42"},{"members.userId.$oid":"6833436be5c16779b409aa42"},{"supervisor.userId.$oid":"6833436be5c16779b409aa42"},{"supervisor.userId":"6833436be5c16779b409aa42"}]}
2025-06-05 13:09:15 - Chat Groups - Found 8 groups
2025-06-05 13:10:56 - Chat Groups - User ID: 6833436be5c16779b409aa42
2025-06-05 13:10:56 - Chat Groups - Filter: {"$or":[{"createdBy":"6833436be5c16779b409aa42"},{"createdBy.$oid":"6833436be5c16779b409aa42"},{"members":{"$elemMatch":{"userId":"6833436be5c16779b409aa42"}}},{"members":{"$elemMatch":{"userId.$oid":"6833436be5c16779b409aa42"}}},{"members.userId":"6833436be5c16779b409aa42"},{"members.userId.$oid":"6833436be5c16779b409aa42"},{"supervisor.userId.$oid":"6833436be5c16779b409aa42"},{"supervisor.userId":"6833436be5c16779b409aa42"}]}
2025-06-05 13:10:56 - Chat Groups - Found 8 groups
2025-06-05 13:11:07 - Chat Groups - User ID: 6833436be5c16779b409aa42
2025-06-05 13:11:07 - Chat Groups - Filter: {"$or":[{"createdBy":"6833436be5c16779b409aa42"},{"createdBy.$oid":"6833436be5c16779b409aa42"},{"members":{"$elemMatch":{"userId":"6833436be5c16779b409aa42"}}},{"members":{"$elemMatch":{"userId.$oid":"6833436be5c16779b409aa42"}}},{"members.userId":"6833436be5c16779b409aa42"},{"members.userId.$oid":"6833436be5c16779b409aa42"},{"supervisor.userId.$oid":"6833436be5c16779b409aa42"},{"supervisor.userId":"6833436be5c16779b409aa42"}]}
2025-06-05 13:11:07 - Chat Groups - Found 8 groups
2025-06-05 13:14:46 - Chat Groups - User ID: 6656d4b4f7e5b8c9a0a1b2c8
2025-06-05 13:14:46 - Chat Groups - Filter: {"$or":[{"createdBy":"6656d4b4f7e5b8c9a0a1b2c8"},{"createdBy.$oid":"6656d4b4f7e5b8c9a0a1b2c8"},{"members":{"$elemMatch":{"userId":"6656d4b4f7e5b8c9a0a1b2c8"}}},{"members":{"$elemMatch":{"userId.$oid":"6656d4b4f7e5b8c9a0a1b2c8"}}},{"members.userId":"6656d4b4f7e5b8c9a0a1b2c8"},{"members.userId.$oid":"6656d4b4f7e5b8c9a0a1b2c8"},{"supervisor.userId.$oid":"6656d4b4f7e5b8c9a0a1b2c8"},{"supervisor.userId":"6656d4b4f7e5b8c9a0a1b2c8"}]}
2025-06-05 13:14:46 - Chat Groups - Found 3 groups
2025-06-05 14:09:54 - Chat Groups - User ID: 6656d4b4f7e5b8c9a0a1b2c8
2025-06-05 14:09:54 - Chat Groups - Filter: {"$or":[{"createdBy":"6656d4b4f7e5b8c9a0a1b2c8"},{"createdBy.$oid":"6656d4b4f7e5b8c9a0a1b2c8"},{"members":{"$elemMatch":{"userId":"6656d4b4f7e5b8c9a0a1b2c8"}}},{"members":{"$elemMatch":{"userId.$oid":"6656d4b4f7e5b8c9a0a1b2c8"}}},{"members.userId":"6656d4b4f7e5b8c9a0a1b2c8"},{"members.userId.$oid":"6656d4b4f7e5b8c9a0a1b2c8"},{"supervisor.userId.$oid":"6656d4b4f7e5b8c9a0a1b2c8"},{"supervisor.userId":"6656d4b4f7e5b8c9a0a1b2c8"}]}
2025-06-05 14:09:54 - Chat Groups - Found 3 groups
2025-06-05 14:11:13 - Chat Groups - User ID: 6656d4b4f7e5b8c9a0a1b2c9
2025-06-05 14:11:13 - Chat Groups - Filter: {"$or":[{"createdBy":"6656d4b4f7e5b8c9a0a1b2c9"},{"createdBy.$oid":"6656d4b4f7e5b8c9a0a1b2c9"},{"members":{"$elemMatch":{"userId":"6656d4b4f7e5b8c9a0a1b2c9"}}},{"members":{"$elemMatch":{"userId.$oid":"6656d4b4f7e5b8c9a0a1b2c9"}}},{"members.userId":"6656d4b4f7e5b8c9a0a1b2c9"},{"members.userId.$oid":"6656d4b4f7e5b8c9a0a1b2c9"},{"supervisor.userId.$oid":"6656d4b4f7e5b8c9a0a1b2c9"},{"supervisor.userId":"6656d4b4f7e5b8c9a0a1b2c9"}]}
2025-06-05 14:11:13 - Chat Groups - Found 4 groups
2025-06-05 14:11:57 - Chat Groups - User ID: 6656d4b4f7e5b8c9a0a1b2c9
2025-06-05 14:11:57 - Chat Groups - Filter: {"$or":[{"createdBy":"6656d4b4f7e5b8c9a0a1b2c9"},{"createdBy.$oid":"6656d4b4f7e5b8c9a0a1b2c9"},{"members":{"$elemMatch":{"userId":"6656d4b4f7e5b8c9a0a1b2c9"}}},{"members":{"$elemMatch":{"userId.$oid":"6656d4b4f7e5b8c9a0a1b2c9"}}},{"members.userId":"6656d4b4f7e5b8c9a0a1b2c9"},{"members.userId.$oid":"6656d4b4f7e5b8c9a0a1b2c9"},{"supervisor.userId.$oid":"6656d4b4f7e5b8c9a0a1b2c9"},{"supervisor.userId":"6656d4b4f7e5b8c9a0a1b2c9"}]}
2025-06-05 14:11:57 - Chat Groups - Found 4 groups
2025-06-05 14:12:08 - Chat Groups - User ID: 6656d4b4f7e5b8c9a0a1b2c9
2025-06-05 14:12:08 - Chat Groups - Filter: {"$or":[{"createdBy":"6656d4b4f7e5b8c9a0a1b2c9"},{"createdBy.$oid":"6656d4b4f7e5b8c9a0a1b2c9"},{"members":{"$elemMatch":{"userId":"6656d4b4f7e5b8c9a0a1b2c9"}}},{"members":{"$elemMatch":{"userId.$oid":"6656d4b4f7e5b8c9a0a1b2c9"}}},{"members.userId":"6656d4b4f7e5b8c9a0a1b2c9"},{"members.userId.$oid":"6656d4b4f7e5b8c9a0a1b2c9"},{"supervisor.userId.$oid":"6656d4b4f7e5b8c9a0a1b2c9"},{"supervisor.userId":"6656d4b4f7e5b8c9a0a1b2c9"}]}
2025-06-05 14:12:08 - Chat Groups - Found 4 groups
2025-06-05 15:40:36 - Chat Groups - User ID: 6833436be5c16779b409aa42
2025-06-05 15:40:36 - Chat Groups - Filter: {"$or":[{"createdBy":"6833436be5c16779b409aa42"},{"createdBy.$oid":"6833436be5c16779b409aa42"},{"members":{"$elemMatch":{"userId":"6833436be5c16779b409aa42"}}},{"members":{"$elemMatch":{"userId.$oid":"6833436be5c16779b409aa42"}}},{"members.userId":"6833436be5c16779b409aa42"},{"members.userId.$oid":"6833436be5c16779b409aa42"},{"supervisor.userId.$oid":"6833436be5c16779b409aa42"},{"supervisor.userId":"6833436be5c16779b409aa42"}]}
2025-06-05 15:40:36 - Chat Groups - Found 9 groups
2025-06-05 16:03:33 - Chat Groups - User ID: 6833436be5c16779b409aa42
2025-06-05 16:03:33 - Chat Groups - Filter: {"$or":[{"createdBy":"6833436be5c16779b409aa42"},{"createdBy.$oid":"6833436be5c16779b409aa42"},{"members":{"$elemMatch":{"userId":"6833436be5c16779b409aa42"}}},{"members":{"$elemMatch":{"userId.$oid":"6833436be5c16779b409aa42"}}},{"members.userId":"6833436be5c16779b409aa42"},{"members.userId.$oid":"6833436be5c16779b409aa42"},{"supervisor.userId.$oid":"6833436be5c16779b409aa42"},{"supervisor.userId":"6833436be5c16779b409aa42"}]}
2025-06-05 16:03:34 - Chat Groups - Found 9 groups
2025-06-05 16:15:25 - Chat Groups - User ID: 6833436be5c16779b409aa42
2025-06-05 16:15:25 - Chat Groups - Filter: {"$or":[{"createdBy":"6833436be5c16779b409aa42"},{"createdBy.$oid":"6833436be5c16779b409aa42"},{"members":{"$elemMatch":{"userId":"6833436be5c16779b409aa42"}}},{"members":{"$elemMatch":{"userId.$oid":"6833436be5c16779b409aa42"}}},{"members.userId":"6833436be5c16779b409aa42"},{"members.userId.$oid":"6833436be5c16779b409aa42"},{"supervisor.userId.$oid":"6833436be5c16779b409aa42"},{"supervisor.userId":"6833436be5c16779b409aa42"}]}
2025-06-05 16:15:25 - Chat Groups - Found 9 groups
2025-06-05 16:30:11 - Chat Groups - User ID: 6833436be5c16779b409aa42
2025-06-05 16:30:11 - Chat Groups - Filter: {"$or":[{"createdBy":"6833436be5c16779b409aa42"},{"createdBy.$oid":"6833436be5c16779b409aa42"},{"members":{"$elemMatch":{"userId":"6833436be5c16779b409aa42"}}},{"members":{"$elemMatch":{"userId.$oid":"6833436be5c16779b409aa42"}}},{"members.userId":"6833436be5c16779b409aa42"},{"members.userId.$oid":"6833436be5c16779b409aa42"},{"supervisor.userId.$oid":"6833436be5c16779b409aa42"},{"supervisor.userId":"6833436be5c16779b409aa42"}]}
2025-06-05 16:30:11 - Chat Groups - Found 9 groups
2025-06-05 16:30:11 - Fetch messages request: {"projectId":"684188f7067d8c496f07f707"}
2025-06-05 16:30:11 - User ID: 6833436be5c16779b409aa42
2025-06-05 16:30:12 - Project ID converted to ObjectId: 684188f7067d8c496f07f707
2025-06-05 16:30:12 - Found project: test 6
2025-06-05 16:30:15 - Fetch messages request: {"projectId":"683ee98f2ac509172f01017b"}
2025-06-05 16:30:15 - User ID: 6833436be5c16779b409aa42
2025-06-05 16:30:15 - Project ID converted to ObjectId: 683ee98f2ac509172f01017b
2025-06-05 16:30:15 - Found project: chat test
2025-06-05 16:30:16 - Fetch messages request: {"projectId":"684188f7067d8c496f07f707"}
2025-06-05 16:30:16 - User ID: 6833436be5c16779b409aa42
2025-06-05 16:30:16 - Project ID converted to ObjectId: 684188f7067d8c496f07f707
2025-06-05 16:30:17 - Found project: test 6
2025-06-05 16:30:21 - Send message request received
2025-06-05 16:30:21 - User ID: 6833436be5c16779b409aa42
2025-06-05 16:30:21 - Received data: {"projectId":"684188f7067d8c496f07f707","message":"test","type":"text"}
2025-06-05 16:30:21 - Project ID: 684188f7067d8c496f07f707, Message: test
2025-06-05 16:30:21 - Project ID converted to ObjectId: 684188f7067d8c496f07f707
2025-06-05 16:30:21 - Found project: test 6
2025-06-05 17:27:47 - Chat Groups - User ID: 6833436be5c16779b409aa42
2025-06-05 17:27:47 - Chat Groups - Filter: {"$or":[{"createdBy":"6833436be5c16779b409aa42"},{"createdBy.$oid":"6833436be5c16779b409aa42"},{"members":{"$elemMatch":{"userId":"6833436be5c16779b409aa42"}}},{"members":{"$elemMatch":{"userId.$oid":"6833436be5c16779b409aa42"}}},{"members.userId":"6833436be5c16779b409aa42"},{"members.userId.$oid":"6833436be5c16779b409aa42"},{"supervisor.userId.$oid":"6833436be5c16779b409aa42"},{"supervisor.userId":"6833436be5c16779b409aa42"}]}
2025-06-05 17:27:47 - Chat Groups - Found 9 groups
2025-06-05 17:28:14 - Chat Groups - User ID: 67e19fa9ebb89e49e04ddf28
2025-06-05 17:28:14 - Chat Groups - Filter: {"$or":[{"createdBy":"67e19fa9ebb89e49e04ddf28"},{"createdBy.$oid":"67e19fa9ebb89e49e04ddf28"},{"members":{"$elemMatch":{"userId":"67e19fa9ebb89e49e04ddf28"}}},{"members":{"$elemMatch":{"userId.$oid":"67e19fa9ebb89e49e04ddf28"}}},{"members.userId":"67e19fa9ebb89e49e04ddf28"},{"members.userId.$oid":"67e19fa9ebb89e49e04ddf28"},{"supervisor.userId.$oid":"67e19fa9ebb89e49e04ddf28"},{"supervisor.userId":"67e19fa9ebb89e49e04ddf28"}]}
2025-06-05 17:28:14 - Chat Groups - Found 0 groups
2025-06-05 17:28:33 - Chat Groups - User ID: 67e1a9f6ebb89e49e04ddf35
2025-06-05 17:28:33 - Chat Groups - Filter: {"$or":[{"createdBy":"67e1a9f6ebb89e49e04ddf35"},{"createdBy.$oid":"67e1a9f6ebb89e49e04ddf35"},{"members":{"$elemMatch":{"userId":"67e1a9f6ebb89e49e04ddf35"}}},{"members":{"$elemMatch":{"userId.$oid":"67e1a9f6ebb89e49e04ddf35"}}},{"members.userId":"67e1a9f6ebb89e49e04ddf35"},{"members.userId.$oid":"67e1a9f6ebb89e49e04ddf35"},{"supervisor.userId.$oid":"67e1a9f6ebb89e49e04ddf35"},{"supervisor.userId":"67e1a9f6ebb89e49e04ddf35"}]}
2025-06-05 17:28:33 - Chat Groups - Found 3 groups
2025-06-05 17:29:25 - Chat Groups - User ID: 6656d4b4f7e5b8c9a0a1b2c8
2025-06-05 17:29:25 - Chat Groups - Filter: {"$or":[{"createdBy":"6656d4b4f7e5b8c9a0a1b2c8"},{"createdBy.$oid":"6656d4b4f7e5b8c9a0a1b2c8"},{"members":{"$elemMatch":{"userId":"6656d4b4f7e5b8c9a0a1b2c8"}}},{"members":{"$elemMatch":{"userId.$oid":"6656d4b4f7e5b8c9a0a1b2c8"}}},{"members.userId":"6656d4b4f7e5b8c9a0a1b2c8"},{"members.userId.$oid":"6656d4b4f7e5b8c9a0a1b2c8"},{"supervisor.userId.$oid":"6656d4b4f7e5b8c9a0a1b2c8"},{"supervisor.userId":"6656d4b4f7e5b8c9a0a1b2c8"}]}
2025-06-05 17:29:25 - Chat Groups - Found 3 groups
2025-06-05 17:29:50 - Chat Groups - User ID: 6833436be5c16779b409aa42
2025-06-05 17:29:50 - Chat Groups - Filter: {"$or":[{"createdBy":"6833436be5c16779b409aa42"},{"createdBy.$oid":"6833436be5c16779b409aa42"},{"members":{"$elemMatch":{"userId":"6833436be5c16779b409aa42"}}},{"members":{"$elemMatch":{"userId.$oid":"6833436be5c16779b409aa42"}}},{"members.userId":"6833436be5c16779b409aa42"},{"members.userId.$oid":"6833436be5c16779b409aa42"},{"supervisor.userId.$oid":"6833436be5c16779b409aa42"},{"supervisor.userId":"6833436be5c16779b409aa42"}]}
2025-06-05 17:29:50 - Chat Groups - Found 9 groups
2025-06-05 18:34:10 - Chat Groups - User ID: 6833436be5c16779b409aa42
2025-06-05 18:34:10 - Chat Groups - Filter: {"$or":[{"createdBy":"6833436be5c16779b409aa42"},{"createdBy.$oid":"6833436be5c16779b409aa42"},{"members":{"$elemMatch":{"userId":"6833436be5c16779b409aa42"}}},{"members":{"$elemMatch":{"userId.$oid":"6833436be5c16779b409aa42"}}},{"members.userId":"6833436be5c16779b409aa42"},{"members.userId.$oid":"6833436be5c16779b409aa42"},{"supervisor.userId.$oid":"6833436be5c16779b409aa42"},{"supervisor.userId":"6833436be5c16779b409aa42"}]}
2025-06-05 18:34:10 - Chat Groups - Found 9 groups
2025-06-05 18:34:32 - Chat Groups - User ID: 6656d4b4f7e5b8c9a0a1b2c8
2025-06-05 18:34:32 - Chat Groups - Filter: {"$or":[{"createdBy":"6656d4b4f7e5b8c9a0a1b2c8"},{"createdBy.$oid":"6656d4b4f7e5b8c9a0a1b2c8"},{"members":{"$elemMatch":{"userId":"6656d4b4f7e5b8c9a0a1b2c8"}}},{"members":{"$elemMatch":{"userId.$oid":"6656d4b4f7e5b8c9a0a1b2c8"}}},{"members.userId":"6656d4b4f7e5b8c9a0a1b2c8"},{"members.userId.$oid":"6656d4b4f7e5b8c9a0a1b2c8"},{"supervisor.userId.$oid":"6656d4b4f7e5b8c9a0a1b2c8"},{"supervisor.userId":"6656d4b4f7e5b8c9a0a1b2c8"}]}
2025-06-05 18:34:32 - Chat Groups - Found 3 groups
2025-06-05 18:34:59 - Chat Groups - User ID: 6656d4b4f7e5b8c9a0a1b2c8
2025-06-05 18:34:59 - Chat Groups - Filter: {"$or":[{"createdBy":"6656d4b4f7e5b8c9a0a1b2c8"},{"createdBy.$oid":"6656d4b4f7e5b8c9a0a1b2c8"},{"members":{"$elemMatch":{"userId":"6656d4b4f7e5b8c9a0a1b2c8"}}},{"members":{"$elemMatch":{"userId.$oid":"6656d4b4f7e5b8c9a0a1b2c8"}}},{"members.userId":"6656d4b4f7e5b8c9a0a1b2c8"},{"members.userId.$oid":"6656d4b4f7e5b8c9a0a1b2c8"},{"supervisor.userId.$oid":"6656d4b4f7e5b8c9a0a1b2c8"},{"supervisor.userId":"6656d4b4f7e5b8c9a0a1b2c8"}]}
2025-06-05 18:34:59 - Chat Groups - Found 3 groups
2025-06-05 18:35:19 - Chat Groups - User ID: 67e1a9f6ebb89e49e04ddf35
2025-06-05 18:35:19 - Chat Groups - Filter: {"$or":[{"createdBy":"67e1a9f6ebb89e49e04ddf35"},{"createdBy.$oid":"67e1a9f6ebb89e49e04ddf35"},{"members":{"$elemMatch":{"userId":"67e1a9f6ebb89e49e04ddf35"}}},{"members":{"$elemMatch":{"userId.$oid":"67e1a9f6ebb89e49e04ddf35"}}},{"members.userId":"67e1a9f6ebb89e49e04ddf35"},{"members.userId.$oid":"67e1a9f6ebb89e49e04ddf35"},{"supervisor.userId.$oid":"67e1a9f6ebb89e49e04ddf35"},{"supervisor.userId":"67e1a9f6ebb89e49e04ddf35"}]}
2025-06-05 18:35:19 - Chat Groups - Found 3 groups
2025-06-05 18:35:45 - Chat Groups - User ID: 6833436be5c16779b409aa42
2025-06-05 18:35:45 - Chat Groups - Filter: {"$or":[{"createdBy":"6833436be5c16779b409aa42"},{"createdBy.$oid":"6833436be5c16779b409aa42"},{"members":{"$elemMatch":{"userId":"6833436be5c16779b409aa42"}}},{"members":{"$elemMatch":{"userId.$oid":"6833436be5c16779b409aa42"}}},{"members.userId":"6833436be5c16779b409aa42"},{"members.userId.$oid":"6833436be5c16779b409aa42"},{"supervisor.userId.$oid":"6833436be5c16779b409aa42"},{"supervisor.userId":"6833436be5c16779b409aa42"}]}
2025-06-05 18:35:45 - Chat Groups - Found 9 groups
2025-06-05 18:58:38 - Chat Groups - User ID: 6833436be5c16779b409aa42
2025-06-05 18:58:38 - Chat Groups - Filter: {"$or":[{"createdBy":"6833436be5c16779b409aa42"},{"createdBy.$oid":"6833436be5c16779b409aa42"},{"members":{"$elemMatch":{"userId":"6833436be5c16779b409aa42"}}},{"members":{"$elemMatch":{"userId.$oid":"6833436be5c16779b409aa42"}}},{"members.userId":"6833436be5c16779b409aa42"},{"members.userId.$oid":"6833436be5c16779b409aa42"},{"supervisor.userId.$oid":"6833436be5c16779b409aa42"},{"supervisor.userId":"6833436be5c16779b409aa42"}]}
2025-06-05 18:58:39 - Chat Groups - Found 9 groups
2025-06-05 20:14:13 - Chat Groups - User ID: 6833436be5c16779b409aa42
2025-06-05 20:14:13 - Chat Groups - Filter: {"$or":[{"createdBy":"6833436be5c16779b409aa42"},{"createdBy.$oid":"6833436be5c16779b409aa42"},{"members":{"$elemMatch":{"userId":"6833436be5c16779b409aa42"}}},{"members":{"$elemMatch":{"userId.$oid":"6833436be5c16779b409aa42"}}},{"members.userId":"6833436be5c16779b409aa42"},{"members.userId.$oid":"6833436be5c16779b409aa42"},{"supervisor.userId.$oid":"6833436be5c16779b409aa42"},{"supervisor.userId":"6833436be5c16779b409aa42"}]}
2025-06-05 20:14:13 - Chat Groups - Found 9 groups
2025-06-05 20:15:23 - Chat Groups - User ID: 67e1a9f6ebb89e49e04ddf35
2025-06-05 20:15:23 - Chat Groups - Filter: {"$or":[{"createdBy":"67e1a9f6ebb89e49e04ddf35"},{"createdBy.$oid":"67e1a9f6ebb89e49e04ddf35"},{"members":{"$elemMatch":{"userId":"67e1a9f6ebb89e49e04ddf35"}}},{"members":{"$elemMatch":{"userId.$oid":"67e1a9f6ebb89e49e04ddf35"}}},{"members.userId":"67e1a9f6ebb89e49e04ddf35"},{"members.userId.$oid":"67e1a9f6ebb89e49e04ddf35"},{"supervisor.userId.$oid":"67e1a9f6ebb89e49e04ddf35"},{"supervisor.userId":"67e1a9f6ebb89e49e04ddf35"}]}
2025-06-05 20:15:23 - Chat Groups - Found 3 groups
2025-06-05 20:16:29 - Chat Groups - User ID: 6656d4b4f7e5b8c9a0a1b2c8
2025-06-05 20:16:29 - Chat Groups - Filter: {"$or":[{"createdBy":"6656d4b4f7e5b8c9a0a1b2c8"},{"createdBy.$oid":"6656d4b4f7e5b8c9a0a1b2c8"},{"members":{"$elemMatch":{"userId":"6656d4b4f7e5b8c9a0a1b2c8"}}},{"members":{"$elemMatch":{"userId.$oid":"6656d4b4f7e5b8c9a0a1b2c8"}}},{"members.userId":"6656d4b4f7e5b8c9a0a1b2c8"},{"members.userId.$oid":"6656d4b4f7e5b8c9a0a1b2c8"},{"supervisor.userId.$oid":"6656d4b4f7e5b8c9a0a1b2c8"},{"supervisor.userId":"6656d4b4f7e5b8c9a0a1b2c8"}]}
2025-06-05 20:16:29 - Chat Groups - Found 3 groups
2025-06-05 20:23:35 - Chat Groups - User ID: 6656d4b4f7e5b8c9a0a1b2c8
2025-06-05 20:23:35 - Chat Groups - Filter: {"$or":[{"createdBy":"6656d4b4f7e5b8c9a0a1b2c8"},{"createdBy.$oid":"6656d4b4f7e5b8c9a0a1b2c8"},{"members":{"$elemMatch":{"userId":"6656d4b4f7e5b8c9a0a1b2c8"}}},{"members":{"$elemMatch":{"userId.$oid":"6656d4b4f7e5b8c9a0a1b2c8"}}},{"members.userId":"6656d4b4f7e5b8c9a0a1b2c8"},{"members.userId.$oid":"6656d4b4f7e5b8c9a0a1b2c8"},{"supervisor.userId.$oid":"6656d4b4f7e5b8c9a0a1b2c8"},{"supervisor.userId":"6656d4b4f7e5b8c9a0a1b2c8"}]}
2025-06-05 20:23:35 - Chat Groups - Found 3 groups
2025-06-06 10:45:25 - Chat Groups - User ID: 67e1a9f6ebb89e49e04ddf35
2025-06-06 10:45:25 - Chat Groups - Filter: {"$or":[{"createdBy":"67e1a9f6ebb89e49e04ddf35"},{"createdBy.$oid":"67e1a9f6ebb89e49e04ddf35"},{"members":{"$elemMatch":{"userId":"67e1a9f6ebb89e49e04ddf35"}}},{"members":{"$elemMatch":{"userId.$oid":"67e1a9f6ebb89e49e04ddf35"}}},{"members.userId":"67e1a9f6ebb89e49e04ddf35"},{"members.userId.$oid":"67e1a9f6ebb89e49e04ddf35"},{"supervisor.userId.$oid":"67e1a9f6ebb89e49e04ddf35"},{"supervisor.userId":"67e1a9f6ebb89e49e04ddf35"}]}
2025-06-06 10:45:25 - Chat Groups - Found 3 groups
2025-06-06 10:46:12 - Chat Groups - User ID: 67e1a9f6ebb89e49e04ddf35
2025-06-06 10:46:12 - Chat Groups - Filter: {"$or":[{"createdBy":"67e1a9f6ebb89e49e04ddf35"},{"createdBy.$oid":"67e1a9f6ebb89e49e04ddf35"},{"members":{"$elemMatch":{"userId":"67e1a9f6ebb89e49e04ddf35"}}},{"members":{"$elemMatch":{"userId.$oid":"67e1a9f6ebb89e49e04ddf35"}}},{"members.userId":"67e1a9f6ebb89e49e04ddf35"},{"members.userId.$oid":"67e1a9f6ebb89e49e04ddf35"},{"supervisor.userId.$oid":"67e1a9f6ebb89e49e04ddf35"},{"supervisor.userId":"67e1a9f6ebb89e49e04ddf35"}]}
2025-06-06 10:46:12 - Chat Groups - Found 3 groups
2025-06-06 10:53:56 - Chat Groups - User ID: 67e1a9f6ebb89e49e04ddf35
2025-06-06 10:53:56 - Chat Groups - Filter: {"$or":[{"createdBy":"67e1a9f6ebb89e49e04ddf35"},{"createdBy.$oid":"67e1a9f6ebb89e49e04ddf35"},{"members":{"$elemMatch":{"userId":"67e1a9f6ebb89e49e04ddf35"}}},{"members":{"$elemMatch":{"userId.$oid":"67e1a9f6ebb89e49e04ddf35"}}},{"members.userId":"67e1a9f6ebb89e49e04ddf35"},{"members.userId.$oid":"67e1a9f6ebb89e49e04ddf35"},{"supervisor.userId.$oid":"67e1a9f6ebb89e49e04ddf35"},{"supervisor.userId":"67e1a9f6ebb89e49e04ddf35"}]}
2025-06-06 10:53:56 - Chat Groups - Found 3 groups
2025-06-06 11:13:51 - Chat Groups - User ID: 67e1a9f6ebb89e49e04ddf35
2025-06-06 11:13:51 - Chat Groups - Filter: {"$or":[{"createdBy":"67e1a9f6ebb89e49e04ddf35"},{"createdBy.$oid":"67e1a9f6ebb89e49e04ddf35"},{"members":{"$elemMatch":{"userId":"67e1a9f6ebb89e49e04ddf35"}}},{"members":{"$elemMatch":{"userId.$oid":"67e1a9f6ebb89e49e04ddf35"}}},{"members.userId":"67e1a9f6ebb89e49e04ddf35"},{"members.userId.$oid":"67e1a9f6ebb89e49e04ddf35"},{"supervisor.userId.$oid":"67e1a9f6ebb89e49e04ddf35"},{"supervisor.userId":"67e1a9f6ebb89e49e04ddf35"}]}
2025-06-06 11:13:51 - Chat Groups - Found 3 groups
2025-06-06 11:14:17 - Chat Groups - User ID: 67e1a9f6ebb89e49e04ddf35
2025-06-06 11:14:17 - Chat Groups - Filter: {"$or":[{"createdBy":"67e1a9f6ebb89e49e04ddf35"},{"createdBy.$oid":"67e1a9f6ebb89e49e04ddf35"},{"members":{"$elemMatch":{"userId":"67e1a9f6ebb89e49e04ddf35"}}},{"members":{"$elemMatch":{"userId.$oid":"67e1a9f6ebb89e49e04ddf35"}}},{"members.userId":"67e1a9f6ebb89e49e04ddf35"},{"members.userId.$oid":"67e1a9f6ebb89e49e04ddf35"},{"supervisor.userId.$oid":"67e1a9f6ebb89e49e04ddf35"},{"supervisor.userId":"67e1a9f6ebb89e49e04ddf35"}]}
2025-06-06 11:14:17 - Chat Groups - Found 3 groups
2025-06-06 11:14:21 - Chat Groups - User ID: 67e1a9f6ebb89e49e04ddf35
2025-06-06 11:14:21 - Chat Groups - Filter: {"$or":[{"createdBy":"67e1a9f6ebb89e49e04ddf35"},{"createdBy.$oid":"67e1a9f6ebb89e49e04ddf35"},{"members":{"$elemMatch":{"userId":"67e1a9f6ebb89e49e04ddf35"}}},{"members":{"$elemMatch":{"userId.$oid":"67e1a9f6ebb89e49e04ddf35"}}},{"members.userId":"67e1a9f6ebb89e49e04ddf35"},{"members.userId.$oid":"67e1a9f6ebb89e49e04ddf35"},{"supervisor.userId.$oid":"67e1a9f6ebb89e49e04ddf35"},{"supervisor.userId":"67e1a9f6ebb89e49e04ddf35"}]}
2025-06-06 11:14:21 - Chat Groups - Found 3 groups
2025-06-06 11:18:50 - Chat Groups - User ID: 67e1a9f6ebb89e49e04ddf35
2025-06-06 11:18:50 - Chat Groups - Filter: {"$or":[{"createdBy":"67e1a9f6ebb89e49e04ddf35"},{"createdBy.$oid":"67e1a9f6ebb89e49e04ddf35"},{"members":{"$elemMatch":{"userId":"67e1a9f6ebb89e49e04ddf35"}}},{"members":{"$elemMatch":{"userId.$oid":"67e1a9f6ebb89e49e04ddf35"}}},{"members.userId":"67e1a9f6ebb89e49e04ddf35"},{"members.userId.$oid":"67e1a9f6ebb89e49e04ddf35"},{"supervisor.userId.$oid":"67e1a9f6ebb89e49e04ddf35"},{"supervisor.userId":"67e1a9f6ebb89e49e04ddf35"}]}
2025-06-06 11:18:50 - Chat Groups - Found 3 groups
2025-06-06 11:21:11 - Chat Groups - User ID: 67e1a9f6ebb89e49e04ddf35
2025-06-06 11:21:11 - Chat Groups - Filter: {"$or":[{"createdBy":"67e1a9f6ebb89e49e04ddf35"},{"createdBy.$oid":"67e1a9f6ebb89e49e04ddf35"},{"members":{"$elemMatch":{"userId":"67e1a9f6ebb89e49e04ddf35"}}},{"members":{"$elemMatch":{"userId.$oid":"67e1a9f6ebb89e49e04ddf35"}}},{"members.userId":"67e1a9f6ebb89e49e04ddf35"},{"members.userId.$oid":"67e1a9f6ebb89e49e04ddf35"},{"supervisor.userId.$oid":"67e1a9f6ebb89e49e04ddf35"},{"supervisor.userId":"67e1a9f6ebb89e49e04ddf35"}]}
2025-06-06 11:21:12 - Chat Groups - Found 3 groups
2025-06-06 11:28:23 - Chat Groups - User ID: 67e1a9f6ebb89e49e04ddf35
2025-06-06 11:28:23 - Chat Groups - Filter: {"$or":[{"createdBy":"67e1a9f6ebb89e49e04ddf35"},{"createdBy.$oid":"67e1a9f6ebb89e49e04ddf35"},{"members":{"$elemMatch":{"userId":"67e1a9f6ebb89e49e04ddf35"}}},{"members":{"$elemMatch":{"userId.$oid":"67e1a9f6ebb89e49e04ddf35"}}},{"members.userId":"67e1a9f6ebb89e49e04ddf35"},{"members.userId.$oid":"67e1a9f6ebb89e49e04ddf35"},{"supervisor.userId.$oid":"67e1a9f6ebb89e49e04ddf35"},{"supervisor.userId":"67e1a9f6ebb89e49e04ddf35"}]}
2025-06-06 11:28:23 - Chat Groups - Found 3 groups
2025-06-06 11:28:32 - Chat Groups - User ID: 67e1a9f6ebb89e49e04ddf35
2025-06-06 11:28:32 - Chat Groups - Filter: {"$or":[{"createdBy":"67e1a9f6ebb89e49e04ddf35"},{"createdBy.$oid":"67e1a9f6ebb89e49e04ddf35"},{"members":{"$elemMatch":{"userId":"67e1a9f6ebb89e49e04ddf35"}}},{"members":{"$elemMatch":{"userId.$oid":"67e1a9f6ebb89e49e04ddf35"}}},{"members.userId":"67e1a9f6ebb89e49e04ddf35"},{"members.userId.$oid":"67e1a9f6ebb89e49e04ddf35"},{"supervisor.userId.$oid":"67e1a9f6ebb89e49e04ddf35"},{"supervisor.userId":"67e1a9f6ebb89e49e04ddf35"}]}
2025-06-06 11:28:32 - Chat Groups - Found 3 groups
2025-06-06 11:28:43 - Chat Groups - User ID: 67e1a9f6ebb89e49e04ddf35
2025-06-06 11:28:43 - Chat Groups - Filter: {"$or":[{"createdBy":"67e1a9f6ebb89e49e04ddf35"},{"createdBy.$oid":"67e1a9f6ebb89e49e04ddf35"},{"members":{"$elemMatch":{"userId":"67e1a9f6ebb89e49e04ddf35"}}},{"members":{"$elemMatch":{"userId.$oid":"67e1a9f6ebb89e49e04ddf35"}}},{"members.userId":"67e1a9f6ebb89e49e04ddf35"},{"members.userId.$oid":"67e1a9f6ebb89e49e04ddf35"},{"supervisor.userId.$oid":"67e1a9f6ebb89e49e04ddf35"},{"supervisor.userId":"67e1a9f6ebb89e49e04ddf35"}]}
2025-06-06 11:28:43 - Chat Groups - Found 3 groups
2025-06-06 11:28:49 - Chat Groups - User ID: 67e1a9f6ebb89e49e04ddf35
2025-06-06 11:28:49 - Chat Groups - Filter: {"$or":[{"createdBy":"67e1a9f6ebb89e49e04ddf35"},{"createdBy.$oid":"67e1a9f6ebb89e49e04ddf35"},{"members":{"$elemMatch":{"userId":"67e1a9f6ebb89e49e04ddf35"}}},{"members":{"$elemMatch":{"userId.$oid":"67e1a9f6ebb89e49e04ddf35"}}},{"members.userId":"67e1a9f6ebb89e49e04ddf35"},{"members.userId.$oid":"67e1a9f6ebb89e49e04ddf35"},{"supervisor.userId.$oid":"67e1a9f6ebb89e49e04ddf35"},{"supervisor.userId":"67e1a9f6ebb89e49e04ddf35"}]}
2025-06-06 11:28:49 - Chat Groups - Found 3 groups
2025-06-06 11:39:02 - Chat Groups - User ID: 6833436be5c16779b409aa42
2025-06-06 11:39:02 - Chat Groups - Filter: {"$or":[{"createdBy":"6833436be5c16779b409aa42"},{"createdBy.$oid":"6833436be5c16779b409aa42"},{"members":{"$elemMatch":{"userId":"6833436be5c16779b409aa42"}}},{"members":{"$elemMatch":{"userId.$oid":"6833436be5c16779b409aa42"}}},{"members.userId":"6833436be5c16779b409aa42"},{"members.userId.$oid":"6833436be5c16779b409aa42"},{"supervisor.userId.$oid":"6833436be5c16779b409aa42"},{"supervisor.userId":"6833436be5c16779b409aa42"}]}
2025-06-06 11:39:03 - Chat Groups - Found 9 groups
2025-06-06 12:00:20 - Chat Groups - User ID: 6833436be5c16779b409aa42
2025-06-06 12:00:20 - Chat Groups - Filter: {"$or":[{"createdBy":"6833436be5c16779b409aa42"},{"createdBy.$oid":"6833436be5c16779b409aa42"},{"members":{"$elemMatch":{"userId":"6833436be5c16779b409aa42"}}},{"members":{"$elemMatch":{"userId.$oid":"6833436be5c16779b409aa42"}}},{"members.userId":"6833436be5c16779b409aa42"},{"members.userId.$oid":"6833436be5c16779b409aa42"},{"supervisor.userId.$oid":"6833436be5c16779b409aa42"},{"supervisor.userId":"6833436be5c16779b409aa42"}]}
2025-06-06 12:00:20 - Chat Groups - Found 9 groups
2025-06-06 12:07:22 - Chat Groups - User ID: 6833436be5c16779b409aa42
2025-06-06 12:07:22 - Chat Groups - Filter: {"$or":[{"createdBy":"6833436be5c16779b409aa42"},{"createdBy.$oid":"6833436be5c16779b409aa42"},{"members":{"$elemMatch":{"userId":"6833436be5c16779b409aa42"}}},{"members":{"$elemMatch":{"userId.$oid":"6833436be5c16779b409aa42"}}},{"members.userId":"6833436be5c16779b409aa42"},{"members.userId.$oid":"6833436be5c16779b409aa42"},{"supervisor.userId.$oid":"6833436be5c16779b409aa42"},{"supervisor.userId":"6833436be5c16779b409aa42"}]}
2025-06-06 12:07:23 - Chat Groups - Found 9 groups
2025-06-11 10:21:58 - Chat Groups - User ID: 67e1a9f6ebb89e49e04ddf35
2025-06-11 10:21:58 - Chat Groups - Filter: {"$or":[{"createdBy":"67e1a9f6ebb89e49e04ddf35"},{"createdBy.$oid":"67e1a9f6ebb89e49e04ddf35"},{"members":{"$elemMatch":{"userId":"67e1a9f6ebb89e49e04ddf35"}}},{"members":{"$elemMatch":{"userId.$oid":"67e1a9f6ebb89e49e04ddf35"}}},{"members.userId":"67e1a9f6ebb89e49e04ddf35"},{"members.userId.$oid":"67e1a9f6ebb89e49e04ddf35"},{"supervisor.userId.$oid":"67e1a9f6ebb89e49e04ddf35"},{"supervisor.userId":"67e1a9f6ebb89e49e04ddf35"}]}
2025-06-11 10:21:58 - Chat Groups - Found 3 groups
2025-06-11 11:12:19 - Chat Groups - User ID: 67e1a9f6ebb89e49e04ddf35
2025-06-11 11:12:19 - Chat Groups - Filter: {"$or":[{"createdBy":"67e1a9f6ebb89e49e04ddf35"},{"createdBy.$oid":"67e1a9f6ebb89e49e04ddf35"},{"members":{"$elemMatch":{"userId":"67e1a9f6ebb89e49e04ddf35"}}},{"members":{"$elemMatch":{"userId.$oid":"67e1a9f6ebb89e49e04ddf35"}}},{"members.userId":"67e1a9f6ebb89e49e04ddf35"},{"members.userId.$oid":"67e1a9f6ebb89e49e04ddf35"},{"supervisor.userId.$oid":"67e1a9f6ebb89e49e04ddf35"},{"supervisor.userId":"67e1a9f6ebb89e49e04ddf35"}]}
2025-06-11 11:12:19 - Chat Groups - Found 3 groups
2025-06-11 11:12:34 - Chat Groups - User ID: 67e1a9f6ebb89e49e04ddf35
2025-06-11 11:12:34 - Chat Groups - Filter: {"$or":[{"createdBy":"67e1a9f6ebb89e49e04ddf35"},{"createdBy.$oid":"67e1a9f6ebb89e49e04ddf35"},{"members":{"$elemMatch":{"userId":"67e1a9f6ebb89e49e04ddf35"}}},{"members":{"$elemMatch":{"userId.$oid":"67e1a9f6ebb89e49e04ddf35"}}},{"members.userId":"67e1a9f6ebb89e49e04ddf35"},{"members.userId.$oid":"67e1a9f6ebb89e49e04ddf35"},{"supervisor.userId.$oid":"67e1a9f6ebb89e49e04ddf35"},{"supervisor.userId":"67e1a9f6ebb89e49e04ddf35"}]}
2025-06-11 11:12:34 - Chat Groups - Found 3 groups
2025-06-11 11:12:47 - Chat Groups - User ID: 67e1a9f6ebb89e49e04ddf35
2025-06-11 11:12:47 - Chat Groups - Filter: {"$or":[{"createdBy":"67e1a9f6ebb89e49e04ddf35"},{"createdBy.$oid":"67e1a9f6ebb89e49e04ddf35"},{"members":{"$elemMatch":{"userId":"67e1a9f6ebb89e49e04ddf35"}}},{"members":{"$elemMatch":{"userId.$oid":"67e1a9f6ebb89e49e04ddf35"}}},{"members.userId":"67e1a9f6ebb89e49e04ddf35"},{"members.userId.$oid":"67e1a9f6ebb89e49e04ddf35"},{"supervisor.userId.$oid":"67e1a9f6ebb89e49e04ddf35"},{"supervisor.userId":"67e1a9f6ebb89e49e04ddf35"}]}
2025-06-11 11:12:47 - Chat Groups - Found 3 groups
2025-06-11 11:13:15 - Chat Groups - User ID: 67e1a9f6ebb89e49e04ddf35
2025-06-11 11:13:15 - Chat Groups - Filter: {"$or":[{"createdBy":"67e1a9f6ebb89e49e04ddf35"},{"createdBy.$oid":"67e1a9f6ebb89e49e04ddf35"},{"members":{"$elemMatch":{"userId":"67e1a9f6ebb89e49e04ddf35"}}},{"members":{"$elemMatch":{"userId.$oid":"67e1a9f6ebb89e49e04ddf35"}}},{"members.userId":"67e1a9f6ebb89e49e04ddf35"},{"members.userId.$oid":"67e1a9f6ebb89e49e04ddf35"},{"supervisor.userId.$oid":"67e1a9f6ebb89e49e04ddf35"},{"supervisor.userId":"67e1a9f6ebb89e49e04ddf35"}]}
2025-06-11 11:13:16 - Chat Groups - Found 3 groups
2025-06-11 11:17:07 - Chat Groups - User ID: 67e1a9f6ebb89e49e04ddf35
2025-06-11 11:17:07 - Chat Groups - Filter: {"$or":[{"createdBy":"67e1a9f6ebb89e49e04ddf35"},{"createdBy.$oid":"67e1a9f6ebb89e49e04ddf35"},{"members":{"$elemMatch":{"userId":"67e1a9f6ebb89e49e04ddf35"}}},{"members":{"$elemMatch":{"userId.$oid":"67e1a9f6ebb89e49e04ddf35"}}},{"members.userId":"67e1a9f6ebb89e49e04ddf35"},{"members.userId.$oid":"67e1a9f6ebb89e49e04ddf35"},{"supervisor.userId.$oid":"67e1a9f6ebb89e49e04ddf35"},{"supervisor.userId":"67e1a9f6ebb89e49e04ddf35"}]}
2025-06-11 11:17:07 - Chat Groups - Found 3 groups
2025-06-11 11:17:52 - Chat Groups - User ID: 67e1a9f6ebb89e49e04ddf35
2025-06-11 11:17:52 - Chat Groups - Filter: {"$or":[{"createdBy":"67e1a9f6ebb89e49e04ddf35"},{"createdBy.$oid":"67e1a9f6ebb89e49e04ddf35"},{"members":{"$elemMatch":{"userId":"67e1a9f6ebb89e49e04ddf35"}}},{"members":{"$elemMatch":{"userId.$oid":"67e1a9f6ebb89e49e04ddf35"}}},{"members.userId":"67e1a9f6ebb89e49e04ddf35"},{"members.userId.$oid":"67e1a9f6ebb89e49e04ddf35"},{"supervisor.userId.$oid":"67e1a9f6ebb89e49e04ddf35"},{"supervisor.userId":"67e1a9f6ebb89e49e04ddf35"}]}
2025-06-11 11:17:52 - Chat Groups - Found 3 groups
2025-06-11 11:18:22 - Chat Groups - User ID: 67e1a9f6ebb89e49e04ddf35
2025-06-11 11:18:22 - Chat Groups - Filter: {"$or":[{"createdBy":"67e1a9f6ebb89e49e04ddf35"},{"createdBy.$oid":"67e1a9f6ebb89e49e04ddf35"},{"members":{"$elemMatch":{"userId":"67e1a9f6ebb89e49e04ddf35"}}},{"members":{"$elemMatch":{"userId.$oid":"67e1a9f6ebb89e49e04ddf35"}}},{"members.userId":"67e1a9f6ebb89e49e04ddf35"},{"members.userId.$oid":"67e1a9f6ebb89e49e04ddf35"},{"supervisor.userId.$oid":"67e1a9f6ebb89e49e04ddf35"},{"supervisor.userId":"67e1a9f6ebb89e49e04ddf35"}]}
2025-06-11 11:18:23 - Chat Groups - Found 3 groups
2025-06-11 11:50:58 - Chat Groups - User ID: 67e1a9f6ebb89e49e04ddf35
2025-06-11 11:50:58 - Chat Groups - Filter: {"$or":[{"createdBy":"67e1a9f6ebb89e49e04ddf35"},{"createdBy.$oid":"67e1a9f6ebb89e49e04ddf35"},{"members":{"$elemMatch":{"userId":"67e1a9f6ebb89e49e04ddf35"}}},{"members":{"$elemMatch":{"userId.$oid":"67e1a9f6ebb89e49e04ddf35"}}},{"members.userId":"67e1a9f6ebb89e49e04ddf35"},{"members.userId.$oid":"67e1a9f6ebb89e49e04ddf35"},{"supervisor.userId.$oid":"67e1a9f6ebb89e49e04ddf35"},{"supervisor.userId":"67e1a9f6ebb89e49e04ddf35"}]}
2025-06-11 11:50:58 - Chat Groups - Found 3 groups
2025-06-11 14:05:00 - Chat Groups - User ID: 67e1a9f6ebb89e49e04ddf35
2025-06-11 14:05:00 - Chat Groups - Filter: {"$or":[{"createdBy":"67e1a9f6ebb89e49e04ddf35"},{"createdBy.$oid":"67e1a9f6ebb89e49e04ddf35"},{"members":{"$elemMatch":{"userId":"67e1a9f6ebb89e49e04ddf35"}}},{"members":{"$elemMatch":{"userId.$oid":"67e1a9f6ebb89e49e04ddf35"}}},{"members.userId":"67e1a9f6ebb89e49e04ddf35"},{"members.userId.$oid":"67e1a9f6ebb89e49e04ddf35"},{"supervisor.userId.$oid":"67e1a9f6ebb89e49e04ddf35"},{"supervisor.userId":"67e1a9f6ebb89e49e04ddf35"}]}
2025-06-11 14:05:00 - Chat Groups - Found 3 groups
2025-06-11 14:05:09 - Chat Groups - User ID: 67e1a9f6ebb89e49e04ddf35
2025-06-11 14:05:09 - Chat Groups - Filter: {"$or":[{"createdBy":"67e1a9f6ebb89e49e04ddf35"},{"createdBy.$oid":"67e1a9f6ebb89e49e04ddf35"},{"members":{"$elemMatch":{"userId":"67e1a9f6ebb89e49e04ddf35"}}},{"members":{"$elemMatch":{"userId.$oid":"67e1a9f6ebb89e49e04ddf35"}}},{"members.userId":"67e1a9f6ebb89e49e04ddf35"},{"members.userId.$oid":"67e1a9f6ebb89e49e04ddf35"},{"supervisor.userId.$oid":"67e1a9f6ebb89e49e04ddf35"},{"supervisor.userId":"67e1a9f6ebb89e49e04ddf35"}]}
2025-06-11 14:05:09 - Chat Groups - Found 3 groups
2025-06-11 14:05:27 - Chat Groups - User ID: 6833436be5c16779b409aa42
2025-06-11 14:05:27 - Chat Groups - Filter: {"$or":[{"createdBy":"6833436be5c16779b409aa42"},{"createdBy.$oid":"6833436be5c16779b409aa42"},{"members":{"$elemMatch":{"userId":"6833436be5c16779b409aa42"}}},{"members":{"$elemMatch":{"userId.$oid":"6833436be5c16779b409aa42"}}},{"members.userId":"6833436be5c16779b409aa42"},{"members.userId.$oid":"6833436be5c16779b409aa42"},{"supervisor.userId.$oid":"6833436be5c16779b409aa42"},{"supervisor.userId":"6833436be5c16779b409aa42"}]}
2025-06-11 14:05:27 - Chat Groups - Found 9 groups
2025-06-11 14:05:48 - Chat Groups - User ID: 67e1a9f6ebb89e49e04ddf35
2025-06-11 14:05:48 - Chat Groups - Filter: {"$or":[{"createdBy":"67e1a9f6ebb89e49e04ddf35"},{"createdBy.$oid":"67e1a9f6ebb89e49e04ddf35"},{"members":{"$elemMatch":{"userId":"67e1a9f6ebb89e49e04ddf35"}}},{"members":{"$elemMatch":{"userId.$oid":"67e1a9f6ebb89e49e04ddf35"}}},{"members.userId":"67e1a9f6ebb89e49e04ddf35"},{"members.userId.$oid":"67e1a9f6ebb89e49e04ddf35"},{"supervisor.userId.$oid":"67e1a9f6ebb89e49e04ddf35"},{"supervisor.userId":"67e1a9f6ebb89e49e04ddf35"}]}
2025-06-11 14:05:49 - Chat Groups - Found 3 groups
2025-06-11 18:02:16 - Chat Groups - User ID: 67e1a9f6ebb89e49e04ddf35
2025-06-11 18:02:16 - Chat Groups - Filter: {"$or":[{"createdBy":"67e1a9f6ebb89e49e04ddf35"},{"createdBy.$oid":"67e1a9f6ebb89e49e04ddf35"},{"members":{"$elemMatch":{"userId":"67e1a9f6ebb89e49e04ddf35"}}},{"members":{"$elemMatch":{"userId.$oid":"67e1a9f6ebb89e49e04ddf35"}}},{"members.userId":"67e1a9f6ebb89e49e04ddf35"},{"members.userId.$oid":"67e1a9f6ebb89e49e04ddf35"},{"supervisor.userId.$oid":"67e1a9f6ebb89e49e04ddf35"},{"supervisor.userId":"67e1a9f6ebb89e49e04ddf35"}]}
2025-06-11 18:02:16 - Chat Groups - Found 3 groups
2025-06-11 18:02:35 - Chat Groups - User ID: 6833436be5c16779b409aa42
2025-06-11 18:02:35 - Chat Groups - Filter: {"$or":[{"createdBy":"6833436be5c16779b409aa42"},{"createdBy.$oid":"6833436be5c16779b409aa42"},{"members":{"$elemMatch":{"userId":"6833436be5c16779b409aa42"}}},{"members":{"$elemMatch":{"userId.$oid":"6833436be5c16779b409aa42"}}},{"members.userId":"6833436be5c16779b409aa42"},{"members.userId.$oid":"6833436be5c16779b409aa42"},{"supervisor.userId.$oid":"6833436be5c16779b409aa42"},{"supervisor.userId":"6833436be5c16779b409aa42"}]}
2025-06-11 18:02:35 - Chat Groups - Found 9 groups
2025-06-11 18:02:45 - Chat Groups - User ID: 6833436be5c16779b409aa42
2025-06-11 18:02:45 - Chat Groups - Filter: {"$or":[{"createdBy":"6833436be5c16779b409aa42"},{"createdBy.$oid":"6833436be5c16779b409aa42"},{"members":{"$elemMatch":{"userId":"6833436be5c16779b409aa42"}}},{"members":{"$elemMatch":{"userId.$oid":"6833436be5c16779b409aa42"}}},{"members.userId":"6833436be5c16779b409aa42"},{"members.userId.$oid":"6833436be5c16779b409aa42"},{"supervisor.userId.$oid":"6833436be5c16779b409aa42"},{"supervisor.userId":"6833436be5c16779b409aa42"}]}
2025-06-11 18:02:45 - Chat Groups - Found 9 groups
2025-06-11 18:02:55 - Chat Groups - User ID: 6833436be5c16779b409aa42
2025-06-11 18:02:55 - Chat Groups - Filter: {"$or":[{"createdBy":"6833436be5c16779b409aa42"},{"createdBy.$oid":"6833436be5c16779b409aa42"},{"members":{"$elemMatch":{"userId":"6833436be5c16779b409aa42"}}},{"members":{"$elemMatch":{"userId.$oid":"6833436be5c16779b409aa42"}}},{"members.userId":"6833436be5c16779b409aa42"},{"members.userId.$oid":"6833436be5c16779b409aa42"},{"supervisor.userId.$oid":"6833436be5c16779b409aa42"},{"supervisor.userId":"6833436be5c16779b409aa42"}]}
2025-06-11 18:02:55 - Chat Groups - Found 9 groups
2025-06-11 18:03:09 - Chat Groups - User ID: 67e1a9f6ebb89e49e04ddf35
2025-06-11 18:03:09 - Chat Groups - Filter: {"$or":[{"createdBy":"67e1a9f6ebb89e49e04ddf35"},{"createdBy.$oid":"67e1a9f6ebb89e49e04ddf35"},{"members":{"$elemMatch":{"userId":"67e1a9f6ebb89e49e04ddf35"}}},{"members":{"$elemMatch":{"userId.$oid":"67e1a9f6ebb89e49e04ddf35"}}},{"members.userId":"67e1a9f6ebb89e49e04ddf35"},{"members.userId.$oid":"67e1a9f6ebb89e49e04ddf35"},{"supervisor.userId.$oid":"67e1a9f6ebb89e49e04ddf35"},{"supervisor.userId":"67e1a9f6ebb89e49e04ddf35"}]}
2025-06-11 18:03:09 - Chat Groups - Found 3 groups
2025-06-11 18:28:10 - Chat Groups - User ID: 67e1a9f6ebb89e49e04ddf35
2025-06-11 18:28:10 - Chat Groups - Filter: {"$or":[{"createdBy":"67e1a9f6ebb89e49e04ddf35"},{"createdBy.$oid":"67e1a9f6ebb89e49e04ddf35"},{"members":{"$elemMatch":{"userId":"67e1a9f6ebb89e49e04ddf35"}}},{"members":{"$elemMatch":{"userId.$oid":"67e1a9f6ebb89e49e04ddf35"}}},{"members.userId":"67e1a9f6ebb89e49e04ddf35"},{"members.userId.$oid":"67e1a9f6ebb89e49e04ddf35"},{"supervisor.userId.$oid":"67e1a9f6ebb89e49e04ddf35"},{"supervisor.userId":"67e1a9f6ebb89e49e04ddf35"}]}
2025-06-11 18:28:10 - Chat Groups - Found 3 groups
2025-06-11 18:28:25 - Chat Groups - User ID: 6833436be5c16779b409aa42
2025-06-11 18:28:25 - Chat Groups - Filter: {"$or":[{"createdBy":"6833436be5c16779b409aa42"},{"createdBy.$oid":"6833436be5c16779b409aa42"},{"members":{"$elemMatch":{"userId":"6833436be5c16779b409aa42"}}},{"members":{"$elemMatch":{"userId.$oid":"6833436be5c16779b409aa42"}}},{"members.userId":"6833436be5c16779b409aa42"},{"members.userId.$oid":"6833436be5c16779b409aa42"},{"supervisor.userId.$oid":"6833436be5c16779b409aa42"},{"supervisor.userId":"6833436be5c16779b409aa42"}]}
2025-06-11 18:28:25 - Chat Groups - Found 9 groups
