2025-05-19 09:53:11 - SESSION: Array
(
    [logged_in] => 1
    [user_type] => faculty
    [user_data] => Array
        (
            [_id] => Array
                (
                    [$oid] => 68266805617c9cdcb302f742
                )

            [name] => Samin
            [email] => www.mayen017@gmail.com
            [role] => admin
        )

    [user_id] => 68266805617c9cdcb302f742
)

2025-05-19 09:53:11 - UserId extracted: 68266805617c9cdcb302f742, isLoggedIn: true
2025-05-19 09:53:11 - Filter: {"$or":[{"createdBy":"68266805617c9cdcb302f742"},{"members":{"$elemMatch":{"userId.$oid":"68266805617c9cdcb302f742"}}},{"supervisor.userId.$oid":"68266805617c9cdcb302f742"}]}
2025-05-19 09:53:11 - Admin user, showing all projects
2025-05-19 09:53:11 - Found 9 projects
2025-05-19 09:55:34 - SESSION: Array
(
    [logged_in] => 1
    [user_type] => faculty
    [user_data] => Array
        (
            [_id] => Array
                (
                    [$oid] => 682ae3d4314b6622be02c124
                )

            [name] => Mayen
            [email] => www.mayen@gmail.com
            [role] => resident
        )

    [user_id] => 682ae3d4314b6622be02c124
)

2025-05-19 09:55:34 - UserId extracted: 682ae3d4314b6622be02c124, isLoggedIn: true
2025-05-19 09:55:34 - Filter: {"$or":[{"createdBy":"682ae3d4314b6622be02c124"},{"members":{"$elemMatch":{"userId.$oid":"682ae3d4314b6622be02c124"}}},{"supervisor.userId.$oid":"682ae3d4314b6622be02c124"}]}
2025-05-19 09:55:34 - Found 0 projects
2025-05-19 09:57:36 - SESSION: Array
(
    [logged_in] => 1
    [user_type] => faculty
    [user_data] => Array
        (
            [_id] => Array
                (
                    [$oid] => 682ae3d4314b6622be02c124
                )

            [name] => Mayen
            [email] => www.mayen@gmail.com
            [role] => resident
        )

    [user_id] => 682ae3d4314b6622be02c124
)

2025-05-19 09:57:36 - UserId extracted: 682ae3d4314b6622be02c124, isLoggedIn: true
2025-05-19 09:57:36 - Filter: {"$or":[{"createdBy":"682ae3d4314b6622be02c124"},{"members":{"$elemMatch":{"userId.$oid":"682ae3d4314b6622be02c124"}}},{"supervisor.userId.$oid":"682ae3d4314b6622be02c124"}]}
2025-05-19 09:57:36 - Found 1 projects
2025-05-19 11:30:42 - SESSION: Array
(
    [logged_in] => 1
    [user_type] => faculty
    [user_data] => Array
        (
            [_id] => Array
                (
                    [$oid] => 682ae3d4314b6622be02c124
                )

            [name] => Mayen
            [email] => www.mayen@gmail.com
            [role] => resident
        )

    [user_id] => 682ae3d4314b6622be02c124
)

2025-05-19 11:30:42 - UserId extracted: 682ae3d4314b6622be02c124, isLoggedIn: true
2025-05-19 11:30:42 - Filter: {"$or":[{"createdBy":"682ae3d4314b6622be02c124"},{"members":{"$elemMatch":{"userId.$oid":"682ae3d4314b6622be02c124"}}},{"supervisor.userId.$oid":"682ae3d4314b6622be02c124"}]}
2025-05-19 11:30:43 - Found 1 projects
2025-05-19 11:31:14 - SESSION: Array
(
    [logged_in] => 1
    [user_type] => faculty
    [user_data] => Array
        (
            [_id] => Array
                (
                    [$oid] => 68266805617c9cdcb302f742
                )

            [name] => Samin
            [email] => www.mayen017@gmail.com
            [role] => admin
        )

    [user_id] => 68266805617c9cdcb302f742
)

2025-05-19 11:31:14 - UserId extracted: 68266805617c9cdcb302f742, isLoggedIn: true
2025-05-19 11:31:14 - Filter: {"$or":[{"createdBy":"68266805617c9cdcb302f742"},{"members":{"$elemMatch":{"userId.$oid":"68266805617c9cdcb302f742"}}},{"supervisor.userId.$oid":"68266805617c9cdcb302f742"}]}
2025-05-19 11:31:14 - Admin user, showing all projects
2025-05-19 11:31:14 - Found 10 projects
2025-05-19 11:32:00 - SESSION: Array
(
    [logged_in] => 1
    [user_type] => faculty
    [user_data] => Array
        (
            [_id] => Array
                (
                    [$oid] => 68266805617c9cdcb302f742
                )

            [name] => Samin
            [email] => www.mayen017@gmail.com
            [role] => admin
        )

    [user_id] => 68266805617c9cdcb302f742
)

2025-05-19 11:32:00 - UserId extracted: 68266805617c9cdcb302f742, isLoggedIn: true
2025-05-19 11:32:00 - Filter: {"$or":[{"createdBy":"68266805617c9cdcb302f742"},{"members":{"$elemMatch":{"userId.$oid":"68266805617c9cdcb302f742"}}},{"supervisor.userId.$oid":"68266805617c9cdcb302f742"}]}
2025-05-19 11:32:00 - Admin user, showing all projects
2025-05-19 11:32:00 - Found 10 projects
2025-05-19 11:32:18 - SESSION: Array
(
    [logged_in] => 1
    [user_type] => faculty
    [user_data] => Array
        (
            [_id] => Array
                (
                    [$oid] => 68266805617c9cdcb302f742
                )

            [name] => Samin
            [email] => www.mayen017@gmail.com
            [role] => admin
        )

    [user_id] => 68266805617c9cdcb302f742
)

2025-05-19 11:32:18 - UserId extracted: 68266805617c9cdcb302f742, isLoggedIn: true
2025-05-19 11:32:18 - Filter: {"$or":[{"createdBy":"68266805617c9cdcb302f742"},{"members":{"$elemMatch":{"userId.$oid":"68266805617c9cdcb302f742"}}},{"supervisor.userId.$oid":"68266805617c9cdcb302f742"}]}
2025-05-19 11:32:18 - Admin user, showing all projects
2025-05-19 11:32:19 - Found 10 projects
2025-05-19 11:32:57 - SESSION: Array
(
    [logged_in] => 1
    [user_type] => faculty
    [user_data] => Array
        (
            [_id] => Array
                (
                    [$oid] => 68266805617c9cdcb302f742
                )

            [name] => Samin
            [email] => www.mayen017@gmail.com
            [role] => admin
        )

    [user_id] => 68266805617c9cdcb302f742
)

2025-05-19 11:32:57 - UserId extracted: 68266805617c9cdcb302f742, isLoggedIn: true
2025-05-19 11:32:57 - Filter: {"$or":[{"createdBy":"68266805617c9cdcb302f742"},{"members":{"$elemMatch":{"userId.$oid":"68266805617c9cdcb302f742"}}},{"supervisor.userId.$oid":"68266805617c9cdcb302f742"}]}
2025-05-19 11:32:57 - Admin user, showing all projects
2025-05-19 11:32:57 - Found 10 projects
2025-05-19 11:33:22 - SESSION: Array
(
    [logged_in] => 1
    [user_type] => faculty
    [user_data] => Array
        (
            [_id] => Array
                (
                    [$oid] => 68266805617c9cdcb302f742
                )

            [name] => Samin
            [email] => www.mayen017@gmail.com
            [role] => admin
        )

    [user_id] => 68266805617c9cdcb302f742
)

2025-05-19 11:33:22 - UserId extracted: 68266805617c9cdcb302f742, isLoggedIn: true
2025-05-19 11:33:22 - Filter: {"$or":[{"createdBy":"68266805617c9cdcb302f742"},{"members":{"$elemMatch":{"userId.$oid":"68266805617c9cdcb302f742"}}},{"supervisor.userId.$oid":"68266805617c9cdcb302f742"}]}
2025-05-19 11:33:22 - Admin user, showing all projects
2025-05-19 11:33:22 - Found 10 projects
2025-05-19 11:37:11 - SESSION: Array
(
    [logged_in] => 1
    [user_type] => faculty
    [user_data] => Array
        (
            [_id] => Array
                (
                    [$oid] => 68266805617c9cdcb302f742
                )

            [name] => Samin
            [email] => www.mayen017@gmail.com
            [role] => admin
        )

    [user_id] => 68266805617c9cdcb302f742
)

2025-05-19 11:37:11 - UserId extracted: 68266805617c9cdcb302f742, isLoggedIn: true
2025-05-19 11:37:11 - Filter: {"$or":[{"createdBy":"68266805617c9cdcb302f742"},{"members":{"$elemMatch":{"userId.$oid":"68266805617c9cdcb302f742"}}},{"supervisor.userId.$oid":"68266805617c9cdcb302f742"}]}
2025-05-19 11:37:11 - Admin user, showing all projects
2025-05-19 11:37:12 - Found 10 projects
2025-05-19 11:37:23 - SESSION: Array
(
    [logged_in] => 1
    [user_type] => faculty
    [user_data] => Array
        (
            [_id] => Array
                (
                    [$oid] => 68266805617c9cdcb302f742
                )

            [name] => Samin
            [email] => www.mayen017@gmail.com
            [role] => admin
        )

    [user_id] => 68266805617c9cdcb302f742
)

2025-05-19 11:37:23 - UserId extracted: 68266805617c9cdcb302f742, isLoggedIn: true
2025-05-19 11:37:23 - Filter: {"$or":[{"createdBy":"68266805617c9cdcb302f742"},{"members":{"$elemMatch":{"userId.$oid":"68266805617c9cdcb302f742"}}},{"supervisor.userId.$oid":"68266805617c9cdcb302f742"}]}
2025-05-19 11:37:23 - Admin user, showing all projects
2025-05-19 11:37:23 - Found 9 projects
2025-05-19 11:37:30 - SESSION: Array
(
    [logged_in] => 1
    [user_type] => faculty
    [user_data] => Array
        (
            [_id] => Array
                (
                    [$oid] => 68266805617c9cdcb302f742
                )

            [name] => Samin
            [email] => www.mayen017@gmail.com
            [role] => admin
        )

    [user_id] => 68266805617c9cdcb302f742
)

2025-05-19 11:37:30 - UserId extracted: 68266805617c9cdcb302f742, isLoggedIn: true
2025-05-19 11:37:30 - Filter: {"$or":[{"createdBy":"68266805617c9cdcb302f742"},{"members":{"$elemMatch":{"userId.$oid":"68266805617c9cdcb302f742"}}},{"supervisor.userId.$oid":"68266805617c9cdcb302f742"}]}
2025-05-19 11:37:30 - Admin user, showing all projects
2025-05-19 11:37:30 - Found 9 projects
2025-05-19 11:44:18 - SESSION: Array
(
    [logged_in] => 1
    [user_type] => faculty
    [user_data] => Array
        (
            [_id] => Array
                (
                    [$oid] => 68266805617c9cdcb302f742
                )

            [name] => Samin
            [email] => www.mayen017@gmail.com
            [role] => admin
        )

    [user_id] => 68266805617c9cdcb302f742
)

2025-05-19 11:44:18 - UserId extracted: 68266805617c9cdcb302f742, isLoggedIn: true
2025-05-19 11:44:18 - Filter: {"$or":[{"createdBy":"68266805617c9cdcb302f742"},{"members":{"$elemMatch":{"userId.$oid":"68266805617c9cdcb302f742"}}},{"supervisor.userId.$oid":"68266805617c9cdcb302f742"}]}
2025-05-19 11:44:18 - Admin user, showing all projects
2025-05-19 11:44:18 - Found 9 projects
2025-05-19 11:44:28 - SESSION: Array
(
    [logged_in] => 1
    [user_type] => faculty
    [user_data] => Array
        (
            [_id] => Array
                (
                    [$oid] => 68266805617c9cdcb302f742
                )

            [name] => Samin
            [email] => www.mayen017@gmail.com
            [role] => admin
        )

    [user_id] => 68266805617c9cdcb302f742
)

2025-05-19 11:44:28 - UserId extracted: 68266805617c9cdcb302f742, isLoggedIn: true
2025-05-19 11:44:28 - Filter: {"$or":[{"createdBy":"68266805617c9cdcb302f742"},{"members":{"$elemMatch":{"userId.$oid":"68266805617c9cdcb302f742"}}},{"supervisor.userId.$oid":"68266805617c9cdcb302f742"}]}
2025-05-19 11:44:28 - Admin user, showing all projects
2025-05-19 11:44:28 - Found 9 projects
2025-05-19 11:44:50 - SESSION: Array
(
    [logged_in] => 1
    [user_type] => faculty
    [user_data] => Array
        (
            [_id] => Array
                (
                    [$oid] => 68266805617c9cdcb302f742
                )

            [name] => Samin
            [email] => www.mayen017@gmail.com
            [role] => admin
        )

    [user_id] => 68266805617c9cdcb302f742
)

2025-05-19 11:44:50 - UserId extracted: 68266805617c9cdcb302f742, isLoggedIn: true
2025-05-19 11:44:50 - Filter: {"$or":[{"createdBy":"68266805617c9cdcb302f742"},{"members":{"$elemMatch":{"userId.$oid":"68266805617c9cdcb302f742"}}},{"supervisor.userId.$oid":"68266805617c9cdcb302f742"}]}
2025-05-19 11:44:50 - Admin user, showing all projects
2025-05-19 11:44:50 - Found 8 projects
2025-05-19 11:50:10 - SESSION: Array
(
    [logged_in] => 1
    [user_type] => faculty
    [user_data] => Array
        (
            [_id] => Array
                (
                    [$oid] => 68266805617c9cdcb302f742
                )

            [name] => Samin
            [email] => www.mayen017@gmail.com
            [role] => admin
        )

    [user_id] => 68266805617c9cdcb302f742
)

2025-05-19 11:50:10 - UserId extracted: 68266805617c9cdcb302f742, isLoggedIn: true
2025-05-19 11:50:10 - Filter: {"$or":[{"createdBy":"68266805617c9cdcb302f742"},{"members":{"$elemMatch":{"userId.$oid":"68266805617c9cdcb302f742"}}},{"supervisor.userId.$oid":"68266805617c9cdcb302f742"}]}
2025-05-19 11:50:10 - Admin user, showing all projects
2025-05-19 11:50:10 - Found 8 projects
2025-05-19 11:55:03 - SESSION: Array
(
    [logged_in] => 1
    [user_type] => faculty
    [user_data] => Array
        (
            [_id] => Array
                (
                    [$oid] => 68266805617c9cdcb302f742
                )

            [name] => Samin
            [email] => www.mayen017@gmail.com
            [role] => admin
        )

    [user_id] => 68266805617c9cdcb302f742
)

2025-05-19 11:55:03 - UserId extracted: 68266805617c9cdcb302f742, isLoggedIn: true
2025-05-19 11:55:03 - Filter: {"$or":[{"createdBy":"68266805617c9cdcb302f742"},{"members":{"$elemMatch":{"userId.$oid":"68266805617c9cdcb302f742"}}},{"supervisor.userId.$oid":"68266805617c9cdcb302f742"}]}
2025-05-19 11:55:03 - Admin user, showing all projects
2025-05-19 11:55:03 - Found 8 projects
2025-05-19 11:55:08 - SESSION: Array
(
    [logged_in] => 1
    [user_type] => faculty
    [user_data] => Array
        (
            [_id] => Array
                (
                    [$oid] => 68266805617c9cdcb302f742
                )

            [name] => Samin
            [email] => www.mayen017@gmail.com
            [role] => admin
        )

    [user_id] => 68266805617c9cdcb302f742
)

2025-05-19 11:55:08 - UserId extracted: 68266805617c9cdcb302f742, isLoggedIn: true
2025-05-19 11:55:08 - Filter: {"$or":[{"createdBy":"68266805617c9cdcb302f742"},{"members":{"$elemMatch":{"userId.$oid":"68266805617c9cdcb302f742"}}},{"supervisor.userId.$oid":"68266805617c9cdcb302f742"}]}
2025-05-19 11:55:08 - Admin user, showing all projects
2025-05-19 11:55:08 - Found 8 projects
2025-05-19 11:57:31 - SESSION: Array
(
    [logged_in] => 1
    [user_type] => faculty
    [user_data] => Array
        (
            [_id] => Array
                (
                    [$oid] => 68266805617c9cdcb302f742
                )

            [name] => Samin
            [email] => www.mayen017@gmail.com
            [role] => admin
        )

    [user_id] => 68266805617c9cdcb302f742
)

2025-05-19 11:57:31 - UserId extracted: 68266805617c9cdcb302f742, isLoggedIn: true
2025-05-19 11:57:31 - Filter: {"$or":[{"createdBy":"68266805617c9cdcb302f742"},{"members":{"$elemMatch":{"userId.$oid":"68266805617c9cdcb302f742"}}},{"supervisor.userId.$oid":"68266805617c9cdcb302f742"}]}
2025-05-19 11:57:31 - Admin user, showing all projects
2025-05-19 11:57:31 - Found 8 projects
2025-05-19 11:57:33 - SESSION: Array
(
    [logged_in] => 1
    [user_type] => faculty
    [user_data] => Array
        (
            [_id] => Array
                (
                    [$oid] => 68266805617c9cdcb302f742
                )

            [name] => Samin
            [email] => www.mayen017@gmail.com
            [role] => admin
        )

    [user_id] => 68266805617c9cdcb302f742
)

2025-05-19 11:57:33 - UserId extracted: 68266805617c9cdcb302f742, isLoggedIn: true
2025-05-19 11:57:33 - Filter: {"$or":[{"createdBy":"68266805617c9cdcb302f742"},{"members":{"$elemMatch":{"userId.$oid":"68266805617c9cdcb302f742"}}},{"supervisor.userId.$oid":"68266805617c9cdcb302f742"}]}
2025-05-19 11:57:33 - Admin user, showing all projects
2025-05-19 11:57:33 - Found 8 projects
2025-05-19 11:58:48 - SESSION: Array
(
    [logged_in] => 1
    [user_type] => faculty
    [user_data] => Array
        (
            [_id] => Array
                (
                    [$oid] => 68266805617c9cdcb302f742
                )

            [name] => Samin
            [email] => www.mayen017@gmail.com
            [role] => admin
        )

    [user_id] => 68266805617c9cdcb302f742
)

2025-05-19 11:58:48 - UserId extracted: 68266805617c9cdcb302f742, isLoggedIn: true
2025-05-19 11:58:48 - Filter: {"$or":[{"createdBy":"68266805617c9cdcb302f742"},{"members":{"$elemMatch":{"userId.$oid":"68266805617c9cdcb302f742"}}},{"supervisor.userId.$oid":"68266805617c9cdcb302f742"}]}
2025-05-19 11:58:48 - Admin user, showing all projects
2025-05-19 11:58:48 - Found 8 projects
2025-05-19 12:03:33 - SESSION: Array
(
    [logged_in] => 1
    [user_type] => faculty
    [user_data] => Array
        (
            [_id] => Array
                (
                    [$oid] => 68266805617c9cdcb302f742
                )

            [name] => Samin
            [email] => www.mayen017@gmail.com
            [role] => admin
        )

    [user_id] => 68266805617c9cdcb302f742
)

2025-05-19 12:03:33 - UserId extracted: 68266805617c9cdcb302f742, isLoggedIn: true
2025-05-19 12:03:33 - Filter: {"$or":[{"createdBy":"68266805617c9cdcb302f742"},{"members":{"$elemMatch":{"userId.$oid":"68266805617c9cdcb302f742"}}},{"supervisor.userId.$oid":"68266805617c9cdcb302f742"}]}
2025-05-19 12:03:33 - Admin user, showing all projects
2025-05-19 12:03:34 - Found 8 projects
2025-05-19 12:07:48 - SESSION: Array
(
    [logged_in] => 1
    [user_type] => faculty
    [user_data] => Array
        (
            [_id] => Array
                (
                    [$oid] => 68266805617c9cdcb302f742
                )

            [name] => Samin
            [email] => www.mayen017@gmail.com
            [role] => admin
        )

    [user_id] => 68266805617c9cdcb302f742
)

2025-05-19 12:07:48 - UserId extracted: 68266805617c9cdcb302f742, isLoggedIn: true
2025-05-19 12:07:48 - Filter: {"$or":[{"createdBy":"68266805617c9cdcb302f742"},{"members":{"$elemMatch":{"userId.$oid":"68266805617c9cdcb302f742"}}},{"supervisor.userId.$oid":"68266805617c9cdcb302f742"}]}
2025-05-19 12:07:48 - Admin user, showing all projects
2025-05-19 12:07:48 - Found 8 projects
2025-05-19 12:12:05 - SESSION: Array
(
    [logged_in] => 1
    [user_type] => faculty
    [user_data] => Array
        (
            [_id] => Array
                (
                    [$oid] => 68266805617c9cdcb302f742
                )

            [name] => Samin
            [email] => www.mayen017@gmail.com
            [role] => admin
        )

    [user_id] => 68266805617c9cdcb302f742
)

2025-05-19 12:12:05 - UserId extracted: 68266805617c9cdcb302f742, isLoggedIn: true
2025-05-19 12:12:05 - Filter: {"$or":[{"createdBy":"68266805617c9cdcb302f742"},{"members":{"$elemMatch":{"userId.$oid":"68266805617c9cdcb302f742"}}},{"supervisor.userId.$oid":"68266805617c9cdcb302f742"}]}
2025-05-19 12:12:05 - Admin user, showing all projects
2025-05-19 12:12:05 - Found 8 projects
2025-05-19 12:16:36 - SESSION: Array
(
    [logged_in] => 1
    [user_type] => faculty
    [user_data] => Array
        (
            [_id] => Array
                (
                    [$oid] => 68266805617c9cdcb302f742
                )

            [name] => Samin
            [email] => www.mayen017@gmail.com
            [role] => admin
        )

    [user_id] => 68266805617c9cdcb302f742
)

2025-05-19 12:16:36 - UserId extracted: 68266805617c9cdcb302f742, isLoggedIn: true
2025-05-19 12:16:36 - Filter: {"$or":[{"createdBy":"68266805617c9cdcb302f742"},{"members":{"$elemMatch":{"userId.$oid":"68266805617c9cdcb302f742"}}},{"supervisor.userId.$oid":"68266805617c9cdcb302f742"}]}
2025-05-19 12:16:36 - Admin user, showing all projects
2025-05-19 12:16:36 - Found 8 projects
2025-05-19 12:16:44 - SESSION: Array
(
    [logged_in] => 1
    [user_type] => faculty
    [user_data] => Array
        (
            [_id] => Array
                (
                    [$oid] => 68266805617c9cdcb302f742
                )

            [name] => Samin
            [email] => www.mayen017@gmail.com
            [role] => admin
        )

    [user_id] => 68266805617c9cdcb302f742
)

2025-05-19 12:16:44 - UserId extracted: 68266805617c9cdcb302f742, isLoggedIn: true
2025-05-19 12:16:44 - Filter: {"$or":[{"createdBy":"68266805617c9cdcb302f742"},{"members":{"$elemMatch":{"userId.$oid":"68266805617c9cdcb302f742"}}},{"supervisor.userId.$oid":"68266805617c9cdcb302f742"}]}
2025-05-19 12:16:44 - Admin user, showing all projects
2025-05-19 12:16:44 - Found 8 projects
2025-05-19 12:18:22 - SESSION: Array
(
    [logged_in] => 1
    [user_type] => faculty
    [user_data] => Array
        (
            [_id] => Array
                (
                    [$oid] => 68266805617c9cdcb302f742
                )

            [name] => Samin
            [email] => www.mayen017@gmail.com
            [role] => admin
        )

    [user_id] => 68266805617c9cdcb302f742
)

2025-05-19 12:18:22 - UserId extracted: 68266805617c9cdcb302f742, isLoggedIn: true
2025-05-19 12:18:22 - Filter: {"$or":[{"createdBy":"68266805617c9cdcb302f742"},{"members":{"$elemMatch":{"userId.$oid":"68266805617c9cdcb302f742"}}},{"supervisor.userId.$oid":"68266805617c9cdcb302f742"}]}
2025-05-19 12:18:22 - Admin user, showing all projects
2025-05-19 12:18:22 - Found 8 projects
2025-05-19 12:34:51 - SESSION: Array
(
    [logged_in] => 1
    [user_type] => faculty
    [user_data] => Array
        (
            [_id] => Array
                (
                    [$oid] => 68266805617c9cdcb302f742
                )

            [name] => Samin
            [email] => www.mayen017@gmail.com
            [role] => admin
        )

    [user_id] => 68266805617c9cdcb302f742
)

2025-05-19 12:34:51 - UserId extracted: 68266805617c9cdcb302f742, isLoggedIn: true
2025-05-19 12:34:51 - Filter: {"$or":[{"createdBy":"68266805617c9cdcb302f742"},{"members":{"$elemMatch":{"userId.$oid":"68266805617c9cdcb302f742"}}},{"supervisor.userId.$oid":"68266805617c9cdcb302f742"}]}
2025-05-19 12:34:51 - Admin user, showing all projects
2025-05-19 12:34:51 - Found 8 projects
2025-05-19 12:34:57 - SESSION: Array
(
    [logged_in] => 1
    [user_type] => faculty
    [user_data] => Array
        (
            [_id] => Array
                (
                    [$oid] => 68266805617c9cdcb302f742
                )

            [name] => Samin
            [email] => www.mayen017@gmail.com
            [role] => admin
        )

    [user_id] => 68266805617c9cdcb302f742
)

2025-05-19 12:34:57 - UserId extracted: 68266805617c9cdcb302f742, isLoggedIn: true
2025-05-19 12:34:57 - Filter: {"$or":[{"createdBy":"68266805617c9cdcb302f742"},{"members":{"$elemMatch":{"userId.$oid":"68266805617c9cdcb302f742"}}},{"supervisor.userId.$oid":"68266805617c9cdcb302f742"}]}
2025-05-19 12:34:57 - Admin user, showing all projects
2025-05-19 12:34:57 - Found 8 projects
2025-05-19 12:35:02 - SESSION: Array
(
    [logged_in] => 1
    [user_type] => faculty
    [user_data] => Array
        (
            [_id] => Array
                (
                    [$oid] => 68266805617c9cdcb302f742
                )

            [name] => Samin
            [email] => www.mayen017@gmail.com
            [role] => admin
        )

    [user_id] => 68266805617c9cdcb302f742
)

2025-05-19 12:35:02 - UserId extracted: 68266805617c9cdcb302f742, isLoggedIn: true
2025-05-19 12:35:02 - Filter: {"$or":[{"createdBy":"68266805617c9cdcb302f742"},{"members":{"$elemMatch":{"userId.$oid":"68266805617c9cdcb302f742"}}},{"supervisor.userId.$oid":"68266805617c9cdcb302f742"}]}
2025-05-19 12:35:02 - Admin user, showing all projects
2025-05-19 12:35:02 - Found 8 projects
2025-05-19 12:35:58 - SESSION: Array
(
    [logged_in] => 1
    [user_type] => faculty
    [user_data] => Array
        (
            [_id] => Array
                (
                    [$oid] => 68266805617c9cdcb302f742
                )

            [name] => Samin
            [email] => www.mayen017@gmail.com
            [role] => admin
        )

    [user_id] => 68266805617c9cdcb302f742
)

2025-05-19 12:35:58 - UserId extracted: 68266805617c9cdcb302f742, isLoggedIn: true
2025-05-19 12:35:58 - Filter: {"$or":[{"createdBy":"68266805617c9cdcb302f742"},{"members":{"$elemMatch":{"userId.$oid":"68266805617c9cdcb302f742"}}},{"supervisor.userId.$oid":"68266805617c9cdcb302f742"}]}
2025-05-19 12:35:58 - Admin user, showing all projects
2025-05-19 12:35:58 - Found 8 projects
2025-05-19 12:42:19 - SESSION: Array
(
    [logged_in] => 1
    [user_type] => faculty
    [user_data] => Array
        (
            [_id] => Array
                (
                    [$oid] => 68266805617c9cdcb302f742
                )

            [name] => Samin
            [email] => www.mayen017@gmail.com
            [role] => admin
        )

    [user_id] => 68266805617c9cdcb302f742
)

2025-05-19 12:42:19 - UserId extracted: 68266805617c9cdcb302f742, isLoggedIn: true
2025-05-19 12:42:19 - Filter: {"$or":[{"createdBy":"68266805617c9cdcb302f742"},{"members":{"$elemMatch":{"userId.$oid":"68266805617c9cdcb302f742"}}},{"supervisor.userId.$oid":"68266805617c9cdcb302f742"}]}
2025-05-19 12:42:19 - Admin user, showing all projects
2025-05-19 12:42:20 - Found 8 projects
2025-05-19 12:44:37 - SESSION: Array
(
    [logged_in] => 1
    [user_type] => faculty
    [user_data] => Array
        (
            [_id] => Array
                (
                    [$oid] => 68266805617c9cdcb302f742
                )

            [name] => Samin
            [email] => www.mayen017@gmail.com
            [role] => admin
        )

    [user_id] => 68266805617c9cdcb302f742
)

2025-05-19 12:44:37 - UserId extracted: 68266805617c9cdcb302f742, isLoggedIn: true
2025-05-19 12:44:37 - Filter: {"$or":[{"createdBy":"68266805617c9cdcb302f742"},{"members":{"$elemMatch":{"userId.$oid":"68266805617c9cdcb302f742"}}},{"supervisor.userId.$oid":"68266805617c9cdcb302f742"}]}
2025-05-19 12:44:37 - Admin user, showing all projects
2025-05-19 12:44:37 - Found 9 projects
2025-05-19 13:01:46 - SESSION: Array
(
    [logged_in] => 1
    [user_type] => faculty
    [user_data] => Array
        (
            [_id] => Array
                (
                    [$oid] => 68266805617c9cdcb302f742
                )

            [name] => Samin
            [email] => www.mayen017@gmail.com
            [role] => admin
        )

    [user_id] => 68266805617c9cdcb302f742
)

2025-05-19 13:01:46 - UserId extracted: 68266805617c9cdcb302f742, isLoggedIn: true
2025-05-19 13:01:46 - Filter: {"$or":[{"createdBy":"68266805617c9cdcb302f742"},{"members":{"$elemMatch":{"userId.$oid":"68266805617c9cdcb302f742"}}},{"supervisor.userId.$oid":"68266805617c9cdcb302f742"}]}
2025-05-19 13:01:46 - Admin user, showing all projects
2025-05-19 13:01:47 - Found 9 projects
2025-05-19 13:15:10 - SESSION: Array
(
    [logged_in] => 1
    [user_type] => faculty
    [user_data] => Array
        (
            [_id] => Array
                (
                    [$oid] => 68266805617c9cdcb302f742
                )

            [name] => Samin
            [email] => www.mayen017@gmail.com
            [role] => admin
        )

    [user_id] => 68266805617c9cdcb302f742
)

2025-05-19 13:15:10 - UserId extracted: 68266805617c9cdcb302f742, isLoggedIn: true
2025-05-19 13:15:10 - Filter: {"$or":[{"createdBy":"68266805617c9cdcb302f742"},{"members":{"$elemMatch":{"userId.$oid":"68266805617c9cdcb302f742"}}},{"supervisor.userId.$oid":"68266805617c9cdcb302f742"}]}
2025-05-19 13:15:10 - Admin user, showing all projects
2025-05-19 13:15:10 - Found 9 projects
2025-05-19 13:15:16 - SESSION: Array
(
    [logged_in] => 1
    [user_type] => faculty
    [user_data] => Array
        (
            [_id] => Array
                (
                    [$oid] => 68266805617c9cdcb302f742
                )

            [name] => Samin
            [email] => www.mayen017@gmail.com
            [role] => admin
        )

    [user_id] => 68266805617c9cdcb302f742
)

2025-05-19 13:15:16 - UserId extracted: 68266805617c9cdcb302f742, isLoggedIn: true
2025-05-19 13:15:16 - Filter: {"$or":[{"createdBy":"68266805617c9cdcb302f742"},{"members":{"$elemMatch":{"userId.$oid":"68266805617c9cdcb302f742"}}},{"supervisor.userId.$oid":"68266805617c9cdcb302f742"}]}
2025-05-19 13:15:16 - Admin user, showing all projects
2025-05-19 13:15:17 - Found 9 projects
2025-05-19 13:15:22 - SESSION: Array
(
    [logged_in] => 1
    [user_type] => faculty
    [user_data] => Array
        (
            [_id] => Array
                (
                    [$oid] => 68266805617c9cdcb302f742
                )

            [name] => Samin
            [email] => www.mayen017@gmail.com
            [role] => admin
        )

    [user_id] => 68266805617c9cdcb302f742
)

2025-05-19 13:15:22 - UserId extracted: 68266805617c9cdcb302f742, isLoggedIn: true
2025-05-19 13:15:22 - Filter: {"$or":[{"createdBy":"68266805617c9cdcb302f742"},{"members":{"$elemMatch":{"userId.$oid":"68266805617c9cdcb302f742"}}},{"supervisor.userId.$oid":"68266805617c9cdcb302f742"}]}
2025-05-19 13:15:22 - Admin user, showing all projects
2025-05-19 13:15:22 - Found 9 projects
2025-05-19 13:15:32 - SESSION: Array
(
    [logged_in] => 1
    [user_type] => faculty
    [user_data] => Array
        (
            [_id] => Array
                (
                    [$oid] => 68266805617c9cdcb302f742
                )

            [name] => Samin
            [email] => www.mayen017@gmail.com
            [role] => admin
        )

    [user_id] => 68266805617c9cdcb302f742
)

2025-05-19 13:15:32 - UserId extracted: 68266805617c9cdcb302f742, isLoggedIn: true
2025-05-19 13:15:32 - Filter: {"$or":[{"createdBy":"68266805617c9cdcb302f742"},{"members":{"$elemMatch":{"userId.$oid":"68266805617c9cdcb302f742"}}},{"supervisor.userId.$oid":"68266805617c9cdcb302f742"}]}
2025-05-19 13:15:32 - Admin user, showing all projects
2025-05-19 13:15:32 - Found 9 projects
2025-05-19 13:26:39 - SESSION: Array
(
    [logged_in] => 1
    [user_type] => faculty
    [user_data] => Array
        (
            [_id] => Array
                (
                    [$oid] => 68266805617c9cdcb302f742
                )

            [name] => Samin
            [email] => www.mayen017@gmail.com
            [role] => admin
        )

    [user_id] => 68266805617c9cdcb302f742
)

2025-05-19 13:26:39 - UserId extracted: 68266805617c9cdcb302f742, isLoggedIn: true
2025-05-19 13:26:39 - Filter: {"$or":[{"createdBy":"68266805617c9cdcb302f742"},{"createdBy.$oid":"68266805617c9cdcb302f742"},{"members":{"$elemMatch":{"userId":"68266805617c9cdcb302f742"}}},{"members":{"$elemMatch":{"userId.$oid":"68266805617c9cdcb302f742"}}},{"supervisor.userId.$oid":"68266805617c9cdcb302f742"},{"supervisor.userId":"68266805617c9cdcb302f742"}]}
2025-05-19 13:26:39 - Admin user, showing all projects
2025-05-19 13:26:39 - Found 9 projects
2025-05-19 14:16:55 - SESSION: Array
(
    [logged_in] => 1
    [user_type] => faculty
    [user_data] => Array
        (
            [_id] => Array
                (
                    [$oid] => 682ae3d4314b6622be02c124
                )

            [name] => Mayen
            [email] => www.mayen@gmail.com
            [role] => resident
        )

    [user_id] => 682ae3d4314b6622be02c124
)

2025-05-19 14:16:55 - UserId extracted: 682ae3d4314b6622be02c124, isLoggedIn: true
2025-05-19 14:16:55 - Filter: {"$or":[{"createdBy":"682ae3d4314b6622be02c124"},{"createdBy.$oid":"682ae3d4314b6622be02c124"},{"members":{"$elemMatch":{"userId":"682ae3d4314b6622be02c124"}}},{"members":{"$elemMatch":{"userId.$oid":"682ae3d4314b6622be02c124"}}},{"supervisor.userId.$oid":"682ae3d4314b6622be02c124"},{"supervisor.userId":"682ae3d4314b6622be02c124"}]}
2025-05-19 14:16:56 - Found 0 projects
2025-05-19 14:20:56 - SESSION: Array
(
    [logged_in] => 1
    [user_type] => faculty
    [user_data] => Array
        (
            [_id] => Array
                (
                    [$oid] => 682ae3d4314b6622be02c124
                )

            [name] => Mayen
            [email] => www.mayen@gmail.com
            [role] => resident
        )

    [user_id] => 682ae3d4314b6622be02c124
)

2025-05-19 14:20:56 - UserId extracted: 682ae3d4314b6622be02c124, isLoggedIn: true
2025-05-19 14:20:56 - Filter: {"$or":[{"createdBy":"682ae3d4314b6622be02c124"},{"createdBy.$oid":"682ae3d4314b6622be02c124"},{"members":{"$elemMatch":{"userId":"682ae3d4314b6622be02c124"}}},{"members":{"$elemMatch":{"userId.$oid":"682ae3d4314b6622be02c124"}}},{"supervisor.userId.$oid":"682ae3d4314b6622be02c124"},{"supervisor.userId":"682ae3d4314b6622be02c124"}]}
2025-05-19 14:20:56 - Found 0 projects
2025-05-19 14:23:35 - SESSION: Array
(
    [logged_in] => 1
    [user_type] => faculty
    [user_data] => Array
        (
            [_id] => Array
                (
                    [$oid] => 682ae3d4314b6622be02c124
                )

            [name] => Mayen
            [email] => www.mayen@gmail.com
            [role] => resident
        )

    [user_id] => 682ae3d4314b6622be02c124
)

2025-05-19 14:23:35 - UserId extracted: 682ae3d4314b6622be02c124, isLoggedIn: true
2025-05-19 14:23:35 - Filter: {"$or":[{"createdBy":"682ae3d4314b6622be02c124"},{"createdBy.$oid":"682ae3d4314b6622be02c124"},{"members":{"$elemMatch":{"userId":"682ae3d4314b6622be02c124"}}},{"members":{"$elemMatch":{"userId.$oid":"682ae3d4314b6622be02c124"}}},{"supervisor.userId.$oid":"682ae3d4314b6622be02c124"},{"supervisor.userId":"682ae3d4314b6622be02c124"}]}
2025-05-19 14:23:35 - Found 0 projects
2025-05-19 14:25:17 - SESSION: Array
(
    [logged_in] => 1
    [user_type] => faculty
    [user_data] => Array
        (
            [_id] => Array
                (
                    [$oid] => 682ae3d4314b6622be02c124
                )

            [name] => Mayen
            [email] => www.mayen@gmail.com
            [role] => resident
        )

    [user_id] => 682ae3d4314b6622be02c124
)

2025-05-19 14:25:17 - UserId extracted: 682ae3d4314b6622be02c124, isLoggedIn: true
2025-05-19 14:25:17 - Filter: {"$or":[{"createdBy":"682ae3d4314b6622be02c124"},{"createdBy.$oid":"682ae3d4314b6622be02c124"},{"members":{"$elemMatch":{"userId":"682ae3d4314b6622be02c124"}}},{"members":{"$elemMatch":{"userId.$oid":"682ae3d4314b6622be02c124"}}},{"supervisor.userId.$oid":"682ae3d4314b6622be02c124"},{"supervisor.userId":"682ae3d4314b6622be02c124"}]}
2025-05-19 14:25:17 - Found 0 projects
2025-05-19 14:59:06 - SESSION: Array
(
    [logged_in] => 1
    [user_type] => faculty
    [user_data] => Array
        (
            [_id] => Array
                (
                    [$oid] => 682ae3d4314b6622be02c124
                )

            [name] => Mayen
            [email] => www.mayen@gmail.com
            [role] => resident
        )

    [user_id] => 682ae3d4314b6622be02c124
)

2025-05-19 14:59:06 - UserId extracted: 682ae3d4314b6622be02c124, isLoggedIn: true
2025-05-19 14:59:06 - Filter: {"$or":[{"createdBy":"682ae3d4314b6622be02c124"},{"createdBy.$oid":"682ae3d4314b6622be02c124"},{"members":{"$elemMatch":{"userId":"682ae3d4314b6622be02c124"}}},{"members":{"$elemMatch":{"userId.$oid":"682ae3d4314b6622be02c124"}}},{"supervisor.userId.$oid":"682ae3d4314b6622be02c124"},{"supervisor.userId":"682ae3d4314b6622be02c124"}]}
2025-05-19 14:59:07 - Found 0 projects
2025-05-19 19:24:36 - SESSION: Array
(
)

2025-05-19 19:24:36 - UserId extracted: , isLoggedIn: false
2025-05-19 19:24:37 - Not logged in, showing public projects
2025-05-19 19:24:38 - Found 8 projects
2025-05-20 05:12:49 - SESSION: Array
(
    [logged_in] => 1
    [user_type] => faculty
    [user_data] => Array
        (
            [_id] => Array
                (
                    [$oid] => 68266805617c9cdcb302f742
                )

            [name] => Samin
            [email] => www.mayen017@gmail.com
            [role] => admin
        )

    [user_id] => 68266805617c9cdcb302f742
)

2025-05-20 05:12:49 - UserId extracted: 68266805617c9cdcb302f742, isLoggedIn: true
2025-05-20 05:12:49 - Filter: {"$or":[{"createdBy":"68266805617c9cdcb302f742"},{"createdBy.$oid":"68266805617c9cdcb302f742"},{"members":{"$elemMatch":{"userId":"68266805617c9cdcb302f742"}}},{"members":{"$elemMatch":{"userId.$oid":"68266805617c9cdcb302f742"}}},{"supervisor.userId.$oid":"68266805617c9cdcb302f742"},{"supervisor.userId":"68266805617c9cdcb302f742"}]}
2025-05-20 05:12:49 - Admin user, showing all projects
2025-05-20 05:12:49 - Found 9 projects
2025-05-20 05:14:49 - SESSION: Array
(
    [logged_in] => 1
    [user_type] => faculty
    [user_data] => Array
        (
            [_id] => Array
                (
                    [$oid] => 68266805617c9cdcb302f742
                )

            [name] => Samin
            [email] => www.mayen017@gmail.com
            [role] => admin
        )

    [user_id] => 68266805617c9cdcb302f742
)

2025-05-20 05:14:49 - UserId extracted: 68266805617c9cdcb302f742, isLoggedIn: true
2025-05-20 05:14:49 - Filter: {"$or":[{"createdBy":"68266805617c9cdcb302f742"},{"createdBy.$oid":"68266805617c9cdcb302f742"},{"members":{"$elemMatch":{"userId":"68266805617c9cdcb302f742"}}},{"members":{"$elemMatch":{"userId.$oid":"68266805617c9cdcb302f742"}}},{"supervisor.userId.$oid":"68266805617c9cdcb302f742"},{"supervisor.userId":"68266805617c9cdcb302f742"}]}
2025-05-20 05:14:49 - Admin user, showing all projects
2025-05-20 05:14:50 - Found 9 projects
2025-05-19 20:03:43 - SESSION: Array
(
    [logged_in] => 1
    [user_type] => faculty
    [user_data] => Array
        (
            [_id] => Array
                (
                    [$oid] => 68266805617c9cdcb302f742
                )

            [name] => Samin
            [email] => www.mayen017@gmail.com
            [role] => admin
        )

    [user_id] => 68266805617c9cdcb302f742
)

2025-05-19 20:03:43 - UserId extracted: 68266805617c9cdcb302f742, isLoggedIn: true
2025-05-19 20:03:43 - Filter: {"$or":[{"createdBy":"68266805617c9cdcb302f742"},{"createdBy.$oid":"68266805617c9cdcb302f742"},{"members":{"$elemMatch":{"userId":"68266805617c9cdcb302f742"}}},{"members":{"$elemMatch":{"userId.$oid":"68266805617c9cdcb302f742"}}},{"supervisor.userId.$oid":"68266805617c9cdcb302f742"},{"supervisor.userId":"68266805617c9cdcb302f742"}]}
2025-05-19 20:03:43 - Admin user, showing all projects
2025-05-19 20:03:46 - Found 9 projects
2025-05-21 17:12:43 - SESSION: Array
(
    [logged_in] => 1
    [user_type] => faculty
    [user_data] => Array
        (
            [_id] => Array
                (
                    [$oid] => 68266805617c9cdcb302f742
                )

            [name] => Samin
            [email] => www.mayen017@gmail.com
            [role] => admin
        )

    [upvote_state] => Array
        (
            [67e9968f218eca1c6f0d2ae8] => 1
            [67e9963e218eca1c6f0d2ae7] => 1
            [6602cfe7a1b23f0a9c123008] => 1
        )

)

2025-05-21 17:12:43 - UserId extracted: 68266805617c9cdcb302f742, isLoggedIn: true
2025-05-21 17:12:43 - Filter: {"$or":[{"createdBy":"68266805617c9cdcb302f742"},{"createdBy.$oid":"68266805617c9cdcb302f742"},{"members":{"$elemMatch":{"userId":"68266805617c9cdcb302f742"}}},{"members":{"$elemMatch":{"userId.$oid":"68266805617c9cdcb302f742"}}},{"supervisor.userId.$oid":"68266805617c9cdcb302f742"},{"supervisor.userId":"68266805617c9cdcb302f742"}]}
2025-05-21 17:12:43 - Admin user, showing all projects
2025-05-21 17:12:44 - Found 9 projects
2025-05-22 15:40:26 - SESSION: Array
(
    [logged_in] => 1
    [user_type] => faculty
    [user_data] => Array
        (
            [_id] => Array
                (
                    [$oid] => 68266805617c9cdcb302f742
                )

            [name] => Samin
            [email] => www.mayen017@gmail.com
            [role] => admin
        )

    [upvote_state] => Array
        (
            [67e9968f218eca1c6f0d2ae8] => 1
            [67e9963e218eca1c6f0d2ae7] => 1
            [6602cfe7a1b23f0a9c123008] => 1
        )

)

2025-05-22 15:40:26 - UserId extracted: 68266805617c9cdcb302f742, isLoggedIn: true
2025-05-22 15:40:26 - Filter: {"$or":[{"createdBy":"68266805617c9cdcb302f742"},{"createdBy.$oid":"68266805617c9cdcb302f742"},{"members":{"$elemMatch":{"userId":"68266805617c9cdcb302f742"}}},{"members":{"$elemMatch":{"userId.$oid":"68266805617c9cdcb302f742"}}},{"supervisor.userId.$oid":"68266805617c9cdcb302f742"},{"supervisor.userId":"68266805617c9cdcb302f742"}]}
2025-05-22 15:40:26 - Admin user, showing all projects
2025-05-22 15:40:27 - Found 9 projects
2025-05-22 15:49:58 - SESSION: Array
(
    [logged_in] => 1
    [user_type] => faculty
    [user_data] => Array
        (
            [_id] => Array
                (
                    [$oid] => 68266805617c9cdcb302f742
                )

            [name] => Samin
            [email] => www.mayen017@gmail.com
            [role] => admin
        )

    [upvote_state] => Array
        (
            [67e9968f218eca1c6f0d2ae8] => 1
            [67e9963e218eca1c6f0d2ae7] => 1
            [6602cfe7a1b23f0a9c123008] => 1
        )

)

2025-05-22 15:49:58 - UserId extracted: 68266805617c9cdcb302f742, isLoggedIn: true
2025-05-22 15:49:58 - Filter: {"$or":[{"createdBy":"68266805617c9cdcb302f742"},{"createdBy.$oid":"68266805617c9cdcb302f742"},{"members":{"$elemMatch":{"userId":"68266805617c9cdcb302f742"}}},{"members":{"$elemMatch":{"userId.$oid":"68266805617c9cdcb302f742"}}},{"supervisor.userId.$oid":"68266805617c9cdcb302f742"},{"supervisor.userId":"68266805617c9cdcb302f742"}]}
2025-05-22 15:49:58 - Admin user, showing all projects
2025-05-22 15:49:59 - Found 9 projects
2025-05-22 15:59:42 - SESSION: Array
(
    [logged_in] => 1
    [user_type] => faculty
    [user_data] => Array
        (
            [_id] => Array
                (
                    [$oid] => 68266805617c9cdcb302f742
                )

            [name] => Samin
            [email] => www.mayen017@gmail.com
            [role] => admin
        )

    [upvote_state] => Array
        (
            [67e9968f218eca1c6f0d2ae8] => 1
            [67e9963e218eca1c6f0d2ae7] => 1
            [6602cfe7a1b23f0a9c123008] => 1
        )

)

2025-05-22 15:59:42 - UserId extracted: 68266805617c9cdcb302f742, isLoggedIn: true
2025-05-22 15:59:42 - Filter: {"$or":[{"createdBy":"68266805617c9cdcb302f742"},{"createdBy.$oid":"68266805617c9cdcb302f742"},{"members":{"$elemMatch":{"userId":"68266805617c9cdcb302f742"}}},{"members":{"$elemMatch":{"userId.$oid":"68266805617c9cdcb302f742"}}},{"supervisor.userId.$oid":"68266805617c9cdcb302f742"},{"supervisor.userId":"68266805617c9cdcb302f742"}]}
2025-05-22 15:59:42 - Admin user, showing all projects
2025-05-22 15:59:42 - Found 9 projects
2025-05-22 16:05:42 - SESSION: Array
(
    [logged_in] => 1
    [user_type] => faculty
    [user_data] => Array
        (
            [_id] => Array
                (
                    [$oid] => 68266805617c9cdcb302f742
                )

            [name] => Samin
            [email] => www.mayen017@gmail.com
            [role] => admin
        )

    [upvote_state] => Array
        (
            [67e9968f218eca1c6f0d2ae8] => 1
            [67e9963e218eca1c6f0d2ae7] => 1
            [6602cfe7a1b23f0a9c123008] => 1
        )

)

2025-05-22 16:05:42 - UserId extracted: 68266805617c9cdcb302f742, isLoggedIn: true
2025-05-22 16:05:42 - Filter: {"$or":[{"createdBy":"68266805617c9cdcb302f742"},{"createdBy.$oid":"68266805617c9cdcb302f742"},{"members":{"$elemMatch":{"userId":"68266805617c9cdcb302f742"}}},{"members":{"$elemMatch":{"userId.$oid":"68266805617c9cdcb302f742"}}},{"supervisor.userId.$oid":"68266805617c9cdcb302f742"},{"supervisor.userId":"68266805617c9cdcb302f742"}]}
2025-05-22 16:05:42 - Admin user, showing all projects
2025-05-22 16:05:43 - Found 9 projects
2025-05-22 16:09:07 - SESSION: Array
(
    [logged_in] => 1
    [user_type] => faculty
    [user_data] => Array
        (
            [_id] => Array
                (
                    [$oid] => 68266805617c9cdcb302f742
                )

            [name] => Samin
            [email] => www.mayen017@gmail.com
            [role] => admin
        )

    [upvote_state] => Array
        (
            [67e9968f218eca1c6f0d2ae8] => 1
            [67e9963e218eca1c6f0d2ae7] => 1
            [6602cfe7a1b23f0a9c123008] => 1
        )

)

2025-05-22 16:09:07 - UserId extracted: 68266805617c9cdcb302f742, isLoggedIn: true
2025-05-22 16:09:07 - Filter: {"$or":[{"createdBy":"68266805617c9cdcb302f742"},{"createdBy.$oid":"68266805617c9cdcb302f742"},{"members":{"$elemMatch":{"userId":"68266805617c9cdcb302f742"}}},{"members":{"$elemMatch":{"userId.$oid":"68266805617c9cdcb302f742"}}},{"supervisor.userId.$oid":"68266805617c9cdcb302f742"},{"supervisor.userId":"68266805617c9cdcb302f742"}]}
2025-05-22 16:09:07 - Admin user, showing all projects
2025-05-22 16:09:07 - Found 9 projects
2025-05-22 16:12:35 - SESSION: Array
(
    [logged_in] => 1
    [user_type] => faculty
    [user_data] => Array
        (
            [_id] => Array
                (
                    [$oid] => 68266805617c9cdcb302f742
                )

            [name] => Samin
            [email] => www.mayen017@gmail.com
            [role] => admin
        )

    [upvote_state] => Array
        (
            [67e9968f218eca1c6f0d2ae8] => 1
            [67e9963e218eca1c6f0d2ae7] => 1
            [6602cfe7a1b23f0a9c123008] => 1
        )

)

2025-05-22 16:12:35 - UserId extracted: 68266805617c9cdcb302f742, isLoggedIn: true
2025-05-22 16:12:35 - Filter: {"$or":[{"createdBy":"68266805617c9cdcb302f742"},{"createdBy.$oid":"68266805617c9cdcb302f742"},{"members":{"$elemMatch":{"userId":"68266805617c9cdcb302f742"}}},{"members":{"$elemMatch":{"userId.$oid":"68266805617c9cdcb302f742"}}},{"supervisor.userId.$oid":"68266805617c9cdcb302f742"},{"supervisor.userId":"68266805617c9cdcb302f742"}]}
2025-05-22 16:12:35 - Admin user, showing all projects
2025-05-22 16:12:35 - Found 9 projects
2025-05-22 16:15:38 - SESSION: Array
(
    [logged_in] => 1
    [user_type] => faculty
    [user_data] => Array
        (
            [_id] => Array
                (
                    [$oid] => 68266805617c9cdcb302f742
                )

            [name] => Samin
            [email] => www.mayen017@gmail.com
            [role] => admin
        )

    [upvote_state] => Array
        (
            [67e9968f218eca1c6f0d2ae8] => 1
            [67e9963e218eca1c6f0d2ae7] => 1
            [6602cfe7a1b23f0a9c123008] => 1
        )

)

2025-05-22 16:15:38 - UserId extracted: 68266805617c9cdcb302f742, isLoggedIn: true
2025-05-22 16:15:38 - Filter: {"$or":[{"createdBy":"68266805617c9cdcb302f742"},{"createdBy.$oid":"68266805617c9cdcb302f742"},{"members":{"$elemMatch":{"userId":"68266805617c9cdcb302f742"}}},{"members":{"$elemMatch":{"userId.$oid":"68266805617c9cdcb302f742"}}},{"supervisor.userId.$oid":"68266805617c9cdcb302f742"},{"supervisor.userId":"68266805617c9cdcb302f742"}]}
2025-05-22 16:15:38 - Admin user, showing all projects
2025-05-22 16:15:39 - Found 9 projects
2025-05-22 16:21:20 - SESSION: Array
(
    [logged_in] => 1
    [user_type] => faculty
    [user_data] => Array
        (
            [_id] => Array
                (
                    [$oid] => 68266805617c9cdcb302f742
                )

            [name] => Samin
            [email] => www.mayen017@gmail.com
            [role] => admin
        )

    [upvote_state] => Array
        (
            [67e9968f218eca1c6f0d2ae8] => 1
            [67e9963e218eca1c6f0d2ae7] => 1
            [6602cfe7a1b23f0a9c123008] => 1
        )

)

2025-05-22 16:21:20 - UserId extracted: 68266805617c9cdcb302f742, isLoggedIn: true
2025-05-22 16:21:20 - Filter: {"$or":[{"createdBy":"68266805617c9cdcb302f742"},{"createdBy.$oid":"68266805617c9cdcb302f742"},{"members":{"$elemMatch":{"userId":"68266805617c9cdcb302f742"}}},{"members":{"$elemMatch":{"userId.$oid":"68266805617c9cdcb302f742"}}},{"supervisor.userId.$oid":"68266805617c9cdcb302f742"},{"supervisor.userId":"68266805617c9cdcb302f742"}]}
2025-05-22 16:21:20 - Admin user, showing all projects
2025-05-22 16:21:20 - Found 9 projects
2025-05-22 16:23:05 - SESSION: Array
(
    [logged_in] => 1
    [user_type] => faculty
    [user_data] => Array
        (
            [_id] => Array
                (
                    [$oid] => 68266805617c9cdcb302f742
                )

            [name] => Samin
            [email] => www.mayen017@gmail.com
            [role] => admin
        )

    [upvote_state] => Array
        (
            [67e9968f218eca1c6f0d2ae8] => 1
            [67e9963e218eca1c6f0d2ae7] => 1
            [6602cfe7a1b23f0a9c123008] => 1
        )

)

2025-05-22 16:23:05 - UserId extracted: 68266805617c9cdcb302f742, isLoggedIn: true
2025-05-22 16:23:05 - Filter: {"$or":[{"createdBy":"68266805617c9cdcb302f742"},{"createdBy.$oid":"68266805617c9cdcb302f742"},{"members":{"$elemMatch":{"userId":"68266805617c9cdcb302f742"}}},{"members":{"$elemMatch":{"userId.$oid":"68266805617c9cdcb302f742"}}},{"supervisor.userId.$oid":"68266805617c9cdcb302f742"},{"supervisor.userId":"68266805617c9cdcb302f742"}]}
2025-05-22 16:23:05 - Admin user, showing all projects
2025-05-22 16:23:05 - Found 9 projects
2025-05-22 16:24:43 - SESSION: Array
(
    [logged_in] => 1
    [user_type] => faculty
    [user_data] => Array
        (
            [_id] => Array
                (
                    [$oid] => 68266805617c9cdcb302f742
                )

            [name] => Samin
            [email] => www.mayen017@gmail.com
            [role] => admin
        )

    [upvote_state] => Array
        (
            [67e9968f218eca1c6f0d2ae8] => 1
            [67e9963e218eca1c6f0d2ae7] => 1
            [6602cfe7a1b23f0a9c123008] => 1
        )

)

2025-05-22 16:24:43 - UserId extracted: 68266805617c9cdcb302f742, isLoggedIn: true
2025-05-22 16:24:43 - Filter: {"$or":[{"createdBy":"68266805617c9cdcb302f742"},{"createdBy.$oid":"68266805617c9cdcb302f742"},{"members":{"$elemMatch":{"userId":"68266805617c9cdcb302f742"}}},{"members":{"$elemMatch":{"userId.$oid":"68266805617c9cdcb302f742"}}},{"supervisor.userId.$oid":"68266805617c9cdcb302f742"},{"supervisor.userId":"68266805617c9cdcb302f742"}]}
2025-05-22 16:24:43 - Admin user, showing all projects
2025-05-22 16:24:43 - Found 9 projects
2025-05-22 16:27:43 - SESSION: Array
(
    [logged_in] => 1
    [user_type] => faculty
    [user_data] => Array
        (
            [_id] => Array
                (
                    [$oid] => 68266805617c9cdcb302f742
                )

            [name] => Samin
            [email] => www.mayen017@gmail.com
            [role] => admin
        )

    [upvote_state] => Array
        (
            [67e9968f218eca1c6f0d2ae8] => 1
            [67e9963e218eca1c6f0d2ae7] => 1
            [6602cfe7a1b23f0a9c123008] => 1
        )

)

2025-05-22 16:27:43 - UserId extracted: 68266805617c9cdcb302f742, isLoggedIn: true
2025-05-22 16:27:43 - Filter: {"$or":[{"createdBy":"68266805617c9cdcb302f742"},{"createdBy.$oid":"68266805617c9cdcb302f742"},{"members":{"$elemMatch":{"userId":"68266805617c9cdcb302f742"}}},{"members":{"$elemMatch":{"userId.$oid":"68266805617c9cdcb302f742"}}},{"supervisor.userId.$oid":"68266805617c9cdcb302f742"},{"supervisor.userId":"68266805617c9cdcb302f742"}]}
2025-05-22 16:27:43 - Admin user, showing all projects
2025-05-22 16:27:44 - Found 9 projects
2025-05-22 16:32:12 - SESSION: Array
(
    [logged_in] => 1
    [user_type] => faculty
    [user_data] => Array
        (
            [_id] => Array
                (
                    [$oid] => 68266805617c9cdcb302f742
                )

            [name] => Samin
            [email] => www.mayen017@gmail.com
            [role] => admin
        )

    [upvote_state] => Array
        (
            [67e9968f218eca1c6f0d2ae8] => 1
            [67e9963e218eca1c6f0d2ae7] => 1
            [6602cfe7a1b23f0a9c123008] => 1
        )

)

2025-05-22 16:32:12 - UserId extracted: 68266805617c9cdcb302f742, isLoggedIn: true
2025-05-22 16:32:12 - Filter: {"$or":[{"createdBy":"68266805617c9cdcb302f742"},{"createdBy.$oid":"68266805617c9cdcb302f742"},{"members":{"$elemMatch":{"userId":"68266805617c9cdcb302f742"}}},{"members":{"$elemMatch":{"userId.$oid":"68266805617c9cdcb302f742"}}},{"supervisor.userId.$oid":"68266805617c9cdcb302f742"},{"supervisor.userId":"68266805617c9cdcb302f742"}]}
2025-05-22 16:32:12 - Admin user, showing all projects
2025-05-22 16:32:12 - Found 9 projects
2025-05-22 16:34:15 - SESSION: Array
(
    [logged_in] => 1
    [user_type] => faculty
    [user_data] => Array
        (
            [_id] => Array
                (
                    [$oid] => 68266805617c9cdcb302f742
                )

            [name] => Samin
            [email] => www.mayen017@gmail.com
            [role] => admin
        )

    [upvote_state] => Array
        (
            [67e9968f218eca1c6f0d2ae8] => 1
            [67e9963e218eca1c6f0d2ae7] => 1
            [6602cfe7a1b23f0a9c123008] => 1
        )

)

2025-05-22 16:34:15 - UserId extracted: 68266805617c9cdcb302f742, isLoggedIn: true
2025-05-22 16:34:15 - Filter: {"$or":[{"createdBy":"68266805617c9cdcb302f742"},{"createdBy.$oid":"68266805617c9cdcb302f742"},{"members":{"$elemMatch":{"userId":"68266805617c9cdcb302f742"}}},{"members":{"$elemMatch":{"userId.$oid":"68266805617c9cdcb302f742"}}},{"supervisor.userId.$oid":"68266805617c9cdcb302f742"},{"supervisor.userId":"68266805617c9cdcb302f742"}]}
2025-05-22 16:34:15 - Admin user, showing all projects
2025-05-22 16:34:16 - Found 9 projects
2025-05-22 16:37:27 - SESSION: Array
(
    [logged_in] => 1
    [user_type] => faculty
    [user_data] => Array
        (
            [_id] => Array
                (
                    [$oid] => 68266805617c9cdcb302f742
                )

            [name] => Samin
            [email] => www.mayen017@gmail.com
            [role] => admin
        )

    [upvote_state] => Array
        (
            [67e9968f218eca1c6f0d2ae8] => 1
            [67e9963e218eca1c6f0d2ae7] => 1
            [6602cfe7a1b23f0a9c123008] => 1
        )

)

2025-05-22 16:37:27 - UserId extracted: 68266805617c9cdcb302f742, isLoggedIn: true
2025-05-22 16:37:27 - Filter: {"$or":[{"createdBy":"68266805617c9cdcb302f742"},{"createdBy.$oid":"68266805617c9cdcb302f742"},{"members":{"$elemMatch":{"userId":"68266805617c9cdcb302f742"}}},{"members":{"$elemMatch":{"userId.$oid":"68266805617c9cdcb302f742"}}},{"supervisor.userId.$oid":"68266805617c9cdcb302f742"},{"supervisor.userId":"68266805617c9cdcb302f742"}]}
2025-05-22 16:37:27 - Admin user, showing all projects
2025-05-22 16:37:28 - Found 9 projects
2025-05-22 16:42:20 - SESSION: Array
(
    [logged_in] => 1
    [user_type] => faculty
    [user_data] => Array
        (
            [_id] => Array
                (
                    [$oid] => 68266805617c9cdcb302f742
                )

            [name] => Samin
            [email] => www.mayen017@gmail.com
            [role] => admin
        )

    [upvote_state] => Array
        (
            [67e9968f218eca1c6f0d2ae8] => 1
            [67e9963e218eca1c6f0d2ae7] => 1
            [6602cfe7a1b23f0a9c123008] => 1
        )

)

2025-05-22 16:42:20 - UserId extracted: 68266805617c9cdcb302f742, isLoggedIn: true
2025-05-22 16:42:21 - Filter: {"$or":[{"createdBy":"68266805617c9cdcb302f742"},{"createdBy.$oid":"68266805617c9cdcb302f742"},{"members":{"$elemMatch":{"userId":"68266805617c9cdcb302f742"}}},{"members":{"$elemMatch":{"userId.$oid":"68266805617c9cdcb302f742"}}},{"supervisor.userId.$oid":"68266805617c9cdcb302f742"},{"supervisor.userId":"68266805617c9cdcb302f742"}]}
2025-05-22 16:42:21 - Admin user, showing all projects
2025-05-22 16:42:21 - Found 9 projects
2025-05-22 16:44:36 - SESSION: Array
(
    [logged_in] => 1
    [user_type] => faculty
    [user_data] => Array
        (
            [_id] => Array
                (
                    [$oid] => 68266805617c9cdcb302f742
                )

            [name] => Samin
            [email] => www.mayen017@gmail.com
            [role] => admin
        )

    [upvote_state] => Array
        (
            [67e9968f218eca1c6f0d2ae8] => 1
            [67e9963e218eca1c6f0d2ae7] => 1
            [6602cfe7a1b23f0a9c123008] => 1
        )

)

2025-05-22 16:44:36 - UserId extracted: 68266805617c9cdcb302f742, isLoggedIn: true
2025-05-22 16:44:36 - Filter: {"$or":[{"createdBy":"68266805617c9cdcb302f742"},{"createdBy.$oid":"68266805617c9cdcb302f742"},{"members":{"$elemMatch":{"userId":"68266805617c9cdcb302f742"}}},{"members":{"$elemMatch":{"userId.$oid":"68266805617c9cdcb302f742"}}},{"supervisor.userId.$oid":"68266805617c9cdcb302f742"},{"supervisor.userId":"68266805617c9cdcb302f742"}]}
2025-05-22 16:44:36 - Admin user, showing all projects
2025-05-22 16:44:36 - Found 10 projects
2025-05-22 16:47:08 - SESSION: Array
(
    [logged_in] => 1
    [user_type] => faculty
    [user_data] => Array
        (
            [_id] => Array
                (
                    [$oid] => 68266805617c9cdcb302f742
                )

            [name] => Samin
            [email] => www.mayen017@gmail.com
            [role] => admin
        )

    [upvote_state] => Array
        (
            [67e9968f218eca1c6f0d2ae8] => 1
            [67e9963e218eca1c6f0d2ae7] => 1
            [6602cfe7a1b23f0a9c123008] => 1
        )

)

2025-05-22 16:47:08 - UserId extracted: 68266805617c9cdcb302f742, isLoggedIn: true
2025-05-22 16:47:08 - Filter: {"$or":[{"createdBy":"68266805617c9cdcb302f742"},{"createdBy.$oid":"68266805617c9cdcb302f742"},{"members":{"$elemMatch":{"userId":"68266805617c9cdcb302f742"}}},{"members":{"$elemMatch":{"userId.$oid":"68266805617c9cdcb302f742"}}},{"supervisor.userId.$oid":"68266805617c9cdcb302f742"},{"supervisor.userId":"68266805617c9cdcb302f742"}]}
2025-05-22 16:47:08 - Admin user, showing all projects
2025-05-22 16:47:08 - Found 10 projects
2025-05-22 16:47:23 - SESSION: Array
(
    [logged_in] => 1
    [user_type] => faculty
    [user_data] => Array
        (
            [_id] => Array
                (
                    [$oid] => 68266805617c9cdcb302f742
                )

            [name] => Samin
            [email] => www.mayen017@gmail.com
            [role] => admin
        )

    [upvote_state] => Array
        (
            [67e9968f218eca1c6f0d2ae8] => 1
            [67e9963e218eca1c6f0d2ae7] => 1
            [6602cfe7a1b23f0a9c123008] => 1
        )

)

2025-05-22 16:47:23 - UserId extracted: 68266805617c9cdcb302f742, isLoggedIn: true
2025-05-22 16:47:23 - Filter: {"$or":[{"createdBy":"68266805617c9cdcb302f742"},{"createdBy.$oid":"68266805617c9cdcb302f742"},{"members":{"$elemMatch":{"userId":"68266805617c9cdcb302f742"}}},{"members":{"$elemMatch":{"userId.$oid":"68266805617c9cdcb302f742"}}},{"supervisor.userId.$oid":"68266805617c9cdcb302f742"},{"supervisor.userId":"68266805617c9cdcb302f742"}]}
2025-05-22 16:47:23 - Admin user, showing all projects
2025-05-22 16:47:23 - Found 10 projects
2025-05-22 17:09:38 - SESSION: Array
(
    [logged_in] => 1
    [user_type] => faculty
    [user_data] => Array
        (
            [_id] => Array
                (
                    [$oid] => 68266805617c9cdcb302f742
                )

            [name] => Samin
            [email] => www.mayen017@gmail.com
            [role] => admin
        )

    [upvote_state] => Array
        (
            [67e9968f218eca1c6f0d2ae8] => 1
            [67e9963e218eca1c6f0d2ae7] => 1
            [6602cfe7a1b23f0a9c123008] => 1
        )

)

2025-05-22 17:09:38 - UserId extracted: 68266805617c9cdcb302f742, isLoggedIn: true
2025-05-22 17:09:38 - Filter: {"$or":[{"createdBy":"68266805617c9cdcb302f742"},{"createdBy.$oid":"68266805617c9cdcb302f742"},{"members":{"$elemMatch":{"userId":"68266805617c9cdcb302f742"}}},{"members":{"$elemMatch":{"userId.$oid":"68266805617c9cdcb302f742"}}},{"supervisor.userId.$oid":"68266805617c9cdcb302f742"},{"supervisor.userId":"68266805617c9cdcb302f742"}]}
2025-05-22 17:09:38 - Admin user, showing all projects
2025-05-22 17:09:39 - Found 10 projects
2025-05-22 17:22:39 - SESSION: Array
(
    [logged_in] => 1
    [user_type] => faculty
    [user_data] => Array
        (
            [_id] => Array
                (
                    [$oid] => 68266805617c9cdcb302f742
                )

            [name] => Samin
            [email] => www.mayen017@gmail.com
            [role] => admin
        )

    [upvote_state] => Array
        (
            [67e9968f218eca1c6f0d2ae8] => 1
            [67e9963e218eca1c6f0d2ae7] => 1
            [6602cfe7a1b23f0a9c123008] => 1
        )

)

2025-05-22 17:22:39 - UserId extracted: 68266805617c9cdcb302f742, isLoggedIn: true
2025-05-22 17:22:39 - Filter: {"$or":[{"createdBy":"68266805617c9cdcb302f742"},{"createdBy.$oid":"68266805617c9cdcb302f742"},{"members":{"$elemMatch":{"userId":"68266805617c9cdcb302f742"}}},{"members":{"$elemMatch":{"userId.$oid":"68266805617c9cdcb302f742"}}},{"supervisor.userId.$oid":"68266805617c9cdcb302f742"},{"supervisor.userId":"68266805617c9cdcb302f742"}]}
2025-05-22 17:22:39 - Admin user, showing all projects
2025-05-22 17:22:40 - Found 10 projects
2025-05-22 17:33:39 - SESSION: Array
(
    [logged_in] => 1
    [user_type] => faculty
    [user_data] => Array
        (
            [_id] => Array
                (
                    [$oid] => 68266805617c9cdcb302f742
                )

            [name] => Samin
            [email] => www.mayen017@gmail.com
            [role] => admin
        )

    [upvote_state] => Array
        (
            [67e9968f218eca1c6f0d2ae8] => 1
            [67e9963e218eca1c6f0d2ae7] => 1
            [6602cfe7a1b23f0a9c123008] => 1
        )

)

2025-05-22 17:33:39 - UserId extracted: 68266805617c9cdcb302f742, isLoggedIn: true
2025-05-22 17:33:40 - Filter: {"$or":[{"createdBy":"68266805617c9cdcb302f742"},{"createdBy.$oid":"68266805617c9cdcb302f742"},{"members":{"$elemMatch":{"userId":"68266805617c9cdcb302f742"}}},{"members":{"$elemMatch":{"userId.$oid":"68266805617c9cdcb302f742"}}},{"supervisor.userId.$oid":"68266805617c9cdcb302f742"},{"supervisor.userId":"68266805617c9cdcb302f742"}]}
2025-05-22 17:33:40 - Admin user, showing all projects
2025-05-22 17:33:42 - Found 10 projects
2025-05-23 06:15:48 - SESSION: Array
(
    [logged_in] => 1
    [user_type] => faculty
    [user_data] => Array
        (
            [_id] => Array
                (
                    [$oid] => 682ae3d4314b6622be02c124
                )

            [name] => Mayen
            [email] => www.mayen@gmail.com
            [role] => resident
        )

    [user_id] => 682ae3d4314b6622be02c124
)

2025-05-23 06:15:48 - UserId extracted: 682ae3d4314b6622be02c124, isLoggedIn: true
2025-05-23 06:15:48 - Filter: {"$or":[{"createdBy":"682ae3d4314b6622be02c124"},{"createdBy.$oid":"682ae3d4314b6622be02c124"},{"members":{"$elemMatch":{"userId":"682ae3d4314b6622be02c124"}}},{"members":{"$elemMatch":{"userId.$oid":"682ae3d4314b6622be02c124"}}},{"supervisor.userId.$oid":"682ae3d4314b6622be02c124"},{"supervisor.userId":"682ae3d4314b6622be02c124"}]}
2025-05-23 06:15:48 - Found 0 projects
2025-05-23 06:42:47 - SESSION: Array
(
    [logged_in] => 1
    [user_type] => faculty
    [user_data] => Array
        (
            [_id] => Array
                (
                    [$oid] => 68266805617c9cdcb302f742
                )

            [name] => Samin
            [email] => www.mayen017@gmail.com
            [role] => admin
        )

    [user_id] => 68266805617c9cdcb302f742
    [error] => Student profile not found
)

2025-05-23 06:42:47 - UserId extracted: 68266805617c9cdcb302f742, isLoggedIn: true
2025-05-23 06:42:47 - Filter: {"$or":[{"createdBy":"68266805617c9cdcb302f742"},{"createdBy.$oid":"68266805617c9cdcb302f742"},{"members":{"$elemMatch":{"userId":"68266805617c9cdcb302f742"}}},{"members":{"$elemMatch":{"userId.$oid":"68266805617c9cdcb302f742"}}},{"supervisor.userId.$oid":"68266805617c9cdcb302f742"},{"supervisor.userId":"68266805617c9cdcb302f742"}]}
2025-05-23 06:42:47 - Admin user, showing all projects
2025-05-23 06:42:48 - Found 10 projects
2025-05-24 09:46:13 - SESSION: Array
(
    [logged_in] => 1
    [user_type] => faculty
    [user_data] => Array
        (
            [_id] => Array
                (
                    [$oid] => 68266805617c9cdcb302f742
                )

            [name] => Samin
            [email] => www.mayen017@gmail.com
            [bio] => test
            [phone] => 
            [linkedin] => https://github.com/syed-nafis/uiurp
            [github] => https://github.com/syed-nafis/uiurp
            [twitter] => https://github.com/syed-nafis/uiurp
            [created_at] => Array
                (
                    [$date] => Array
                        (
                            [$numberLong] => 1747976283257
                        )

                )

            [updated_at] => Array
                (
                    [$date] => Array
                        (
                            [$numberLong] => 1747976283257
                        )

                )

            [skills] => Array
                (
                    [0] => Javascript
                    [1] => Python
                    [2] => HTML
                    [3] => CSS
                )

            [education] => Array
                (
                    [0] => Array
                        (
                            [degree] => BSC
                            [institution] => UIU
                            [field] => computer science engineering
                            [year] => 2026
                        )

                    [1] => Array
                        (
                            [degree] => HSC
                            [institution] => Hatemali college 
                            [field] => Science
                            [year] => 2021
                        )

                )

            [projects] => Array
                (
                )

            [profile_image] => uploads/profile_images/profile_68266805617c9cdcb302f742_1747976283.png
        )

    [user_id] => 68266805617c9cdcb302f742
)

2025-05-24 09:46:13 - UserId extracted: 68266805617c9cdcb302f742, isLoggedIn: true
2025-05-24 09:46:13 - Filter: {"$or":[{"createdBy":"68266805617c9cdcb302f742"},{"createdBy.$oid":"68266805617c9cdcb302f742"},{"members":{"$elemMatch":{"userId":"68266805617c9cdcb302f742"}}},{"members":{"$elemMatch":{"userId.$oid":"68266805617c9cdcb302f742"}}},{"supervisor.userId.$oid":"68266805617c9cdcb302f742"},{"supervisor.userId":"68266805617c9cdcb302f742"}]}
2025-05-24 09:46:15 - Found 2 projects
2025-05-24 09:49:14 - SESSION: Array
(
    [logged_in] => 1
    [user_type] => faculty
    [user_data] => Array
        (
            [_id] => Array
                (
                    [$oid] => 68266805617c9cdcb302f742
                )

            [name] => Samin
            [email] => www.mayen017@gmail.com
            [bio] => test
            [phone] => 
            [linkedin] => https://github.com/syed-nafis/uiurp
            [github] => https://github.com/syed-nafis/uiurp
            [twitter] => https://github.com/syed-nafis/uiurp
            [created_at] => Array
                (
                    [$date] => Array
                        (
                            [$numberLong] => 1747976283257
                        )

                )

            [updated_at] => Array
                (
                    [$date] => Array
                        (
                            [$numberLong] => 1747976283257
                        )

                )

            [skills] => Array
                (
                    [0] => Javascript
                    [1] => Python
                    [2] => HTML
                    [3] => CSS
                )

            [education] => Array
                (
                    [0] => Array
                        (
                            [degree] => BSC
                            [institution] => UIU
                            [field] => computer science engineering
                            [year] => 2026
                        )

                    [1] => Array
                        (
                            [degree] => HSC
                            [institution] => Hatemali college 
                            [field] => Science
                            [year] => 2021
                        )

                )

            [projects] => Array
                (
                )

            [profile_image] => uploads/profile_images/profile_68266805617c9cdcb302f742_1747976283.png
        )

    [user_id] => 68266805617c9cdcb302f742
)

2025-05-24 09:49:14 - UserId extracted: 68266805617c9cdcb302f742, isLoggedIn: true
2025-05-24 09:49:14 - Filter: {"$or":[{"createdBy":"68266805617c9cdcb302f742"},{"createdBy.$oid":"68266805617c9cdcb302f742"},{"members":{"$elemMatch":{"userId":"68266805617c9cdcb302f742"}}},{"members":{"$elemMatch":{"userId.$oid":"68266805617c9cdcb302f742"}}},{"supervisor.userId.$oid":"68266805617c9cdcb302f742"},{"supervisor.userId":"68266805617c9cdcb302f742"}]}
2025-05-24 09:49:14 - Found 2 projects
2025-05-24 09:52:07 - SESSION: Array
(
    [logged_in] => 1
    [user_type] => faculty
    [user_data] => Array
        (
            [_id] => Array
                (
                    [$oid] => 68266805617c9cdcb302f742
                )

            [name] => Samin
            [email] => www.mayen017@gmail.com
            [bio] => test
            [phone] => 
            [linkedin] => https://github.com/syed-nafis/uiurp
            [github] => https://github.com/syed-nafis/uiurp
            [twitter] => https://github.com/syed-nafis/uiurp
            [created_at] => Array
                (
                    [$date] => Array
                        (
                            [$numberLong] => 1747976283257
                        )

                )

            [updated_at] => Array
                (
                    [$date] => Array
                        (
                            [$numberLong] => 1747976283257
                        )

                )

            [skills] => Array
                (
                    [0] => Javascript
                    [1] => Python
                    [2] => HTML
                    [3] => CSS
                )

            [education] => Array
                (
                    [0] => Array
                        (
                            [degree] => BSC
                            [institution] => UIU
                            [field] => computer science engineering
                            [year] => 2026
                        )

                    [1] => Array
                        (
                            [degree] => HSC
                            [institution] => Hatemali college 
                            [field] => Science
                            [year] => 2021
                        )

                )

            [projects] => Array
                (
                )

            [profile_image] => uploads/profile_images/profile_68266805617c9cdcb302f742_1747976283.png
        )

    [user_id] => 68266805617c9cdcb302f742
)

2025-05-24 09:52:07 - UserId extracted: 68266805617c9cdcb302f742, isLoggedIn: true
2025-05-24 09:52:07 - Filter: {"$or":[{"createdBy":"68266805617c9cdcb302f742"},{"createdBy.$oid":"68266805617c9cdcb302f742"},{"members":{"$elemMatch":{"userId":"68266805617c9cdcb302f742"}}},{"members":{"$elemMatch":{"userId.$oid":"68266805617c9cdcb302f742"}}},{"supervisor.userId.$oid":"68266805617c9cdcb302f742"},{"supervisor.userId":"68266805617c9cdcb302f742"}]}
2025-05-24 09:52:07 - Found 2 projects
2025-05-24 09:53:32 - SESSION: Array
(
    [logged_in] => 1
    [user_type] => faculty
    [user_data] => Array
        (
            [_id] => Array
                (
                    [$oid] => 68266805617c9cdcb302f742
                )

            [name] => Samin
            [email] => www.mayen017@gmail.com
            [bio] => test
            [phone] => 
            [linkedin] => https://github.com/syed-nafis/uiurp
            [github] => https://github.com/syed-nafis/uiurp
            [twitter] => https://github.com/syed-nafis/uiurp
            [created_at] => Array
                (
                    [$date] => Array
                        (
                            [$numberLong] => 1747976283257
                        )

                )

            [updated_at] => Array
                (
                    [$date] => Array
                        (
                            [$numberLong] => 1747976283257
                        )

                )

            [skills] => Array
                (
                    [0] => Javascript
                    [1] => Python
                    [2] => HTML
                    [3] => CSS
                )

            [education] => Array
                (
                    [0] => Array
                        (
                            [degree] => BSC
                            [institution] => UIU
                            [field] => computer science engineering
                            [year] => 2026
                        )

                    [1] => Array
                        (
                            [degree] => HSC
                            [institution] => Hatemali college 
                            [field] => Science
                            [year] => 2021
                        )

                )

            [projects] => Array
                (
                )

            [profile_image] => uploads/profile_images/profile_68266805617c9cdcb302f742_1747976283.png
        )

    [user_id] => 68266805617c9cdcb302f742
)

2025-05-24 09:53:32 - UserId extracted: 68266805617c9cdcb302f742, isLoggedIn: true
2025-05-24 09:53:32 - Filter: {"$or":[{"createdBy":"68266805617c9cdcb302f742"},{"createdBy.$oid":"68266805617c9cdcb302f742"},{"members":{"$elemMatch":{"userId":"68266805617c9cdcb302f742"}}},{"members":{"$elemMatch":{"userId.$oid":"68266805617c9cdcb302f742"}}},{"supervisor.userId.$oid":"68266805617c9cdcb302f742"},{"supervisor.userId":"68266805617c9cdcb302f742"}]}
2025-05-24 09:53:32 - Found 2 projects
2025-05-24 10:04:00 - SESSION: Array
(
    [logged_in] => 1
    [user_type] => faculty
    [user_data] => Array
        (
            [_id] => Array
                (
                    [$oid] => 68266805617c9cdcb302f742
                )

            [name] => Samin
            [email] => www.mayen017@gmail.com
            [bio] => test
            [phone] => 
            [linkedin] => https://github.com/syed-nafis/uiurp
            [github] => https://github.com/syed-nafis/uiurp
            [twitter] => https://github.com/syed-nafis/uiurp
            [created_at] => Array
                (
                    [$date] => Array
                        (
                            [$numberLong] => 1747976283257
                        )

                )

            [updated_at] => Array
                (
                    [$date] => Array
                        (
                            [$numberLong] => 1747976283257
                        )

                )

            [skills] => Array
                (
                    [0] => Javascript
                    [1] => Python
                    [2] => HTML
                    [3] => CSS
                )

            [education] => Array
                (
                    [0] => Array
                        (
                            [degree] => BSC
                            [institution] => UIU
                            [field] => computer science engineering
                            [year] => 2026
                        )

                    [1] => Array
                        (
                            [degree] => HSC
                            [institution] => Hatemali college 
                            [field] => Science
                            [year] => 2021
                        )

                )

            [projects] => Array
                (
                )

            [profile_image] => uploads/profile_images/profile_68266805617c9cdcb302f742_1747976283.png
        )

    [user_id] => 68266805617c9cdcb302f742
)

2025-05-24 10:04:00 - UserId extracted: 68266805617c9cdcb302f742, isLoggedIn: true
2025-05-24 10:04:00 - Filter: {"$or":[{"createdBy":"68266805617c9cdcb302f742"},{"createdBy.$oid":"68266805617c9cdcb302f742"},{"members":{"$elemMatch":{"userId":"68266805617c9cdcb302f742"}}},{"members":{"$elemMatch":{"userId.$oid":"68266805617c9cdcb302f742"}}},{"supervisor.userId.$oid":"68266805617c9cdcb302f742"},{"supervisor.userId":"68266805617c9cdcb302f742"}]}
2025-05-24 10:04:01 - Found 2 projects
2025-05-25 09:03:29 - SESSION: Array
(
    [logged_in] => 1
    [user_type] => faculty
    [user_data] => Array
        (
            [_id] => Array
                (
                    [$oid] => 68266805617c9cdcb302f742
                )

            [name] => Samin
            [email] => www.mayen017@gmail.com
            [bio] => test
            [phone] => 
            [linkedin] => https://github.com/syed-nafis/uiurp
            [github] => https://github.com/syed-nafis/uiurp
            [twitter] => https://github.com/syed-nafis/uiurp
            [created_at] => Array
                (
                    [$date] => Array
                        (
                            [$numberLong] => 1747976283257
                        )

                )

            [updated_at] => Array
                (
                    [$date] => Array
                        (
                            [$numberLong] => 1747976283257
                        )

                )

            [skills] => Array
                (
                    [0] => Javascript
                    [1] => Python
                    [2] => HTML
                    [3] => CSS
                )

            [education] => Array
                (
                    [0] => Array
                        (
                            [degree] => BSC
                            [institution] => UIU
                            [field] => computer science engineering
                            [year] => 2026
                        )

                    [1] => Array
                        (
                            [degree] => HSC
                            [institution] => Hatemali college 
                            [field] => Science
                            [year] => 2021
                        )

                )

            [projects] => Array
                (
                )

            [profile_image] => uploads/profile_images/profile_68266805617c9cdcb302f742_1747976283.png
        )

    [user_id] => 68266805617c9cdcb302f742
)

2025-05-25 09:03:29 - UserId extracted: 68266805617c9cdcb302f742, isLoggedIn: true
2025-05-25 09:03:30 - Filter: {"$or":[{"createdBy":"68266805617c9cdcb302f742"},{"createdBy.$oid":"68266805617c9cdcb302f742"},{"members":{"$elemMatch":{"userId":"68266805617c9cdcb302f742"}}},{"members":{"$elemMatch":{"userId.$oid":"68266805617c9cdcb302f742"}}},{"supervisor.userId.$oid":"68266805617c9cdcb302f742"},{"supervisor.userId":"68266805617c9cdcb302f742"}]}
2025-05-25 09:03:31 - Found 2 projects
2025-05-25 09:13:55 - SESSION: Array
(
    [logged_in] => 1
    [user_type] => faculty
    [user_data] => Array
        (
            [_id] => Array
                (
                    [$oid] => 68266805617c9cdcb302f742
                )

            [name] => Samin
            [email] => www.mayen017@gmail.com
            [bio] => test
            [phone] => 
            [linkedin] => https://github.com/syed-nafis/uiurp
            [github] => https://github.com/syed-nafis/uiurp
            [twitter] => https://github.com/syed-nafis/uiurp
            [created_at] => Array
                (
                    [$date] => Array
                        (
                            [$numberLong] => 1747976283257
                        )

                )

            [updated_at] => Array
                (
                    [$date] => Array
                        (
                            [$numberLong] => 1747976283257
                        )

                )

            [skills] => Array
                (
                    [0] => Javascript
                    [1] => Python
                    [2] => HTML
                    [3] => CSS
                )

            [education] => Array
                (
                    [0] => Array
                        (
                            [degree] => BSC
                            [institution] => UIU
                            [field] => computer science engineering
                            [year] => 2026
                        )

                    [1] => Array
                        (
                            [degree] => HSC
                            [institution] => Hatemali college 
                            [field] => Science
                            [year] => 2021
                        )

                )

            [projects] => Array
                (
                )

            [profile_image] => uploads/profile_images/profile_68266805617c9cdcb302f742_1747976283.png
        )

    [user_id] => 68266805617c9cdcb302f742
)

2025-05-25 09:13:55 - UserId extracted: 68266805617c9cdcb302f742, isLoggedIn: true
2025-05-25 09:13:55 - Filter: {"$or":[{"createdBy":"68266805617c9cdcb302f742"},{"createdBy.$oid":"68266805617c9cdcb302f742"},{"members":{"$elemMatch":{"userId":"68266805617c9cdcb302f742"}}},{"members":{"$elemMatch":{"userId.$oid":"68266805617c9cdcb302f742"}}},{"supervisor.userId.$oid":"68266805617c9cdcb302f742"},{"supervisor.userId":"68266805617c9cdcb302f742"}]}
2025-05-25 09:13:55 - Found 2 projects
2025-05-25 09:22:49 - SESSION: Array
(
    [logged_in] => 1
    [user_type] => faculty
    [user_data] => Array
        (
            [_id] => Array
                (
                    [$oid] => 68266805617c9cdcb302f742
                )

            [name] => Samin
            [email] => www.mayen017@gmail.com
            [bio] => test
            [phone] => 
            [linkedin] => https://github.com/syed-nafis/uiurp
            [github] => https://github.com/syed-nafis/uiurp
            [twitter] => https://github.com/syed-nafis/uiurp
            [created_at] => Array
                (
                    [$date] => Array
                        (
                            [$numberLong] => 1747976283257
                        )

                )

            [updated_at] => Array
                (
                    [$date] => Array
                        (
                            [$numberLong] => 1747976283257
                        )

                )

            [skills] => Array
                (
                    [0] => Javascript
                    [1] => Python
                    [2] => HTML
                    [3] => CSS
                )

            [education] => Array
                (
                    [0] => Array
                        (
                            [degree] => BSC
                            [institution] => UIU
                            [field] => computer science engineering
                            [year] => 2026
                        )

                    [1] => Array
                        (
                            [degree] => HSC
                            [institution] => Hatemali college 
                            [field] => Science
                            [year] => 2021
                        )

                )

            [projects] => Array
                (
                )

            [profile_image] => uploads/profile_images/profile_68266805617c9cdcb302f742_1747976283.png
        )

    [user_id] => 68266805617c9cdcb302f742
)

2025-05-25 09:22:49 - UserId extracted: 68266805617c9cdcb302f742, isLoggedIn: true
2025-05-25 09:22:49 - Filter: {"$or":[{"createdBy":"68266805617c9cdcb302f742"},{"createdBy.$oid":"68266805617c9cdcb302f742"},{"members":{"$elemMatch":{"userId":"68266805617c9cdcb302f742"}}},{"members":{"$elemMatch":{"userId.$oid":"68266805617c9cdcb302f742"}}},{"supervisor.userId.$oid":"68266805617c9cdcb302f742"},{"supervisor.userId":"68266805617c9cdcb302f742"}]}
2025-05-25 09:22:49 - Found 2 projects
2025-05-25 09:40:04 - SESSION: Array
(
    [logged_in] => 1
    [user_type] => faculty
    [user_data] => Array
        (
            [_id] => Array
                (
                    [$oid] => 68266805617c9cdcb302f742
                )

            [name] => Samin
            [email] => www.mayen017@gmail.com
            [bio] => test
            [phone] => 
            [linkedin] => https://github.com/syed-nafis/uiurp
            [github] => https://github.com/syed-nafis/uiurp
            [twitter] => https://github.com/syed-nafis/uiurp
            [created_at] => Array
                (
                    [$date] => Array
                        (
                            [$numberLong] => 1747976283257
                        )

                )

            [updated_at] => Array
                (
                    [$date] => Array
                        (
                            [$numberLong] => 1747976283257
                        )

                )

            [skills] => Array
                (
                    [0] => Javascript
                    [1] => Python
                    [2] => HTML
                    [3] => CSS
                )

            [education] => Array
                (
                    [0] => Array
                        (
                            [degree] => BSC
                            [institution] => UIU
                            [field] => computer science engineering
                            [year] => 2026
                        )

                    [1] => Array
                        (
                            [degree] => HSC
                            [institution] => Hatemali college 
                            [field] => Science
                            [year] => 2021
                        )

                )

            [projects] => Array
                (
                )

            [profile_image] => uploads/profile_images/profile_68266805617c9cdcb302f742_1747976283.png
        )

    [user_id] => 68266805617c9cdcb302f742
)

2025-05-25 09:40:04 - UserId extracted: 68266805617c9cdcb302f742, isLoggedIn: true
2025-05-25 09:40:04 - Filter: {"$or":[{"createdBy":"68266805617c9cdcb302f742"},{"createdBy.$oid":"68266805617c9cdcb302f742"},{"members":{"$elemMatch":{"userId":"68266805617c9cdcb302f742"}}},{"members":{"$elemMatch":{"userId.$oid":"68266805617c9cdcb302f742"}}},{"supervisor.userId.$oid":"68266805617c9cdcb302f742"},{"supervisor.userId":"68266805617c9cdcb302f742"}]}
2025-05-25 09:40:04 - Found 2 projects
2025-05-25 09:43:41 - SESSION: Array
(
    [logged_in] => 1
    [user_type] => faculty
    [user_data] => Array
        (
            [_id] => Array
                (
                    [$oid] => 68266805617c9cdcb302f742
                )

            [name] => Samin
            [email] => www.mayen017@gmail.com
            [bio] => test
            [phone] => 
            [linkedin] => https://github.com/syed-nafis/uiurp
            [github] => https://github.com/syed-nafis/uiurp
            [twitter] => https://github.com/syed-nafis/uiurp
            [created_at] => Array
                (
                    [$date] => Array
                        (
                            [$numberLong] => 1747976283257
                        )

                )

            [updated_at] => Array
                (
                    [$date] => Array
                        (
                            [$numberLong] => 1747976283257
                        )

                )

            [skills] => Array
                (
                    [0] => Javascript
                    [1] => Python
                    [2] => HTML
                    [3] => CSS
                )

            [education] => Array
                (
                    [0] => Array
                        (
                            [degree] => BSC
                            [institution] => UIU
                            [field] => computer science engineering
                            [year] => 2026
                        )

                    [1] => Array
                        (
                            [degree] => HSC
                            [institution] => Hatemali college 
                            [field] => Science
                            [year] => 2021
                        )

                )

            [projects] => Array
                (
                )

            [profile_image] => uploads/profile_images/profile_68266805617c9cdcb302f742_1747976283.png
        )

    [user_id] => 68266805617c9cdcb302f742
)

2025-05-25 09:43:41 - UserId extracted: 68266805617c9cdcb302f742, isLoggedIn: true
2025-05-25 09:43:41 - Filter: {"$or":[{"createdBy":"68266805617c9cdcb302f742"},{"createdBy.$oid":"68266805617c9cdcb302f742"},{"members":{"$elemMatch":{"userId":"68266805617c9cdcb302f742"}}},{"members":{"$elemMatch":{"userId.$oid":"68266805617c9cdcb302f742"}}},{"supervisor.userId.$oid":"68266805617c9cdcb302f742"},{"supervisor.userId":"68266805617c9cdcb302f742"}]}
2025-05-25 09:43:41 - Found 2 projects
2025-05-25 13:20:06 - SESSION: Array
(
    [logged_in] => 1
    [user_type] => faculty
    [user_data] => Array
        (
            [_id] => Array
                (
                    [$oid] => 68266805617c9cdcb302f742
                )

            [name] => Samin
            [email] => www.mayen017@gmail.com
            [bio] => test
            [phone] => 
            [linkedin] => https://github.com/syed-nafis/uiurp
            [github] => https://github.com/syed-nafis/uiurp
            [twitter] => https://github.com/syed-nafis/uiurp
            [created_at] => Array
                (
                    [$date] => Array
                        (
                            [$numberLong] => 1747976283257
                        )

                )

            [updated_at] => Array
                (
                    [$date] => Array
                        (
                            [$numberLong] => 1747976283257
                        )

                )

            [skills] => Array
                (
                    [0] => Javascript
                    [1] => Python
                    [2] => HTML
                    [3] => CSS
                )

            [education] => Array
                (
                    [0] => Array
                        (
                            [degree] => BSC
                            [institution] => UIU
                            [field] => computer science engineering
                            [year] => 2026
                        )

                    [1] => Array
                        (
                            [degree] => HSC
                            [institution] => Hatemali college 
                            [field] => Science
                            [year] => 2021
                        )

                )

            [projects] => Array
                (
                )

            [profile_image] => uploads/profile_images/profile_68266805617c9cdcb302f742_1747976283.png
        )

    [user_id] => 68266805617c9cdcb302f742
)

2025-05-25 13:20:06 - UserId extracted: 68266805617c9cdcb302f742, isLoggedIn: true
2025-05-25 13:20:06 - Filter: {"$or":[{"createdBy":"68266805617c9cdcb302f742"},{"createdBy.$oid":"68266805617c9cdcb302f742"},{"members":{"$elemMatch":{"userId":"68266805617c9cdcb302f742"}}},{"members":{"$elemMatch":{"userId.$oid":"68266805617c9cdcb302f742"}}},{"supervisor.userId.$oid":"68266805617c9cdcb302f742"},{"supervisor.userId":"68266805617c9cdcb302f742"}]}
2025-05-25 13:20:07 - Found 2 projects
2025-05-25 13:20:58 - SESSION: Array
(
    [logged_in] => 1
    [user_type] => faculty
    [user_data] => Array
        (
            [_id] => Array
                (
                    [$oid] => 68266805617c9cdcb302f742
                )

            [name] => Samin
            [email] => www.mayen017@gmail.com
            [bio] => test
            [phone] => 
            [linkedin] => https://github.com/syed-nafis/uiurp
            [github] => https://github.com/syed-nafis/uiurp
            [twitter] => https://github.com/syed-nafis/uiurp
            [created_at] => Array
                (
                    [$date] => Array
                        (
                            [$numberLong] => 1747976283257
                        )

                )

            [updated_at] => Array
                (
                    [$date] => Array
                        (
                            [$numberLong] => 1747976283257
                        )

                )

            [skills] => Array
                (
                    [0] => Javascript
                    [1] => Python
                    [2] => HTML
                    [3] => CSS
                )

            [education] => Array
                (
                    [0] => Array
                        (
                            [degree] => BSC
                            [institution] => UIU
                            [field] => computer science engineering
                            [year] => 2026
                        )

                    [1] => Array
                        (
                            [degree] => HSC
                            [institution] => Hatemali college 
                            [field] => Science
                            [year] => 2021
                        )

                )

            [projects] => Array
                (
                )

            [profile_image] => uploads/profile_images/profile_68266805617c9cdcb302f742_1747976283.png
        )

    [user_id] => 68266805617c9cdcb302f742
)

2025-05-25 13:20:58 - UserId extracted: 68266805617c9cdcb302f742, isLoggedIn: true
2025-05-25 13:20:58 - Filter: {"$or":[{"createdBy":"68266805617c9cdcb302f742"},{"createdBy.$oid":"68266805617c9cdcb302f742"},{"members":{"$elemMatch":{"userId":"68266805617c9cdcb302f742"}}},{"members":{"$elemMatch":{"userId.$oid":"68266805617c9cdcb302f742"}}},{"supervisor.userId.$oid":"68266805617c9cdcb302f742"},{"supervisor.userId":"68266805617c9cdcb302f742"}]}
2025-05-25 13:20:58 - Found 2 projects
2025-05-25 18:21:18 - SESSION: Array
(
    [logged_in] => 1
    [user_type] => faculty
    [user_data] => Array
        (
            [_id] => Array
                (
                    [$oid] => 6833436be5c16779b409aa42
                )

            [name] => samin
            [email] => www.mayen017@gmail.com
            [role] => resident
        )

    [user_id] => 6833436be5c16779b409aa42
)

2025-05-25 18:21:18 - UserId extracted: 6833436be5c16779b409aa42, isLoggedIn: true
2025-05-25 18:21:18 - Filter: {"$or":[{"createdBy":"6833436be5c16779b409aa42"},{"createdBy.$oid":"6833436be5c16779b409aa42"},{"members":{"$elemMatch":{"userId":"6833436be5c16779b409aa42"}}},{"members":{"$elemMatch":{"userId.$oid":"6833436be5c16779b409aa42"}}},{"supervisor.userId.$oid":"6833436be5c16779b409aa42"},{"supervisor.userId":"6833436be5c16779b409aa42"}]}
2025-05-25 18:21:19 - Found 0 projects
2025-05-25 18:24:21 - SESSION: Array
(
    [logged_in] => 1
    [user_type] => faculty
    [user_data] => Array
        (
            [_id] => Array
                (
                    [$oid] => 6833436be5c16779b409aa42
                )

            [name] => samin
            [email] => www.mayen017@gmail.com
            [role] => resident
        )

    [user_id] => 6833436be5c16779b409aa42
)

2025-05-25 18:24:21 - UserId extracted: 6833436be5c16779b409aa42, isLoggedIn: true
2025-05-25 18:24:21 - Filter: {"$or":[{"createdBy":"6833436be5c16779b409aa42"},{"createdBy.$oid":"6833436be5c16779b409aa42"},{"members":{"$elemMatch":{"userId":"6833436be5c16779b409aa42"}}},{"members":{"$elemMatch":{"userId.$oid":"6833436be5c16779b409aa42"}}},{"supervisor.userId.$oid":"6833436be5c16779b409aa42"},{"supervisor.userId":"6833436be5c16779b409aa42"}]}
2025-05-25 18:24:21 - Found 0 projects
2025-05-25 18:25:52 - SESSION: Array
(
    [logged_in] => 1
    [user_type] => faculty
    [user_data] => Array
        (
            [_id] => Array
                (
                    [$oid] => 6833436be5c16779b409aa42
                )

            [name] => samin
            [email] => www.mayen017@gmail.com
            [role] => resident
        )

    [user_id] => 6833436be5c16779b409aa42
)

2025-05-25 18:25:52 - UserId extracted: 6833436be5c16779b409aa42, isLoggedIn: true
2025-05-25 18:25:52 - Filter: {"$or":[{"createdBy":"6833436be5c16779b409aa42"},{"createdBy.$oid":"6833436be5c16779b409aa42"},{"members":{"$elemMatch":{"userId":"6833436be5c16779b409aa42"}}},{"members":{"$elemMatch":{"userId.$oid":"6833436be5c16779b409aa42"}}},{"supervisor.userId.$oid":"6833436be5c16779b409aa42"},{"supervisor.userId":"6833436be5c16779b409aa42"}]}
2025-05-25 18:25:53 - Found 0 projects
2025-05-26 13:28:05 - SESSION: Array
(
    [logged_in] => 1
    [user_type] => faculty
    [user_data] => Array
        (
            [_id] => Array
                (
                    [$oid] => 6833436be5c16779b409aa42
                )

            [name] => samin
            [email] => www.mayen017@gmail.com
            [role] => resident
        )

    [user_id] => 6833436be5c16779b409aa42
)

2025-05-26 13:28:05 - UserId extracted: 6833436be5c16779b409aa42, isLoggedIn: true
2025-05-26 13:28:05 - Filter: {"$or":[{"createdBy":"6833436be5c16779b409aa42"},{"createdBy.$oid":"6833436be5c16779b409aa42"},{"members":{"$elemMatch":{"userId":"6833436be5c16779b409aa42"}}},{"members":{"$elemMatch":{"userId.$oid":"6833436be5c16779b409aa42"}}},{"supervisor.userId.$oid":"6833436be5c16779b409aa42"},{"supervisor.userId":"6833436be5c16779b409aa42"}]}
2025-05-26 13:28:06 - Found 0 projects
2025-05-27 15:31:55 - SESSION: Array
(
    [logged_in] => 1
    [user_type] => faculty
    [user_data] => Array
        (
            [_id] => Array
                (
                    [$oid] => 6833436be5c16779b409aa42
                )

            [name] => samin
            [email] => www.mayen017@gmail.com
            [role] => resident
        )

    [user_id] => 6833436be5c16779b409aa42
)

2025-05-27 15:31:55 - UserId extracted: 6833436be5c16779b409aa42, isLoggedIn: true
2025-05-27 15:31:55 - Filter: {"$or":[{"createdBy":"6833436be5c16779b409aa42"},{"createdBy.$oid":"6833436be5c16779b409aa42"},{"members":{"$elemMatch":{"userId":"6833436be5c16779b409aa42"}}},{"members":{"$elemMatch":{"userId.$oid":"6833436be5c16779b409aa42"}}},{"supervisor.userId.$oid":"6833436be5c16779b409aa42"},{"supervisor.userId":"6833436be5c16779b409aa42"}]}
2025-05-27 15:31:56 - Found 0 projects
2025-05-28 14:49:24 - SESSION: Array
(
    [logged_in] => 1
    [user_type] => faculty
    [user_data] => Array
        (
            [_id] => Array
                (
                    [$oid] => 6833436be5c16779b409aa42
                )

            [name] => samin
            [email] => www.mayen017@gmail.com
            [role] => resident
        )

    [user_id] => 6833436be5c16779b409aa42
)

2025-05-28 14:49:24 - UserId extracted: 6833436be5c16779b409aa42, isLoggedIn: true
2025-05-28 14:49:25 - Filter: {"$or":[{"createdBy":"6833436be5c16779b409aa42"},{"createdBy.$oid":"6833436be5c16779b409aa42"},{"members":{"$elemMatch":{"userId":"6833436be5c16779b409aa42"}}},{"members":{"$elemMatch":{"userId.$oid":"6833436be5c16779b409aa42"}}},{"supervisor.userId.$oid":"6833436be5c16779b409aa42"},{"supervisor.userId":"6833436be5c16779b409aa42"}]}
2025-05-28 14:49:25 - Found 0 projects
2025-05-28 15:58:38 - SESSION: Array
(
    [logged_in] => 1
    [user_type] => faculty
    [user_data] => Array
        (
            [_id] => Array
                (
                    [$oid] => 6833436be5c16779b409aa42
                )

            [name] => samin
            [email] => www.mayen017@gmail.com
            [role] => resident
        )

    [user_id] => 6833436be5c16779b409aa42
)

2025-05-28 15:58:38 - UserId extracted: 6833436be5c16779b409aa42, isLoggedIn: true
2025-05-28 15:58:38 - Filter: {"$or":[{"createdBy":"6833436be5c16779b409aa42"},{"createdBy.$oid":"6833436be5c16779b409aa42"},{"members":{"$elemMatch":{"userId":"6833436be5c16779b409aa42"}}},{"members":{"$elemMatch":{"userId.$oid":"6833436be5c16779b409aa42"}}},{"supervisor.userId.$oid":"6833436be5c16779b409aa42"},{"supervisor.userId":"6833436be5c16779b409aa42"}]}
2025-05-28 15:58:39 - Found 0 projects
2025-05-28 19:03:43 - SESSION: Array
(
    [logged_in] => 1
    [user_type] => faculty
    [user_data] => Array
        (
            [_id] => Array
                (
                    [$oid] => 6833436be5c16779b409aa42
                )

            [name] => samin
            [email] => www.mayen017@gmail.com
            [role] => resident
        )

    [user_id] => 6833436be5c16779b409aa42
)

2025-05-28 19:03:43 - UserId extracted: 6833436be5c16779b409aa42, isLoggedIn: true
2025-05-28 19:03:45 - Filter: {"$or":[{"createdBy":"6833436be5c16779b409aa42"},{"createdBy.$oid":"6833436be5c16779b409aa42"},{"members":{"$elemMatch":{"userId":"6833436be5c16779b409aa42"}}},{"members":{"$elemMatch":{"userId.$oid":"6833436be5c16779b409aa42"}}},{"supervisor.userId.$oid":"6833436be5c16779b409aa42"},{"supervisor.userId":"6833436be5c16779b409aa42"}]}
2025-05-28 19:03:46 - Found 0 projects
2025-05-28 19:03:50 - SESSION: Array
(
    [logged_in] => 1
    [user_type] => faculty
    [user_data] => Array
        (
            [_id] => Array
                (
                    [$oid] => 6833436be5c16779b409aa42
                )

            [name] => samin
            [email] => www.mayen017@gmail.com
            [role] => resident
        )

    [user_id] => 6833436be5c16779b409aa42
)

2025-05-28 19:03:50 - UserId extracted: 6833436be5c16779b409aa42, isLoggedIn: true
2025-05-28 19:03:50 - Filter: {"$or":[{"createdBy":"6833436be5c16779b409aa42"},{"createdBy.$oid":"6833436be5c16779b409aa42"},{"members":{"$elemMatch":{"userId":"6833436be5c16779b409aa42"}}},{"members":{"$elemMatch":{"userId.$oid":"6833436be5c16779b409aa42"}}},{"supervisor.userId.$oid":"6833436be5c16779b409aa42"},{"supervisor.userId":"6833436be5c16779b409aa42"}]}
2025-05-28 19:03:50 - Found 0 projects
2025-05-28 19:09:01 - SESSION: Array
(
    [logged_in] => 1
    [user_type] => faculty
    [user_data] => Array
        (
            [_id] => Array
                (
                    [$oid] => 6833436be5c16779b409aa42
                )

            [name] => samin
            [email] => www.mayen017@gmail.com
            [role] => resident
        )

    [user_id] => 6833436be5c16779b409aa42
)

2025-05-28 19:09:01 - UserId extracted: 6833436be5c16779b409aa42, isLoggedIn: true
2025-05-28 19:09:01 - Filter: {"$or":[{"createdBy":"6833436be5c16779b409aa42"},{"createdBy.$oid":"6833436be5c16779b409aa42"},{"members":{"$elemMatch":{"userId":"6833436be5c16779b409aa42"}}},{"members":{"$elemMatch":{"userId.$oid":"6833436be5c16779b409aa42"}}},{"supervisor.userId.$oid":"6833436be5c16779b409aa42"},{"supervisor.userId":"6833436be5c16779b409aa42"}]}
2025-05-28 19:09:01 - Found 0 projects
2025-05-28 19:16:14 - SESSION: Array
(
    [logged_in] => 1
    [user_type] => faculty
    [user_data] => Array
        (
            [_id] => Array
                (
                    [$oid] => 6833436be5c16779b409aa42
                )

            [name] => samin
            [email] => www.mayen017@gmail.com
            [role] => resident
        )

    [user_id] => 6833436be5c16779b409aa42
)

2025-05-28 19:16:14 - UserId extracted: 6833436be5c16779b409aa42, isLoggedIn: true
2025-05-28 19:16:14 - Filter: {"$or":[{"createdBy":"6833436be5c16779b409aa42"},{"createdBy.$oid":"6833436be5c16779b409aa42"},{"members":{"$elemMatch":{"userId":"6833436be5c16779b409aa42"}}},{"members":{"$elemMatch":{"userId.$oid":"6833436be5c16779b409aa42"}}},{"supervisor.userId.$oid":"6833436be5c16779b409aa42"},{"supervisor.userId":"6833436be5c16779b409aa42"}]}
2025-05-28 19:16:14 - Found 0 projects
2025-05-28 19:20:26 - SESSION: Array
(
    [logged_in] => 1
    [user_type] => faculty
    [user_data] => Array
        (
            [_id] => Array
                (
                    [$oid] => 6833436be5c16779b409aa42
                )

            [name] => samin
            [email] => www.mayen017@gmail.com
            [role] => resident
        )

    [user_id] => 6833436be5c16779b409aa42
)

2025-05-28 19:20:26 - UserId extracted: 6833436be5c16779b409aa42, isLoggedIn: true
2025-05-28 19:20:26 - Filter: {"$or":[{"createdBy":"6833436be5c16779b409aa42"},{"createdBy.$oid":"6833436be5c16779b409aa42"},{"members":{"$elemMatch":{"userId":"6833436be5c16779b409aa42"}}},{"members":{"$elemMatch":{"userId.$oid":"6833436be5c16779b409aa42"}}},{"supervisor.userId.$oid":"6833436be5c16779b409aa42"},{"supervisor.userId":"6833436be5c16779b409aa42"}]}
2025-05-28 19:20:27 - Found 0 projects
2025-05-28 19:24:57 - SESSION: Array
(
    [logged_in] => 1
    [user_type] => faculty
    [user_data] => Array
        (
            [_id] => Array
                (
                    [$oid] => 6833436be5c16779b409aa42
                )

            [name] => samin
            [email] => www.mayen017@gmail.com
            [role] => resident
        )

    [user_id] => 6833436be5c16779b409aa42
)

2025-05-28 19:24:57 - UserId extracted: 6833436be5c16779b409aa42, isLoggedIn: true
2025-05-28 19:24:57 - Filter: {"$or":[{"createdBy":"6833436be5c16779b409aa42"},{"createdBy.$oid":"6833436be5c16779b409aa42"},{"members":{"$elemMatch":{"userId":"6833436be5c16779b409aa42"}}},{"members":{"$elemMatch":{"userId.$oid":"6833436be5c16779b409aa42"}}},{"supervisor.userId.$oid":"6833436be5c16779b409aa42"},{"supervisor.userId":"6833436be5c16779b409aa42"}]}
2025-05-28 19:24:57 - Found 0 projects
2025-05-28 19:33:12 - SESSION: Array
(
    [logged_in] => 1
    [user_type] => faculty
    [user_data] => Array
        (
            [_id] => Array
                (
                    [$oid] => 6833436be5c16779b409aa42
                )

            [name] => samin
            [email] => www.mayen017@gmail.com
            [role] => resident
        )

    [user_id] => 6833436be5c16779b409aa42
)

2025-05-28 19:33:12 - UserId extracted: 6833436be5c16779b409aa42, isLoggedIn: true
2025-05-28 19:33:12 - Filter: {"$or":[{"createdBy":"6833436be5c16779b409aa42"},{"createdBy.$oid":"6833436be5c16779b409aa42"},{"members":{"$elemMatch":{"userId":"6833436be5c16779b409aa42"}}},{"members":{"$elemMatch":{"userId.$oid":"6833436be5c16779b409aa42"}}},{"supervisor.userId.$oid":"6833436be5c16779b409aa42"},{"supervisor.userId":"6833436be5c16779b409aa42"}]}
2025-05-28 19:33:12 - Found 0 projects
2025-05-28 19:37:15 - SESSION: Array
(
    [logged_in] => 1
    [user_type] => faculty
    [user_data] => Array
        (
            [_id] => Array
                (
                    [$oid] => 6833436be5c16779b409aa42
                )

            [name] => samin
            [email] => www.mayen017@gmail.com
            [role] => resident
        )

    [user_id] => 6833436be5c16779b409aa42
)

2025-05-28 19:37:15 - UserId extracted: 6833436be5c16779b409aa42, isLoggedIn: true
2025-05-28 19:37:15 - Filter: {"$or":[{"createdBy":"6833436be5c16779b409aa42"},{"createdBy.$oid":"6833436be5c16779b409aa42"},{"members":{"$elemMatch":{"userId":"6833436be5c16779b409aa42"}}},{"members":{"$elemMatch":{"userId.$oid":"6833436be5c16779b409aa42"}}},{"supervisor.userId.$oid":"6833436be5c16779b409aa42"},{"supervisor.userId":"6833436be5c16779b409aa42"}]}
2025-05-28 19:37:15 - Found 1 projects
2025-05-28 19:37:20 - SESSION: Array
(
    [logged_in] => 1
    [user_type] => faculty
    [user_data] => Array
        (
            [_id] => Array
                (
                    [$oid] => 6833436be5c16779b409aa42
                )

            [name] => samin
            [email] => www.mayen017@gmail.com
            [role] => resident
        )

    [user_id] => 6833436be5c16779b409aa42
)

2025-05-28 19:37:20 - UserId extracted: 6833436be5c16779b409aa42, isLoggedIn: true
2025-05-28 19:37:20 - Filter: {"$or":[{"createdBy":"6833436be5c16779b409aa42"},{"createdBy.$oid":"6833436be5c16779b409aa42"},{"members":{"$elemMatch":{"userId":"6833436be5c16779b409aa42"}}},{"members":{"$elemMatch":{"userId.$oid":"6833436be5c16779b409aa42"}}},{"supervisor.userId.$oid":"6833436be5c16779b409aa42"},{"supervisor.userId":"6833436be5c16779b409aa42"}]}
2025-05-28 19:37:20 - Found 1 projects
2025-05-28 20:40:29 - SESSION: Array
(
    [logged_in] => 1
    [user_type] => faculty
    [user_data] => Array
        (
            [_id] => Array
                (
                    [$oid] => 6833436be5c16779b409aa42
                )

            [name] => samin
            [email] => www.mayen017@gmail.com
            [role] => resident
        )

    [user_id] => 6833436be5c16779b409aa42
)

2025-05-28 20:40:29 - UserId extracted: 6833436be5c16779b409aa42, isLoggedIn: true
2025-05-28 20:40:29 - Filter: {"$or":[{"createdBy":"6833436be5c16779b409aa42"},{"createdBy.$oid":"6833436be5c16779b409aa42"},{"members":{"$elemMatch":{"userId":"6833436be5c16779b409aa42"}}},{"members":{"$elemMatch":{"userId.$oid":"6833436be5c16779b409aa42"}}},{"supervisor.userId.$oid":"6833436be5c16779b409aa42"},{"supervisor.userId":"6833436be5c16779b409aa42"}]}
2025-05-28 20:40:29 - Found 1 projects
2025-05-28 20:45:18 - SESSION: Array
(
    [logged_in] => 1
    [user_type] => faculty
    [user_data] => Array
        (
            [_id] => Array
                (
                    [$oid] => 6833436be5c16779b409aa42
                )

            [name] => samin
            [email] => www.mayen017@gmail.com
            [role] => resident
        )

    [user_id] => 6833436be5c16779b409aa42
)

2025-05-28 20:45:18 - UserId extracted: 6833436be5c16779b409aa42, isLoggedIn: true
2025-05-28 20:45:18 - Filter: {"$or":[{"createdBy":"6833436be5c16779b409aa42"},{"createdBy.$oid":"6833436be5c16779b409aa42"},{"members":{"$elemMatch":{"userId":"6833436be5c16779b409aa42"}}},{"members":{"$elemMatch":{"userId.$oid":"6833436be5c16779b409aa42"}}},{"supervisor.userId.$oid":"6833436be5c16779b409aa42"},{"supervisor.userId":"6833436be5c16779b409aa42"}]}
2025-05-28 20:45:18 - Found 1 projects
2025-05-28 20:45:33 - SESSION: Array
(
    [logged_in] => 1
    [user_type] => faculty
    [user_data] => Array
        (
            [_id] => Array
                (
                    [$oid] => 6833436be5c16779b409aa42
                )

            [name] => samin
            [email] => www.mayen017@gmail.com
            [role] => resident
        )

    [user_id] => 6833436be5c16779b409aa42
)

2025-05-28 20:45:33 - UserId extracted: 6833436be5c16779b409aa42, isLoggedIn: true
2025-05-28 20:45:33 - Filter: {"$or":[{"createdBy":"6833436be5c16779b409aa42"},{"createdBy.$oid":"6833436be5c16779b409aa42"},{"members":{"$elemMatch":{"userId":"6833436be5c16779b409aa42"}}},{"members":{"$elemMatch":{"userId.$oid":"6833436be5c16779b409aa42"}}},{"supervisor.userId.$oid":"6833436be5c16779b409aa42"},{"supervisor.userId":"6833436be5c16779b409aa42"}]}
2025-05-28 20:45:33 - Found 1 projects
2025-05-28 20:48:22 - SESSION: Array
(
    [logged_in] => 1
    [user_type] => faculty
    [user_data] => Array
        (
            [_id] => Array
                (
                    [$oid] => 6833436be5c16779b409aa42
                )

            [name] => samin
            [email] => www.mayen017@gmail.com
            [role] => resident
        )

    [user_id] => 6833436be5c16779b409aa42
)

2025-05-28 20:48:22 - UserId extracted: 6833436be5c16779b409aa42, isLoggedIn: true
2025-05-28 20:48:22 - Filter: {"$or":[{"createdBy":"6833436be5c16779b409aa42"},{"createdBy.$oid":"6833436be5c16779b409aa42"},{"members":{"$elemMatch":{"userId":"6833436be5c16779b409aa42"}}},{"members":{"$elemMatch":{"userId.$oid":"6833436be5c16779b409aa42"}}},{"supervisor.userId.$oid":"6833436be5c16779b409aa42"},{"supervisor.userId":"6833436be5c16779b409aa42"}]}
2025-05-28 20:48:22 - Found 1 projects
2025-05-28 20:59:05 - SESSION: Array
(
    [logged_in] => 1
    [user_type] => faculty
    [user_data] => Array
        (
            [_id] => Array
                (
                    [$oid] => 6833436be5c16779b409aa42
                )

            [name] => samin
            [email] => www.mayen017@gmail.com
            [role] => resident
        )

    [user_id] => 6833436be5c16779b409aa42
)

2025-05-28 20:59:05 - UserId extracted: 6833436be5c16779b409aa42, isLoggedIn: true
2025-05-28 20:59:05 - Filter: {"$or":[{"createdBy":"6833436be5c16779b409aa42"},{"createdBy.$oid":"6833436be5c16779b409aa42"},{"members":{"$elemMatch":{"userId":"6833436be5c16779b409aa42"}}},{"members":{"$elemMatch":{"userId.$oid":"6833436be5c16779b409aa42"}}},{"supervisor.userId.$oid":"6833436be5c16779b409aa42"},{"supervisor.userId":"6833436be5c16779b409aa42"}]}
2025-05-28 20:59:05 - Found 1 projects
2025-05-28 20:59:27 - SESSION: Array
(
    [logged_in] => 1
    [user_type] => faculty
    [user_data] => Array
        (
            [_id] => Array
                (
                    [$oid] => 6833436be5c16779b409aa42
                )

            [name] => samin
            [email] => www.mayen017@gmail.com
            [role] => resident
        )

    [user_id] => 6833436be5c16779b409aa42
)

2025-05-28 20:59:27 - UserId extracted: 6833436be5c16779b409aa42, isLoggedIn: true
2025-05-28 20:59:27 - Filter: {"$or":[{"createdBy":"6833436be5c16779b409aa42"},{"createdBy.$oid":"6833436be5c16779b409aa42"},{"members":{"$elemMatch":{"userId":"6833436be5c16779b409aa42"}}},{"members":{"$elemMatch":{"userId.$oid":"6833436be5c16779b409aa42"}}},{"supervisor.userId.$oid":"6833436be5c16779b409aa42"},{"supervisor.userId":"6833436be5c16779b409aa42"}]}
2025-05-28 20:59:27 - Found 1 projects
2025-05-29 06:50:26 - SESSION: Array
(
    [logged_in] => 1
    [user_type] => faculty
    [user_data] => Array
        (
            [_id] => Array
                (
                    [$oid] => 6833436be5c16779b409aa42
                )

            [name] => samin
            [email] => www.mayen017@gmail.com
            [role] => resident
        )

    [user_id] => 6833436be5c16779b409aa42
)

2025-05-29 06:50:26 - UserId extracted: 6833436be5c16779b409aa42, isLoggedIn: true
2025-05-29 06:50:26 - Filter: {"$or":[{"createdBy":"6833436be5c16779b409aa42"},{"createdBy.$oid":"6833436be5c16779b409aa42"},{"members":{"$elemMatch":{"userId":"6833436be5c16779b409aa42"}}},{"members":{"$elemMatch":{"userId.$oid":"6833436be5c16779b409aa42"}}},{"supervisor.userId.$oid":"6833436be5c16779b409aa42"},{"supervisor.userId":"6833436be5c16779b409aa42"}]}
2025-05-29 06:50:26 - Found 1 projects
2025-05-29 06:57:50 - SESSION: Array
(
    [logged_in] => 1
    [user_type] => faculty
    [user_data] => Array
        (
            [_id] => Array
                (
                    [$oid] => 6833436be5c16779b409aa42
                )

            [name] => samin
            [email] => www.mayen017@gmail.com
            [role] => resident
        )

    [user_id] => 6833436be5c16779b409aa42
)

2025-05-29 06:57:50 - UserId extracted: 6833436be5c16779b409aa42, isLoggedIn: true
2025-05-29 06:57:50 - Filter: {"$or":[{"createdBy":"6833436be5c16779b409aa42"},{"createdBy.$oid":"6833436be5c16779b409aa42"},{"members":{"$elemMatch":{"userId":"6833436be5c16779b409aa42"}}},{"members":{"$elemMatch":{"userId.$oid":"6833436be5c16779b409aa42"}}},{"supervisor.userId.$oid":"6833436be5c16779b409aa42"},{"supervisor.userId":"6833436be5c16779b409aa42"}]}
2025-05-29 06:57:50 - Found 1 projects
2025-05-29 09:10:06 - SESSION: Array
(
    [logged_in] => 1
    [user_type] => faculty
    [user_data] => Array
        (
            [_id] => Array
                (
                    [$oid] => 6833436be5c16779b409aa42
                )

            [basic_info] => Array
                (
                    [name] => Samin yeaser khan
                    [profile_image_url] => uploads/profile_images/profile_6833436be5c16779b409aa42_1748502587.jpg
                )

            [contact_info] => Array
                (
                    [primary_email] => www.mayen017@gmail.com
                )

            [academic_info] => Array
                (
                    [student_id_components] => Array
                        (
                            [program_name] => B.Sc. in Computer Science and Engineering
                            [program_code] => 
                            [admission_year] => 
                            [admission_trimester] => 
                            [serial_number] => 
                        )

                    [student_id] => 011222150
                    [department] => Computer Science and Engineering
                    [faculty] => School of Science & Engineering
                    [current_status] => Active
                    [enrollment_date] => Array
                        (
                            [$date] => Array
                                (
                                    [$numberLong] => 1654812000000
                                )

                        )

                    [expected_graduation_date] => Array
                        (
                            [$date] => Array
                                (
                                    [$numberLong] => 1790632800000
                                )

                        )

                    [current_year_trimester] => 3rd Year, Summer Trimester
                    [cgpa] => 3.65
                    [current_degree_info] => Array
                        (
                            [degree_level] => Bachelor's
                            [degree_name] => B.Sc. in Computer Science and Engineering
                            [institution_name] => United International University
                            [major_field_of_study] => Data Science
                            [start_date] => Array
                                (
                                    [$date] => Array
                                        (
                                            [$numberLong] => 1654812000000
                                        )

                                )

                        )

                    [thesis_info] => 
                )

            [university_research_profile] => Array
                (
                    [research_interests] => Array
                        (
                            [0] => AI
                            [1] => Machine Learning
                            [2] => Data Science
                        )

                    [skills_expertise] => Array
                        (
                            [0] => JavaScript
                            [1] => Python
                            [2] => HTML
                            [3] => CSS
                        )

                    [university_publications] => Array
                        (
                        )

                    [university_projects] => Array
                        (
                        )

                )

            [platform_settings] => Array
                (
                    [user_role] => student
                    [account_creation_date] => Array
                        (
                            [$date] => Array
                                (
                                    [$numberLong] => 1748502587582
                                )

                        )

                    [last_updated_date] => Array
                        (
                            [$date] => Array
                                (
                                    [$numberLong] => 1748502587582
                                )

                        )

                )

        )

    [user_id] => 6833436be5c16779b409aa42
)

2025-05-29 09:10:06 - UserId extracted: 6833436be5c16779b409aa42, isLoggedIn: true
2025-05-29 09:10:06 - Filter: {"$or":[{"createdBy":"6833436be5c16779b409aa42"},{"createdBy.$oid":"6833436be5c16779b409aa42"},{"members":{"$elemMatch":{"userId":"6833436be5c16779b409aa42"}}},{"members":{"$elemMatch":{"userId.$oid":"6833436be5c16779b409aa42"}}},{"supervisor.userId.$oid":"6833436be5c16779b409aa42"},{"supervisor.userId":"6833436be5c16779b409aa42"}]}
2025-05-29 09:10:07 - Found 1 projects
2025-05-29 12:42:35 - SESSION: Array
(
    [logged_in] => 1
    [user_type] => faculty
    [user_data] => Array
        (
            [_id] => Array
                (
                    [$oid] => 6833436be5c16779b409aa42
                )

            [basic_info] => Array
                (
                    [name] => Samin yeaser khan
                    [profile_image_url] => uploads/profile_images/profile_6833436be5c16779b409aa42_1748502587.jpg
                )

            [contact_info] => Array
                (
                    [primary_email] => www.mayen017@gmail.com
                )

            [academic_info] => Array
                (
                    [student_id_components] => Array
                        (
                            [program_name] => B.Sc. in Computer Science and Engineering
                            [program_code] => 
                            [admission_year] => 
                            [admission_trimester] => 
                            [serial_number] => 
                        )

                    [student_id] => 011222150
                    [department] => Computer Science and Engineering
                    [faculty] => School of Science & Engineering
                    [current_status] => Active
                    [enrollment_date] => Array
                        (
                            [$date] => Array
                                (
                                    [$numberLong] => 1654812000000
                                )

                        )

                    [expected_graduation_date] => Array
                        (
                            [$date] => Array
                                (
                                    [$numberLong] => 1790632800000
                                )

                        )

                    [current_year_trimester] => 3rd Year, Summer Trimester
                    [cgpa] => 3.65
                    [current_degree_info] => Array
                        (
                            [degree_level] => Bachelor's
                            [degree_name] => B.Sc. in Computer Science and Engineering
                            [institution_name] => United International University
                            [major_field_of_study] => Data Science
                            [start_date] => Array
                                (
                                    [$date] => Array
                                        (
                                            [$numberLong] => 1654812000000
                                        )

                                )

                        )

                    [thesis_info] => 
                )

            [university_research_profile] => Array
                (
                    [research_interests] => Array
                        (
                            [0] => AI
                            [1] => Machine Learning
                            [2] => Data Science
                        )

                    [skills_expertise] => Array
                        (
                            [0] => JavaScript
                            [1] => Python
                            [2] => HTML
                            [3] => CSS
                        )

                    [university_publications] => Array
                        (
                        )

                    [university_projects] => Array
                        (
                        )

                )

            [platform_settings] => Array
                (
                    [user_role] => student
                    [account_creation_date] => Array
                        (
                            [$date] => Array
                                (
                                    [$numberLong] => 1748502587582
                                )

                        )

                    [last_updated_date] => Array
                        (
                            [$date] => Array
                                (
                                    [$numberLong] => 1748502587582
                                )

                        )

                )

        )

    [user_id] => 6833436be5c16779b409aa42
)

2025-05-29 12:42:35 - UserId extracted: 6833436be5c16779b409aa42, isLoggedIn: true
2025-05-29 12:42:35 - Filter: {"$or":[{"createdBy":"6833436be5c16779b409aa42"},{"createdBy.$oid":"6833436be5c16779b409aa42"},{"members":{"$elemMatch":{"userId":"6833436be5c16779b409aa42"}}},{"members":{"$elemMatch":{"userId.$oid":"6833436be5c16779b409aa42"}}},{"supervisor.userId.$oid":"6833436be5c16779b409aa42"},{"supervisor.userId":"6833436be5c16779b409aa42"}]}
2025-05-29 12:42:36 - Found 1 projects
2025-05-29 12:49:14 - SESSION: Array
(
    [logged_in] => 1
    [user_type] => faculty
    [user_data] => Array
        (
            [_id] => Array
                (
                    [$oid] => 6833436be5c16779b409aa42
                )

            [basic_info] => Array
                (
                    [name] => Samin yeaser khan
                    [profile_image_url] => uploads/profile_images/profile_6833436be5c16779b409aa42_1748502587.jpg
                )

            [contact_info] => Array
                (
                    [primary_email] => www.mayen017@gmail.com
                )

            [academic_info] => Array
                (
                    [student_id_components] => Array
                        (
                            [program_name] => B.Sc. in Computer Science and Engineering
                            [program_code] => 
                            [admission_year] => 
                            [admission_trimester] => 
                            [serial_number] => 
                        )

                    [student_id] => 011222150
                    [department] => Computer Science and Engineering
                    [faculty] => School of Science & Engineering
                    [current_status] => Active
                    [enrollment_date] => Array
                        (
                            [$date] => Array
                                (
                                    [$numberLong] => 1654812000000
                                )

                        )

                    [expected_graduation_date] => Array
                        (
                            [$date] => Array
                                (
                                    [$numberLong] => 1790632800000
                                )

                        )

                    [current_year_trimester] => 3rd Year, Summer Trimester
                    [cgpa] => 3.65
                    [current_degree_info] => Array
                        (
                            [degree_level] => Bachelor's
                            [degree_name] => B.Sc. in Computer Science and Engineering
                            [institution_name] => United International University
                            [major_field_of_study] => Data Science
                            [start_date] => Array
                                (
                                    [$date] => Array
                                        (
                                            [$numberLong] => 1654812000000
                                        )

                                )

                        )

                    [thesis_info] => 
                )

            [university_research_profile] => Array
                (
                    [research_interests] => Array
                        (
                            [0] => AI
                            [1] => Machine Learning
                            [2] => Data Science
                        )

                    [skills_expertise] => Array
                        (
                            [0] => JavaScript
                            [1] => Python
                            [2] => HTML
                            [3] => CSS
                        )

                    [university_publications] => Array
                        (
                        )

                    [university_projects] => Array
                        (
                        )

                )

            [platform_settings] => Array
                (
                    [user_role] => student
                    [account_creation_date] => Array
                        (
                            [$date] => Array
                                (
                                    [$numberLong] => 1748502587582
                                )

                        )

                    [last_updated_date] => Array
                        (
                            [$date] => Array
                                (
                                    [$numberLong] => 1748502587582
                                )

                        )

                )

        )

    [user_id] => 6833436be5c16779b409aa42
)

2025-05-29 12:49:14 - UserId extracted: 6833436be5c16779b409aa42, isLoggedIn: true
2025-05-29 12:49:14 - Filter: {"$or":[{"createdBy":"6833436be5c16779b409aa42"},{"createdBy.$oid":"6833436be5c16779b409aa42"},{"members":{"$elemMatch":{"userId":"6833436be5c16779b409aa42"}}},{"members":{"$elemMatch":{"userId.$oid":"6833436be5c16779b409aa42"}}},{"supervisor.userId.$oid":"6833436be5c16779b409aa42"},{"supervisor.userId":"6833436be5c16779b409aa42"}]}
2025-05-29 12:49:14 - Found 1 projects
2025-05-29 12:49:30 - SESSION: Array
(
    [logged_in] => 1
    [user_type] => faculty
    [user_data] => Array
        (
            [_id] => Array
                (
                    [$oid] => 6833436be5c16779b409aa42
                )

            [basic_info] => Array
                (
                    [name] => Samin yeaser khan
                    [profile_image_url] => uploads/profile_images/profile_6833436be5c16779b409aa42_1748502587.jpg
                )

            [contact_info] => Array
                (
                    [primary_email] => www.mayen017@gmail.com
                )

            [academic_info] => Array
                (
                    [student_id_components] => Array
                        (
                            [program_name] => B.Sc. in Computer Science and Engineering
                            [program_code] => 
                            [admission_year] => 
                            [admission_trimester] => 
                            [serial_number] => 
                        )

                    [student_id] => 011222150
                    [department] => Computer Science and Engineering
                    [faculty] => School of Science & Engineering
                    [current_status] => Active
                    [enrollment_date] => Array
                        (
                            [$date] => Array
                                (
                                    [$numberLong] => 1654812000000
                                )

                        )

                    [expected_graduation_date] => Array
                        (
                            [$date] => Array
                                (
                                    [$numberLong] => 1790632800000
                                )

                        )

                    [current_year_trimester] => 3rd Year, Summer Trimester
                    [cgpa] => 3.65
                    [current_degree_info] => Array
                        (
                            [degree_level] => Bachelor's
                            [degree_name] => B.Sc. in Computer Science and Engineering
                            [institution_name] => United International University
                            [major_field_of_study] => Data Science
                            [start_date] => Array
                                (
                                    [$date] => Array
                                        (
                                            [$numberLong] => 1654812000000
                                        )

                                )

                        )

                    [thesis_info] => 
                )

            [university_research_profile] => Array
                (
                    [research_interests] => Array
                        (
                            [0] => AI
                            [1] => Machine Learning
                            [2] => Data Science
                        )

                    [skills_expertise] => Array
                        (
                            [0] => JavaScript
                            [1] => Python
                            [2] => HTML
                            [3] => CSS
                        )

                    [university_publications] => Array
                        (
                        )

                    [university_projects] => Array
                        (
                        )

                )

            [platform_settings] => Array
                (
                    [user_role] => student
                    [account_creation_date] => Array
                        (
                            [$date] => Array
                                (
                                    [$numberLong] => 1748502587582
                                )

                        )

                    [last_updated_date] => Array
                        (
                            [$date] => Array
                                (
                                    [$numberLong] => 1748502587582
                                )

                        )

                )

        )

    [user_id] => 6833436be5c16779b409aa42
)

2025-05-29 12:49:30 - UserId extracted: 6833436be5c16779b409aa42, isLoggedIn: true
2025-05-29 12:49:30 - Filter: {"$or":[{"createdBy":"6833436be5c16779b409aa42"},{"createdBy.$oid":"6833436be5c16779b409aa42"},{"members":{"$elemMatch":{"userId":"6833436be5c16779b409aa42"}}},{"members":{"$elemMatch":{"userId.$oid":"6833436be5c16779b409aa42"}}},{"supervisor.userId.$oid":"6833436be5c16779b409aa42"},{"supervisor.userId":"6833436be5c16779b409aa42"}]}
2025-05-29 12:49:30 - Found 1 projects
2025-05-29 12:50:43 - SESSION: Array
(
    [logged_in] => 1
    [user_type] => faculty
    [user_data] => Array
        (
            [_id] => Array
                (
                    [$oid] => 6833436be5c16779b409aa42
                )

            [basic_info] => Array
                (
                    [name] => Samin yeaser khan
                    [profile_image_url] => uploads/profile_images/profile_6833436be5c16779b409aa42_1748502587.jpg
                )

            [contact_info] => Array
                (
                    [primary_email] => www.mayen017@gmail.com
                )

            [academic_info] => Array
                (
                    [student_id_components] => Array
                        (
                            [program_name] => B.Sc. in Computer Science and Engineering
                            [program_code] => 
                            [admission_year] => 
                            [admission_trimester] => 
                            [serial_number] => 
                        )

                    [student_id] => 011222150
                    [department] => Computer Science and Engineering
                    [faculty] => School of Science & Engineering
                    [current_status] => Active
                    [enrollment_date] => Array
                        (
                            [$date] => Array
                                (
                                    [$numberLong] => 1654812000000
                                )

                        )

                    [expected_graduation_date] => Array
                        (
                            [$date] => Array
                                (
                                    [$numberLong] => 1790632800000
                                )

                        )

                    [current_year_trimester] => 3rd Year, Summer Trimester
                    [cgpa] => 3.65
                    [current_degree_info] => Array
                        (
                            [degree_level] => Bachelor's
                            [degree_name] => B.Sc. in Computer Science and Engineering
                            [institution_name] => United International University
                            [major_field_of_study] => Data Science
                            [start_date] => Array
                                (
                                    [$date] => Array
                                        (
                                            [$numberLong] => 1654812000000
                                        )

                                )

                        )

                    [thesis_info] => 
                )

            [university_research_profile] => Array
                (
                    [research_interests] => Array
                        (
                            [0] => AI
                            [1] => Machine Learning
                            [2] => Data Science
                        )

                    [skills_expertise] => Array
                        (
                            [0] => JavaScript
                            [1] => Python
                            [2] => HTML
                            [3] => CSS
                        )

                    [university_publications] => Array
                        (
                        )

                    [university_projects] => Array
                        (
                        )

                )

            [platform_settings] => Array
                (
                    [user_role] => student
                    [account_creation_date] => Array
                        (
                            [$date] => Array
                                (
                                    [$numberLong] => 1748502587582
                                )

                        )

                    [last_updated_date] => Array
                        (
                            [$date] => Array
                                (
                                    [$numberLong] => 1748502587582
                                )

                        )

                )

        )

    [user_id] => 6833436be5c16779b409aa42
)

2025-05-29 12:50:43 - UserId extracted: 6833436be5c16779b409aa42, isLoggedIn: true
2025-05-29 12:50:43 - Filter: {"$or":[{"createdBy":"6833436be5c16779b409aa42"},{"createdBy.$oid":"6833436be5c16779b409aa42"},{"members":{"$elemMatch":{"userId":"6833436be5c16779b409aa42"}}},{"members":{"$elemMatch":{"userId.$oid":"6833436be5c16779b409aa42"}}},{"supervisor.userId.$oid":"6833436be5c16779b409aa42"},{"supervisor.userId":"6833436be5c16779b409aa42"}]}
2025-05-29 12:50:44 - Found 1 projects
2025-05-29 13:09:24 - SESSION: Array
(
    [logged_in] => 1
    [user_type] => faculty
    [user_data] => Array
        (
            [_id] => Array
                (
                    [$oid] => 6833436be5c16779b409aa42
                )

            [basic_info] => Array
                (
                    [name] => Samin yeaser khan
                    [profile_image_url] => uploads/profile_images/profile_6833436be5c16779b409aa42_1748502587.jpg
                )

            [contact_info] => Array
                (
                    [primary_email] => www.mayen017@gmail.com
                )

            [academic_info] => Array
                (
                    [student_id_components] => Array
                        (
                            [program_name] => B.Sc. in Computer Science and Engineering
                            [program_code] => 
                            [admission_year] => 
                            [admission_trimester] => 
                            [serial_number] => 
                        )

                    [student_id] => 011222150
                    [department] => Computer Science and Engineering
                    [faculty] => School of Science & Engineering
                    [current_status] => Active
                    [enrollment_date] => Array
                        (
                            [$date] => Array
                                (
                                    [$numberLong] => 1654812000000
                                )

                        )

                    [expected_graduation_date] => Array
                        (
                            [$date] => Array
                                (
                                    [$numberLong] => 1790632800000
                                )

                        )

                    [current_year_trimester] => 3rd Year, Summer Trimester
                    [cgpa] => 3.65
                    [current_degree_info] => Array
                        (
                            [degree_level] => Bachelor's
                            [degree_name] => B.Sc. in Computer Science and Engineering
                            [institution_name] => United International University
                            [major_field_of_study] => Data Science
                            [start_date] => Array
                                (
                                    [$date] => Array
                                        (
                                            [$numberLong] => 1654812000000
                                        )

                                )

                        )

                    [thesis_info] => 
                )

            [university_research_profile] => Array
                (
                    [research_interests] => Array
                        (
                            [0] => AI
                            [1] => Machine Learning
                            [2] => Data Science
                        )

                    [skills_expertise] => Array
                        (
                            [0] => JavaScript
                            [1] => Python
                            [2] => HTML
                            [3] => CSS
                        )

                    [university_publications] => Array
                        (
                        )

                    [university_projects] => Array
                        (
                        )

                )

            [platform_settings] => Array
                (
                    [user_role] => student
                    [account_creation_date] => Array
                        (
                            [$date] => Array
                                (
                                    [$numberLong] => 1748502587582
                                )

                        )

                    [last_updated_date] => Array
                        (
                            [$date] => Array
                                (
                                    [$numberLong] => 1748502587582
                                )

                        )

                )

        )

    [user_id] => 6833436be5c16779b409aa42
)

2025-05-29 13:09:24 - UserId extracted: 6833436be5c16779b409aa42, isLoggedIn: true
2025-05-29 13:09:24 - Filter: {"$or":[{"createdBy":"6833436be5c16779b409aa42"},{"createdBy.$oid":"6833436be5c16779b409aa42"},{"members":{"$elemMatch":{"userId":"6833436be5c16779b409aa42"}}},{"members":{"$elemMatch":{"userId.$oid":"6833436be5c16779b409aa42"}}},{"supervisor.userId.$oid":"6833436be5c16779b409aa42"},{"supervisor.userId":"6833436be5c16779b409aa42"}]}
2025-05-29 13:09:24 - Found 1 projects
2025-05-29 13:14:25 - SESSION: Array
(
    [logged_in] => 1
    [user_type] => faculty
    [user_data] => Array
        (
            [_id] => Array
                (
                    [$oid] => 6833436be5c16779b409aa42
                )

            [basic_info] => Array
                (
                    [name] => Samin yeaser khan
                    [profile_image_url] => uploads/profile_images/profile_6833436be5c16779b409aa42_1748502587.jpg
                )

            [contact_info] => Array
                (
                    [primary_email] => www.mayen017@gmail.com
                )

            [academic_info] => Array
                (
                    [student_id_components] => Array
                        (
                            [program_name] => B.Sc. in Computer Science and Engineering
                            [program_code] => 
                            [admission_year] => 
                            [admission_trimester] => 
                            [serial_number] => 
                        )

                    [student_id] => 011222150
                    [department] => Computer Science and Engineering
                    [faculty] => School of Science & Engineering
                    [current_status] => Active
                    [enrollment_date] => Array
                        (
                            [$date] => Array
                                (
                                    [$numberLong] => 1654812000000
                                )

                        )

                    [expected_graduation_date] => Array
                        (
                            [$date] => Array
                                (
                                    [$numberLong] => 1790632800000
                                )

                        )

                    [current_year_trimester] => 3rd Year, Summer Trimester
                    [cgpa] => 3.65
                    [current_degree_info] => Array
                        (
                            [degree_level] => Bachelor's
                            [degree_name] => B.Sc. in Computer Science and Engineering
                            [institution_name] => United International University
                            [major_field_of_study] => Data Science
                            [start_date] => Array
                                (
                                    [$date] => Array
                                        (
                                            [$numberLong] => 1654812000000
                                        )

                                )

                        )

                    [thesis_info] => 
                )

            [university_research_profile] => Array
                (
                    [research_interests] => Array
                        (
                            [0] => AI
                            [1] => Machine Learning
                            [2] => Data Science
                        )

                    [skills_expertise] => Array
                        (
                            [0] => JavaScript
                            [1] => Python
                            [2] => HTML
                            [3] => CSS
                        )

                    [university_publications] => Array
                        (
                        )

                    [university_projects] => Array
                        (
                        )

                )

            [platform_settings] => Array
                (
                    [user_role] => student
                    [account_creation_date] => Array
                        (
                            [$date] => Array
                                (
                                    [$numberLong] => 1748502587582
                                )

                        )

                    [last_updated_date] => Array
                        (
                            [$date] => Array
                                (
                                    [$numberLong] => 1748502587582
                                )

                        )

                )

        )

    [user_id] => 6833436be5c16779b409aa42
)

2025-05-29 13:14:25 - UserId extracted: 6833436be5c16779b409aa42, isLoggedIn: true
2025-05-29 13:14:25 - Filter: {"$or":[{"createdBy":"6833436be5c16779b409aa42"},{"createdBy.$oid":"6833436be5c16779b409aa42"},{"members":{"$elemMatch":{"userId":"6833436be5c16779b409aa42"}}},{"members":{"$elemMatch":{"userId.$oid":"6833436be5c16779b409aa42"}}},{"supervisor.userId.$oid":"6833436be5c16779b409aa42"},{"supervisor.userId":"6833436be5c16779b409aa42"}]}
2025-05-29 13:14:25 - Found 1 projects
2025-05-29 13:23:27 - SESSION: Array
(
    [logged_in] => 1
    [user_type] => faculty
    [user_data] => Array
        (
            [_id] => Array
                (
                    [$oid] => 6833436be5c16779b409aa42
                )

            [basic_info] => Array
                (
                    [name] => Samin yeaser khan
                    [profile_image_url] => uploads/profile_images/profile_6833436be5c16779b409aa42_1748502587.jpg
                )

            [contact_info] => Array
                (
                    [primary_email] => www.mayen017@gmail.com
                )

            [academic_info] => Array
                (
                    [student_id_components] => Array
                        (
                            [program_name] => B.Sc. in Computer Science and Engineering
                            [program_code] => 
                            [admission_year] => 
                            [admission_trimester] => 
                            [serial_number] => 
                        )

                    [student_id] => 011222150
                    [department] => Computer Science and Engineering
                    [faculty] => School of Science & Engineering
                    [current_status] => Active
                    [enrollment_date] => Array
                        (
                            [$date] => Array
                                (
                                    [$numberLong] => 1654812000000
                                )

                        )

                    [expected_graduation_date] => Array
                        (
                            [$date] => Array
                                (
                                    [$numberLong] => 1790632800000
                                )

                        )

                    [current_year_trimester] => 3rd Year, Summer Trimester
                    [cgpa] => 3.65
                    [current_degree_info] => Array
                        (
                            [degree_level] => Bachelor's
                            [degree_name] => B.Sc. in Computer Science and Engineering
                            [institution_name] => United International University
                            [major_field_of_study] => Data Science
                            [start_date] => Array
                                (
                                    [$date] => Array
                                        (
                                            [$numberLong] => 1654812000000
                                        )

                                )

                        )

                    [thesis_info] => 
                )

            [university_research_profile] => Array
                (
                    [research_interests] => Array
                        (
                            [0] => AI
                            [1] => Machine Learning
                            [2] => Data Science
                        )

                    [skills_expertise] => Array
                        (
                            [0] => JavaScript
                            [1] => Python
                            [2] => HTML
                            [3] => CSS
                        )

                    [university_publications] => Array
                        (
                        )

                    [university_projects] => Array
                        (
                        )

                )

            [platform_settings] => Array
                (
                    [user_role] => student
                    [account_creation_date] => Array
                        (
                            [$date] => Array
                                (
                                    [$numberLong] => 1748502587582
                                )

                        )

                    [last_updated_date] => Array
                        (
                            [$date] => Array
                                (
                                    [$numberLong] => 1748502587582
                                )

                        )

                )

        )

    [user_id] => 6833436be5c16779b409aa42
)

2025-05-29 13:23:27 - UserId extracted: 6833436be5c16779b409aa42, isLoggedIn: true
2025-05-29 13:23:27 - Filter: {"$or":[{"createdBy":"6833436be5c16779b409aa42"},{"createdBy.$oid":"6833436be5c16779b409aa42"},{"members":{"$elemMatch":{"userId":"6833436be5c16779b409aa42"}}},{"members":{"$elemMatch":{"userId.$oid":"6833436be5c16779b409aa42"}}},{"supervisor.userId.$oid":"6833436be5c16779b409aa42"},{"supervisor.userId":"6833436be5c16779b409aa42"}]}
2025-05-29 13:23:27 - Found 1 projects
2025-05-29 13:28:28 - SESSION: Array
(
    [logged_in] => 1
    [user_type] => faculty
    [user_data] => Array
        (
            [_id] => Array
                (
                    [$oid] => 6833436be5c16779b409aa42
                )

            [basic_info] => Array
                (
                    [name] => Samin yeaser khan
                    [profile_image_url] => uploads/profile_images/profile_6833436be5c16779b409aa42_1748502587.jpg
                )

            [contact_info] => Array
                (
                    [primary_email] => www.mayen017@gmail.com
                )

            [academic_info] => Array
                (
                    [student_id_components] => Array
                        (
                            [program_name] => B.Sc. in Computer Science and Engineering
                            [program_code] => 
                            [admission_year] => 
                            [admission_trimester] => 
                            [serial_number] => 
                        )

                    [student_id] => 011222150
                    [department] => Computer Science and Engineering
                    [faculty] => School of Science & Engineering
                    [current_status] => Active
                    [enrollment_date] => Array
                        (
                            [$date] => Array
                                (
                                    [$numberLong] => 1654812000000
                                )

                        )

                    [expected_graduation_date] => Array
                        (
                            [$date] => Array
                                (
                                    [$numberLong] => 1790632800000
                                )

                        )

                    [current_year_trimester] => 3rd Year, Summer Trimester
                    [cgpa] => 3.65
                    [current_degree_info] => Array
                        (
                            [degree_level] => Bachelor's
                            [degree_name] => B.Sc. in Computer Science and Engineering
                            [institution_name] => United International University
                            [major_field_of_study] => Data Science
                            [start_date] => Array
                                (
                                    [$date] => Array
                                        (
                                            [$numberLong] => 1654812000000
                                        )

                                )

                        )

                    [thesis_info] => 
                )

            [university_research_profile] => Array
                (
                    [research_interests] => Array
                        (
                            [0] => AI
                            [1] => Machine Learning
                            [2] => Data Science
                        )

                    [skills_expertise] => Array
                        (
                            [0] => JavaScript
                            [1] => Python
                            [2] => HTML
                            [3] => CSS
                        )

                    [university_publications] => Array
                        (
                        )

                    [university_projects] => Array
                        (
                        )

                )

            [platform_settings] => Array
                (
                    [user_role] => student
                    [account_creation_date] => Array
                        (
                            [$date] => Array
                                (
                                    [$numberLong] => 1748502587582
                                )

                        )

                    [last_updated_date] => Array
                        (
                            [$date] => Array
                                (
                                    [$numberLong] => 1748502587582
                                )

                        )

                )

        )

    [user_id] => 6833436be5c16779b409aa42
)

2025-05-29 13:28:28 - UserId extracted: 6833436be5c16779b409aa42, isLoggedIn: true
2025-05-29 13:28:28 - Filter: {"$or":[{"createdBy":"6833436be5c16779b409aa42"},{"createdBy.$oid":"6833436be5c16779b409aa42"},{"members":{"$elemMatch":{"userId":"6833436be5c16779b409aa42"}}},{"members":{"$elemMatch":{"userId.$oid":"6833436be5c16779b409aa42"}}},{"supervisor.userId.$oid":"6833436be5c16779b409aa42"},{"supervisor.userId":"6833436be5c16779b409aa42"}]}
2025-05-29 13:28:29 - Found 1 projects
2025-05-29 13:32:44 - SESSION: Array
(
    [logged_in] => 1
    [user_type] => faculty
    [user_data] => Array
        (
            [_id] => Array
                (
                    [$oid] => 6833436be5c16779b409aa42
                )

            [basic_info] => Array
                (
                    [name] => Samin yeaser khan
                    [profile_image_url] => uploads/profile_images/profile_6833436be5c16779b409aa42_1748502587.jpg
                )

            [contact_info] => Array
                (
                    [primary_email] => www.mayen017@gmail.com
                )

            [academic_info] => Array
                (
                    [student_id_components] => Array
                        (
                            [program_name] => B.Sc. in Computer Science and Engineering
                            [program_code] => 
                            [admission_year] => 
                            [admission_trimester] => 
                            [serial_number] => 
                        )

                    [student_id] => 011222150
                    [department] => Computer Science and Engineering
                    [faculty] => School of Science & Engineering
                    [current_status] => Active
                    [enrollment_date] => Array
                        (
                            [$date] => Array
                                (
                                    [$numberLong] => 1654812000000
                                )

                        )

                    [expected_graduation_date] => Array
                        (
                            [$date] => Array
                                (
                                    [$numberLong] => 1790632800000
                                )

                        )

                    [current_year_trimester] => 3rd Year, Summer Trimester
                    [cgpa] => 3.65
                    [current_degree_info] => Array
                        (
                            [degree_level] => Bachelor's
                            [degree_name] => B.Sc. in Computer Science and Engineering
                            [institution_name] => United International University
                            [major_field_of_study] => Data Science
                            [start_date] => Array
                                (
                                    [$date] => Array
                                        (
                                            [$numberLong] => 1654812000000
                                        )

                                )

                        )

                    [thesis_info] => 
                )

            [university_research_profile] => Array
                (
                    [research_interests] => Array
                        (
                            [0] => AI
                            [1] => Machine Learning
                            [2] => Data Science
                        )

                    [skills_expertise] => Array
                        (
                            [0] => JavaScript
                            [1] => Python
                            [2] => HTML
                            [3] => CSS
                        )

                    [university_publications] => Array
                        (
                        )

                    [university_projects] => Array
                        (
                        )

                )

            [platform_settings] => Array
                (
                    [user_role] => student
                    [account_creation_date] => Array
                        (
                            [$date] => Array
                                (
                                    [$numberLong] => 1748502587582
                                )

                        )

                    [last_updated_date] => Array
                        (
                            [$date] => Array
                                (
                                    [$numberLong] => 1748502587582
                                )

                        )

                )

        )

    [user_id] => 6833436be5c16779b409aa42
)

2025-05-29 13:32:44 - UserId extracted: 6833436be5c16779b409aa42, isLoggedIn: true
2025-05-29 13:32:44 - Filter: {"$or":[{"createdBy":"6833436be5c16779b409aa42"},{"createdBy.$oid":"6833436be5c16779b409aa42"},{"members":{"$elemMatch":{"userId":"6833436be5c16779b409aa42"}}},{"members":{"$elemMatch":{"userId.$oid":"6833436be5c16779b409aa42"}}},{"supervisor.userId.$oid":"6833436be5c16779b409aa42"},{"supervisor.userId":"6833436be5c16779b409aa42"}]}
2025-05-29 13:32:45 - Found 1 projects
2025-05-29 13:36:52 - SESSION: Array
(
    [logged_in] => 1
    [user_type] => faculty
    [user_data] => Array
        (
            [_id] => Array
                (
                    [$oid] => 6833436be5c16779b409aa42
                )

            [basic_info] => Array
                (
                    [name] => Samin yeaser khan
                    [profile_image_url] => uploads/profile_images/profile_6833436be5c16779b409aa42_1748502587.jpg
                )

            [contact_info] => Array
                (
                    [primary_email] => www.mayen017@gmail.com
                )

            [academic_info] => Array
                (
                    [student_id_components] => Array
                        (
                            [program_name] => B.Sc. in Computer Science and Engineering
                            [program_code] => 
                            [admission_year] => 
                            [admission_trimester] => 
                            [serial_number] => 
                        )

                    [student_id] => 011222150
                    [department] => Computer Science and Engineering
                    [faculty] => School of Science & Engineering
                    [current_status] => Active
                    [enrollment_date] => Array
                        (
                            [$date] => Array
                                (
                                    [$numberLong] => 1654812000000
                                )

                        )

                    [expected_graduation_date] => Array
                        (
                            [$date] => Array
                                (
                                    [$numberLong] => 1790632800000
                                )

                        )

                    [current_year_trimester] => 3rd Year, Summer Trimester
                    [cgpa] => 3.65
                    [current_degree_info] => Array
                        (
                            [degree_level] => Bachelor's
                            [degree_name] => B.Sc. in Computer Science and Engineering
                            [institution_name] => United International University
                            [major_field_of_study] => Data Science
                            [start_date] => Array
                                (
                                    [$date] => Array
                                        (
                                            [$numberLong] => 1654812000000
                                        )

                                )

                        )

                    [thesis_info] => 
                )

            [university_research_profile] => Array
                (
                    [research_interests] => Array
                        (
                            [0] => AI
                            [1] => Machine Learning
                            [2] => Data Science
                        )

                    [skills_expertise] => Array
                        (
                            [0] => JavaScript
                            [1] => Python
                            [2] => HTML
                            [3] => CSS
                        )

                    [university_publications] => Array
                        (
                        )

                    [university_projects] => Array
                        (
                        )

                )

            [platform_settings] => Array
                (
                    [user_role] => student
                    [account_creation_date] => Array
                        (
                            [$date] => Array
                                (
                                    [$numberLong] => 1748502587582
                                )

                        )

                    [last_updated_date] => Array
                        (
                            [$date] => Array
                                (
                                    [$numberLong] => 1748502587582
                                )

                        )

                )

        )

    [user_id] => 6833436be5c16779b409aa42
)

2025-05-29 13:36:52 - UserId extracted: 6833436be5c16779b409aa42, isLoggedIn: true
2025-05-29 13:36:52 - Filter: {"$or":[{"createdBy":"6833436be5c16779b409aa42"},{"createdBy.$oid":"6833436be5c16779b409aa42"},{"members":{"$elemMatch":{"userId":"6833436be5c16779b409aa42"}}},{"members":{"$elemMatch":{"userId.$oid":"6833436be5c16779b409aa42"}}},{"supervisor.userId.$oid":"6833436be5c16779b409aa42"},{"supervisor.userId":"6833436be5c16779b409aa42"}]}
2025-05-29 13:36:52 - Found 1 projects
2025-05-29 13:36:53 - SESSION: Array
(
    [logged_in] => 1
    [user_type] => faculty
    [user_data] => Array
        (
            [_id] => Array
                (
                    [$oid] => 6833436be5c16779b409aa42
                )

            [basic_info] => Array
                (
                    [name] => Samin yeaser khan
                    [profile_image_url] => uploads/profile_images/profile_6833436be5c16779b409aa42_1748502587.jpg
                )

            [contact_info] => Array
                (
                    [primary_email] => www.mayen017@gmail.com
                )

            [academic_info] => Array
                (
                    [student_id_components] => Array
                        (
                            [program_name] => B.Sc. in Computer Science and Engineering
                            [program_code] => 
                            [admission_year] => 
                            [admission_trimester] => 
                            [serial_number] => 
                        )

                    [student_id] => 011222150
                    [department] => Computer Science and Engineering
                    [faculty] => School of Science & Engineering
                    [current_status] => Active
                    [enrollment_date] => Array
                        (
                            [$date] => Array
                                (
                                    [$numberLong] => 1654812000000
                                )

                        )

                    [expected_graduation_date] => Array
                        (
                            [$date] => Array
                                (
                                    [$numberLong] => 1790632800000
                                )

                        )

                    [current_year_trimester] => 3rd Year, Summer Trimester
                    [cgpa] => 3.65
                    [current_degree_info] => Array
                        (
                            [degree_level] => Bachelor's
                            [degree_name] => B.Sc. in Computer Science and Engineering
                            [institution_name] => United International University
                            [major_field_of_study] => Data Science
                            [start_date] => Array
                                (
                                    [$date] => Array
                                        (
                                            [$numberLong] => 1654812000000
                                        )

                                )

                        )

                    [thesis_info] => 
                )

            [university_research_profile] => Array
                (
                    [research_interests] => Array
                        (
                            [0] => AI
                            [1] => Machine Learning
                            [2] => Data Science
                        )

                    [skills_expertise] => Array
                        (
                            [0] => JavaScript
                            [1] => Python
                            [2] => HTML
                            [3] => CSS
                        )

                    [university_publications] => Array
                        (
                        )

                    [university_projects] => Array
                        (
                        )

                )

            [platform_settings] => Array
                (
                    [user_role] => student
                    [account_creation_date] => Array
                        (
                            [$date] => Array
                                (
                                    [$numberLong] => 1748502587582
                                )

                        )

                    [last_updated_date] => Array
                        (
                            [$date] => Array
                                (
                                    [$numberLong] => 1748502587582
                                )

                        )

                )

        )

    [user_id] => 6833436be5c16779b409aa42
)

2025-05-29 13:36:53 - UserId extracted: 6833436be5c16779b409aa42, isLoggedIn: true
2025-05-29 13:36:53 - Filter: {"$or":[{"createdBy":"6833436be5c16779b409aa42"},{"createdBy.$oid":"6833436be5c16779b409aa42"},{"members":{"$elemMatch":{"userId":"6833436be5c16779b409aa42"}}},{"members":{"$elemMatch":{"userId.$oid":"6833436be5c16779b409aa42"}}},{"supervisor.userId.$oid":"6833436be5c16779b409aa42"},{"supervisor.userId":"6833436be5c16779b409aa42"}]}
2025-05-29 13:36:53 - Found 1 projects
2025-05-29 13:40:08 - SESSION: Array
(
    [logged_in] => 1
    [user_type] => faculty
    [user_data] => Array
        (
            [_id] => Array
                (
                    [$oid] => 6833436be5c16779b409aa42
                )

            [basic_info] => Array
                (
                    [name] => Samin yeaser khan
                    [profile_image_url] => uploads/profile_images/profile_6833436be5c16779b409aa42_1748502587.jpg
                )

            [contact_info] => Array
                (
                    [primary_email] => www.mayen017@gmail.com
                )

            [academic_info] => Array
                (
                    [student_id_components] => Array
                        (
                            [program_name] => B.Sc. in Computer Science and Engineering
                            [program_code] => 
                            [admission_year] => 
                            [admission_trimester] => 
                            [serial_number] => 
                        )

                    [student_id] => 011222150
                    [department] => Computer Science and Engineering
                    [faculty] => School of Science & Engineering
                    [current_status] => Active
                    [enrollment_date] => Array
                        (
                            [$date] => Array
                                (
                                    [$numberLong] => 1654812000000
                                )

                        )

                    [expected_graduation_date] => Array
                        (
                            [$date] => Array
                                (
                                    [$numberLong] => 1790632800000
                                )

                        )

                    [current_year_trimester] => 3rd Year, Summer Trimester
                    [cgpa] => 3.65
                    [current_degree_info] => Array
                        (
                            [degree_level] => Bachelor's
                            [degree_name] => B.Sc. in Computer Science and Engineering
                            [institution_name] => United International University
                            [major_field_of_study] => Data Science
                            [start_date] => Array
                                (
                                    [$date] => Array
                                        (
                                            [$numberLong] => 1654812000000
                                        )

                                )

                        )

                    [thesis_info] => 
                )

            [university_research_profile] => Array
                (
                    [research_interests] => Array
                        (
                            [0] => AI
                            [1] => Machine Learning
                            [2] => Data Science
                        )

                    [skills_expertise] => Array
                        (
                            [0] => JavaScript
                            [1] => Python
                            [2] => HTML
                            [3] => CSS
                        )

                    [university_publications] => Array
                        (
                        )

                    [university_projects] => Array
                        (
                        )

                )

            [platform_settings] => Array
                (
                    [user_role] => student
                    [account_creation_date] => Array
                        (
                            [$date] => Array
                                (
                                    [$numberLong] => 1748502587582
                                )

                        )

                    [last_updated_date] => Array
                        (
                            [$date] => Array
                                (
                                    [$numberLong] => 1748502587582
                                )

                        )

                )

        )

    [user_id] => 6833436be5c16779b409aa42
)

2025-05-29 13:40:08 - UserId extracted: 6833436be5c16779b409aa42, isLoggedIn: true
2025-05-29 13:40:08 - Filter: {"$or":[{"createdBy":"6833436be5c16779b409aa42"},{"createdBy.$oid":"6833436be5c16779b409aa42"},{"members":{"$elemMatch":{"userId":"6833436be5c16779b409aa42"}}},{"members":{"$elemMatch":{"userId.$oid":"6833436be5c16779b409aa42"}}},{"supervisor.userId.$oid":"6833436be5c16779b409aa42"},{"supervisor.userId":"6833436be5c16779b409aa42"}]}
2025-05-29 13:40:09 - Found 1 projects
2025-05-29 14:39:23 - SESSION: Array
(
    [logged_in] => 1
    [user_type] => faculty
    [user_data] => Array
        (
            [_id] => Array
                (
                    [$oid] => 6833436be5c16779b409aa42
                )

            [basic_info] => Array
                (
                    [name] => Samin yeaser khan
                    [profile_image_url] => uploads/profile_images/profile_6833436be5c16779b409aa42_1748502587.jpg
                )

            [contact_info] => Array
                (
                    [primary_email] => www.mayen017@gmail.com
                )

            [academic_info] => Array
                (
                    [student_id_components] => Array
                        (
                            [program_name] => B.Sc. in Computer Science and Engineering
                            [program_code] => 
                            [admission_year] => 
                            [admission_trimester] => 
                            [serial_number] => 
                        )

                    [student_id] => 011222150
                    [department] => Computer Science and Engineering
                    [faculty] => School of Science & Engineering
                    [current_status] => Active
                    [enrollment_date] => Array
                        (
                            [$date] => Array
                                (
                                    [$numberLong] => 1654812000000
                                )

                        )

                    [expected_graduation_date] => Array
                        (
                            [$date] => Array
                                (
                                    [$numberLong] => 1790632800000
                                )

                        )

                    [current_year_trimester] => 3rd Year, Summer Trimester
                    [cgpa] => 3.65
                    [current_degree_info] => Array
                        (
                            [degree_level] => Bachelor's
                            [degree_name] => B.Sc. in Computer Science and Engineering
                            [institution_name] => United International University
                            [major_field_of_study] => Data Science
                            [start_date] => Array
                                (
                                    [$date] => Array
                                        (
                                            [$numberLong] => 1654812000000
                                        )

                                )

                        )

                    [thesis_info] => 
                )

            [university_research_profile] => Array
                (
                    [research_interests] => Array
                        (
                            [0] => AI
                            [1] => Machine Learning
                            [2] => Data Science
                        )

                    [skills_expertise] => Array
                        (
                            [0] => JavaScript
                            [1] => Python
                            [2] => HTML
                            [3] => CSS
                        )

                    [university_publications] => Array
                        (
                        )

                    [university_projects] => Array
                        (
                        )

                )

            [platform_settings] => Array
                (
                    [user_role] => student
                    [account_creation_date] => Array
                        (
                            [$date] => Array
                                (
                                    [$numberLong] => 1748502587582
                                )

                        )

                    [last_updated_date] => Array
                        (
                            [$date] => Array
                                (
                                    [$numberLong] => 1748502587582
                                )

                        )

                )

        )

    [user_id] => 6833436be5c16779b409aa42
)

2025-05-29 14:39:23 - UserId extracted: 6833436be5c16779b409aa42, isLoggedIn: true
2025-05-29 14:39:23 - Filter: {"$or":[{"createdBy":"6833436be5c16779b409aa42"},{"createdBy.$oid":"6833436be5c16779b409aa42"},{"members":{"$elemMatch":{"userId":"6833436be5c16779b409aa42"}}},{"members":{"$elemMatch":{"userId.$oid":"6833436be5c16779b409aa42"}}},{"supervisor.userId.$oid":"6833436be5c16779b409aa42"},{"supervisor.userId":"6833436be5c16779b409aa42"}]}
2025-05-29 14:39:24 - Found 1 projects
2025-05-29 14:57:29 - SESSION: Array
(
    [logged_in] => 1
    [user_type] => faculty
    [user_data] => Array
        (
            [_id] => Array
                (
                    [$oid] => 6833436be5c16779b409aa42
                )

            [basic_info] => Array
                (
                    [name] => Samin yeaser khan
                    [profile_image_url] => uploads/profile_images/profile_6833436be5c16779b409aa42_1748502587.jpg
                )

            [contact_info] => Array
                (
                    [primary_email] => www.mayen017@gmail.com
                )

            [academic_info] => Array
                (
                    [student_id_components] => Array
                        (
                            [program_name] => B.Sc. in Computer Science and Engineering
                            [program_code] => 
                            [admission_year] => 
                            [admission_trimester] => 
                            [serial_number] => 
                        )

                    [student_id] => 011222150
                    [department] => Computer Science and Engineering
                    [faculty] => School of Science & Engineering
                    [current_status] => Active
                    [enrollment_date] => Array
                        (
                            [$date] => Array
                                (
                                    [$numberLong] => 1654812000000
                                )

                        )

                    [expected_graduation_date] => Array
                        (
                            [$date] => Array
                                (
                                    [$numberLong] => 1790632800000
                                )

                        )

                    [current_year_trimester] => 3rd Year, Summer Trimester
                    [cgpa] => 3.65
                    [current_degree_info] => Array
                        (
                            [degree_level] => Bachelor's
                            [degree_name] => B.Sc. in Computer Science and Engineering
                            [institution_name] => United International University
                            [major_field_of_study] => Data Science
                            [start_date] => Array
                                (
                                    [$date] => Array
                                        (
                                            [$numberLong] => 1654812000000
                                        )

                                )

                        )

                    [thesis_info] => 
                )

            [university_research_profile] => Array
                (
                    [research_interests] => Array
                        (
                            [0] => AI
                            [1] => Machine Learning
                            [2] => Data Science
                        )

                    [skills_expertise] => Array
                        (
                            [0] => JavaScript
                            [1] => Python
                            [2] => HTML
                            [3] => CSS
                        )

                    [university_publications] => Array
                        (
                        )

                    [university_projects] => Array
                        (
                        )

                )

            [platform_settings] => Array
                (
                    [user_role] => student
                    [account_creation_date] => Array
                        (
                            [$date] => Array
                                (
                                    [$numberLong] => 1748502587582
                                )

                        )

                    [last_updated_date] => Array
                        (
                            [$date] => Array
                                (
                                    [$numberLong] => 1748502587582
                                )

                        )

                )

        )

    [user_id] => 6833436be5c16779b409aa42
)

2025-05-29 14:57:29 - UserId extracted: 6833436be5c16779b409aa42, isLoggedIn: true
2025-05-29 14:57:29 - Filter: {"$or":[{"createdBy":"6833436be5c16779b409aa42"},{"createdBy.$oid":"6833436be5c16779b409aa42"},{"members":{"$elemMatch":{"userId":"6833436be5c16779b409aa42"}}},{"members":{"$elemMatch":{"userId.$oid":"6833436be5c16779b409aa42"}}},{"supervisor.userId.$oid":"6833436be5c16779b409aa42"},{"supervisor.userId":"6833436be5c16779b409aa42"}]}
2025-05-29 14:57:30 - Found 1 projects
2025-05-29 15:11:34 - SESSION: Array
(
    [logged_in] => 1
    [user_type] => faculty
    [user_data] => Array
        (
            [_id] => Array
                (
                    [$oid] => 6833436be5c16779b409aa42
                )

            [basic_info] => Array
                (
                    [name] => Samin yeaser khan
                    [profile_image_url] => uploads/profile_images/profile_6833436be5c16779b409aa42_1748502587.jpg
                )

            [contact_info] => Array
                (
                    [primary_email] => www.mayen017@gmail.com
                )

            [academic_info] => Array
                (
                    [student_id_components] => Array
                        (
                            [program_name] => B.Sc. in Computer Science and Engineering
                            [program_code] => 
                            [admission_year] => 
                            [admission_trimester] => 
                            [serial_number] => 
                        )

                    [student_id] => 011222150
                    [department] => Computer Science and Engineering
                    [faculty] => School of Science & Engineering
                    [current_status] => Active
                    [enrollment_date] => Array
                        (
                            [$date] => Array
                                (
                                    [$numberLong] => 1654812000000
                                )

                        )

                    [expected_graduation_date] => Array
                        (
                            [$date] => Array
                                (
                                    [$numberLong] => 1790632800000
                                )

                        )

                    [current_year_trimester] => 3rd Year, Summer Trimester
                    [cgpa] => 3.65
                    [current_degree_info] => Array
                        (
                            [degree_level] => Bachelor's
                            [degree_name] => B.Sc. in Computer Science and Engineering
                            [institution_name] => United International University
                            [major_field_of_study] => Data Science
                            [start_date] => Array
                                (
                                    [$date] => Array
                                        (
                                            [$numberLong] => 1654812000000
                                        )

                                )

                        )

                    [thesis_info] => 
                )

            [university_research_profile] => Array
                (
                    [research_interests] => Array
                        (
                            [0] => AI
                            [1] => Machine Learning
                            [2] => Data Science
                        )

                    [skills_expertise] => Array
                        (
                            [0] => JavaScript
                            [1] => Python
                            [2] => HTML
                            [3] => CSS
                        )

                    [university_publications] => Array
                        (
                        )

                    [university_projects] => Array
                        (
                        )

                )

            [platform_settings] => Array
                (
                    [user_role] => student
                    [account_creation_date] => Array
                        (
                            [$date] => Array
                                (
                                    [$numberLong] => 1748502587582
                                )

                        )

                    [last_updated_date] => Array
                        (
                            [$date] => Array
                                (
                                    [$numberLong] => 1748502587582
                                )

                        )

                )

        )

    [user_id] => 6833436be5c16779b409aa42
)

2025-05-29 15:11:34 - UserId extracted: 6833436be5c16779b409aa42, isLoggedIn: true
2025-05-29 15:11:34 - Filter: {"$or":[{"createdBy":"6833436be5c16779b409aa42"},{"createdBy.$oid":"6833436be5c16779b409aa42"},{"members":{"$elemMatch":{"userId":"6833436be5c16779b409aa42"}}},{"members":{"$elemMatch":{"userId.$oid":"6833436be5c16779b409aa42"}}},{"supervisor.userId.$oid":"6833436be5c16779b409aa42"},{"supervisor.userId":"6833436be5c16779b409aa42"}]}
2025-05-29 15:11:34 - Found 1 projects
2025-05-29 17:09:31 - SESSION: Array
(
    [logged_in] => 1
    [user_type] => faculty
    [user_data] => Array
        (
            [_id] => Array
                (
                    [$oid] => 6833436be5c16779b409aa42
                )

            [basic_info] => Array
                (
                    [name] => Samin yeaser khan
                    [profile_image_url] => uploads/profile_images/profile_6833436be5c16779b409aa42_1748502587.jpg
                )

            [contact_info] => Array
                (
                    [primary_email] => www.mayen017@gmail.com
                )

            [academic_info] => Array
                (
                    [student_id_components] => Array
                        (
                            [program_name] => B.Sc. in Computer Science and Engineering
                            [program_code] => 
                            [admission_year] => 
                            [admission_trimester] => 
                            [serial_number] => 
                        )

                    [student_id] => 011222150
                    [department] => Computer Science and Engineering
                    [faculty] => School of Science & Engineering
                    [current_status] => Active
                    [enrollment_date] => Array
                        (
                            [$date] => Array
                                (
                                    [$numberLong] => 1654812000000
                                )

                        )

                    [expected_graduation_date] => Array
                        (
                            [$date] => Array
                                (
                                    [$numberLong] => 1790632800000
                                )

                        )

                    [current_year_trimester] => 3rd Year, Summer Trimester
                    [cgpa] => 3.65
                    [current_degree_info] => Array
                        (
                            [degree_level] => Bachelor's
                            [degree_name] => B.Sc. in Computer Science and Engineering
                            [institution_name] => United International University
                            [major_field_of_study] => Data Science
                            [start_date] => Array
                                (
                                    [$date] => Array
                                        (
                                            [$numberLong] => 1654812000000
                                        )

                                )

                        )

                    [thesis_info] => 
                )

            [university_research_profile] => Array
                (
                    [research_interests] => Array
                        (
                            [0] => AI
                            [1] => Machine Learning
                            [2] => Data Science
                        )

                    [skills_expertise] => Array
                        (
                            [0] => JavaScript
                            [1] => Python
                            [2] => HTML
                            [3] => CSS
                        )

                    [university_publications] => Array
                        (
                        )

                    [university_projects] => Array
                        (
                        )

                )

            [platform_settings] => Array
                (
                    [user_role] => student
                    [account_creation_date] => Array
                        (
                            [$date] => Array
                                (
                                    [$numberLong] => 1748502587582
                                )

                        )

                    [last_updated_date] => Array
                        (
                            [$date] => Array
                                (
                                    [$numberLong] => 1748502587582
                                )

                        )

                )

        )

    [user_id] => 6833436be5c16779b409aa42
)

2025-05-29 17:09:31 - UserId extracted: 6833436be5c16779b409aa42, isLoggedIn: true
2025-05-29 17:09:31 - Filter: {"$or":[{"createdBy":"6833436be5c16779b409aa42"},{"createdBy.$oid":"6833436be5c16779b409aa42"},{"members":{"$elemMatch":{"userId":"6833436be5c16779b409aa42"}}},{"members":{"$elemMatch":{"userId.$oid":"6833436be5c16779b409aa42"}}},{"supervisor.userId.$oid":"6833436be5c16779b409aa42"},{"supervisor.userId":"6833436be5c16779b409aa42"}]}
2025-05-29 17:09:31 - Found 1 projects
2025-05-29 18:15:04 - SESSION: Array
(
    [logged_in] => 1
    [user_type] => faculty
    [user_data] => Array
        (
            [_id] => Array
                (
                    [$oid] => 6833436be5c16779b409aa42
                )

            [basic_info] => Array
                (
                    [name] => Samin yeaser khan
                    [profile_image_url] => uploads/profile_images/profile_6833436be5c16779b409aa42_1748502587.jpg
                )

            [contact_info] => Array
                (
                    [primary_email] => www.mayen017@gmail.com
                )

            [academic_info] => Array
                (
                    [student_id_components] => Array
                        (
                            [program_name] => B.Sc. in Computer Science and Engineering
                            [program_code] => 
                            [admission_year] => 
                            [admission_trimester] => 
                            [serial_number] => 
                        )

                    [student_id] => 011222150
                    [department] => Computer Science and Engineering
                    [faculty] => School of Science & Engineering
                    [current_status] => Active
                    [enrollment_date] => Array
                        (
                            [$date] => Array
                                (
                                    [$numberLong] => 1654812000000
                                )

                        )

                    [expected_graduation_date] => Array
                        (
                            [$date] => Array
                                (
                                    [$numberLong] => 1790632800000
                                )

                        )

                    [current_year_trimester] => 3rd Year, Summer Trimester
                    [cgpa] => 3.65
                    [current_degree_info] => Array
                        (
                            [degree_level] => Bachelor's
                            [degree_name] => B.Sc. in Computer Science and Engineering
                            [institution_name] => United International University
                            [major_field_of_study] => Data Science
                            [start_date] => Array
                                (
                                    [$date] => Array
                                        (
                                            [$numberLong] => 1654812000000
                                        )

                                )

                        )

                    [thesis_info] => 
                )

            [university_research_profile] => Array
                (
                    [research_interests] => Array
                        (
                            [0] => AI
                            [1] => Machine Learning
                            [2] => Data Science
                        )

                    [skills_expertise] => Array
                        (
                            [0] => JavaScript
                            [1] => Python
                            [2] => HTML
                            [3] => CSS
                        )

                    [university_publications] => Array
                        (
                        )

                    [university_projects] => Array
                        (
                        )

                )

            [platform_settings] => Array
                (
                    [user_role] => student
                    [account_creation_date] => Array
                        (
                            [$date] => Array
                                (
                                    [$numberLong] => 1748502587582
                                )

                        )

                    [last_updated_date] => Array
                        (
                            [$date] => Array
                                (
                                    [$numberLong] => 1748502587582
                                )

                        )

                )

        )

    [user_id] => 6833436be5c16779b409aa42
)

2025-05-29 18:15:04 - UserId extracted: 6833436be5c16779b409aa42, isLoggedIn: true
2025-05-29 18:15:04 - Filter: {"$or":[{"createdBy":"6833436be5c16779b409aa42"},{"createdBy.$oid":"6833436be5c16779b409aa42"},{"members":{"$elemMatch":{"userId":"6833436be5c16779b409aa42"}}},{"members":{"$elemMatch":{"userId.$oid":"6833436be5c16779b409aa42"}}},{"supervisor.userId.$oid":"6833436be5c16779b409aa42"},{"supervisor.userId":"6833436be5c16779b409aa42"}]}
2025-05-29 18:15:05 - Found 1 projects
2025-05-29 18:15:21 - SESSION: Array
(
    [logged_in] => 1
    [user_type] => faculty
    [user_data] => Array
        (
            [_id] => Array
                (
                    [$oid] => 6833436be5c16779b409aa42
                )

            [basic_info] => Array
                (
                    [name] => Samin yeaser khan
                    [profile_image_url] => uploads/profile_images/profile_6833436be5c16779b409aa42_1748502587.jpg
                )

            [contact_info] => Array
                (
                    [primary_email] => www.mayen017@gmail.com
                )

            [academic_info] => Array
                (
                    [student_id_components] => Array
                        (
                            [program_name] => B.Sc. in Computer Science and Engineering
                            [program_code] => 
                            [admission_year] => 
                            [admission_trimester] => 
                            [serial_number] => 
                        )

                    [student_id] => 011222150
                    [department] => Computer Science and Engineering
                    [faculty] => School of Science & Engineering
                    [current_status] => Active
                    [enrollment_date] => Array
                        (
                            [$date] => Array
                                (
                                    [$numberLong] => 1654812000000
                                )

                        )

                    [expected_graduation_date] => Array
                        (
                            [$date] => Array
                                (
                                    [$numberLong] => 1790632800000
                                )

                        )

                    [current_year_trimester] => 3rd Year, Summer Trimester
                    [cgpa] => 3.65
                    [current_degree_info] => Array
                        (
                            [degree_level] => Bachelor's
                            [degree_name] => B.Sc. in Computer Science and Engineering
                            [institution_name] => United International University
                            [major_field_of_study] => Data Science
                            [start_date] => Array
                                (
                                    [$date] => Array
                                        (
                                            [$numberLong] => 1654812000000
                                        )

                                )

                        )

                    [thesis_info] => 
                )

            [university_research_profile] => Array
                (
                    [research_interests] => Array
                        (
                            [0] => AI
                            [1] => Machine Learning
                            [2] => Data Science
                        )

                    [skills_expertise] => Array
                        (
                            [0] => JavaScript
                            [1] => Python
                            [2] => HTML
                            [3] => CSS
                        )

                    [university_publications] => Array
                        (
                        )

                    [university_projects] => Array
                        (
                        )

                )

            [platform_settings] => Array
                (
                    [user_role] => student
                    [account_creation_date] => Array
                        (
                            [$date] => Array
                                (
                                    [$numberLong] => 1748502587582
                                )

                        )

                    [last_updated_date] => Array
                        (
                            [$date] => Array
                                (
                                    [$numberLong] => 1748502587582
                                )

                        )

                )

        )

    [user_id] => 6833436be5c16779b409aa42
)

2025-05-29 18:15:21 - UserId extracted: 6833436be5c16779b409aa42, isLoggedIn: true
2025-05-29 18:15:21 - Filter: {"$or":[{"createdBy":"6833436be5c16779b409aa42"},{"createdBy.$oid":"6833436be5c16779b409aa42"},{"members":{"$elemMatch":{"userId":"6833436be5c16779b409aa42"}}},{"members":{"$elemMatch":{"userId.$oid":"6833436be5c16779b409aa42"}}},{"supervisor.userId.$oid":"6833436be5c16779b409aa42"},{"supervisor.userId":"6833436be5c16779b409aa42"}]}
2025-05-29 18:15:22 - Found 1 projects
2025-05-29 18:15:36 - SESSION: Array
(
    [logged_in] => 1
    [user_type] => faculty
    [user_data] => Array
        (
            [_id] => Array
                (
                    [$oid] => 6833436be5c16779b409aa42
                )

            [basic_info] => Array
                (
                    [name] => Samin yeaser khan
                    [profile_image_url] => uploads/profile_images/profile_6833436be5c16779b409aa42_1748502587.jpg
                )

            [contact_info] => Array
                (
                    [primary_email] => www.mayen017@gmail.com
                )

            [academic_info] => Array
                (
                    [student_id_components] => Array
                        (
                            [program_name] => B.Sc. in Computer Science and Engineering
                            [program_code] => 
                            [admission_year] => 
                            [admission_trimester] => 
                            [serial_number] => 
                        )

                    [student_id] => 011222150
                    [department] => Computer Science and Engineering
                    [faculty] => School of Science & Engineering
                    [current_status] => Active
                    [enrollment_date] => Array
                        (
                            [$date] => Array
                                (
                                    [$numberLong] => 1654812000000
                                )

                        )

                    [expected_graduation_date] => Array
                        (
                            [$date] => Array
                                (
                                    [$numberLong] => 1790632800000
                                )

                        )

                    [current_year_trimester] => 3rd Year, Summer Trimester
                    [cgpa] => 3.65
                    [current_degree_info] => Array
                        (
                            [degree_level] => Bachelor's
                            [degree_name] => B.Sc. in Computer Science and Engineering
                            [institution_name] => United International University
                            [major_field_of_study] => Data Science
                            [start_date] => Array
                                (
                                    [$date] => Array
                                        (
                                            [$numberLong] => 1654812000000
                                        )

                                )

                        )

                    [thesis_info] => 
                )

            [university_research_profile] => Array
                (
                    [research_interests] => Array
                        (
                            [0] => AI
                            [1] => Machine Learning
                            [2] => Data Science
                        )

                    [skills_expertise] => Array
                        (
                            [0] => JavaScript
                            [1] => Python
                            [2] => HTML
                            [3] => CSS
                        )

                    [university_publications] => Array
                        (
                        )

                    [university_projects] => Array
                        (
                        )

                )

            [platform_settings] => Array
                (
                    [user_role] => student
                    [account_creation_date] => Array
                        (
                            [$date] => Array
                                (
                                    [$numberLong] => 1748502587582
                                )

                        )

                    [last_updated_date] => Array
                        (
                            [$date] => Array
                                (
                                    [$numberLong] => 1748502587582
                                )

                        )

                )

        )

    [user_id] => 6833436be5c16779b409aa42
)

2025-05-29 18:15:36 - UserId extracted: 6833436be5c16779b409aa42, isLoggedIn: true
2025-05-29 18:15:36 - Filter: {"$or":[{"createdBy":"6833436be5c16779b409aa42"},{"createdBy.$oid":"6833436be5c16779b409aa42"},{"members":{"$elemMatch":{"userId":"6833436be5c16779b409aa42"}}},{"members":{"$elemMatch":{"userId.$oid":"6833436be5c16779b409aa42"}}},{"supervisor.userId.$oid":"6833436be5c16779b409aa42"},{"supervisor.userId":"6833436be5c16779b409aa42"}]}
2025-05-29 18:15:36 - Found 1 projects
2025-05-29 18:22:02 - SESSION: Array
(
    [logged_in] => 1
    [user_type] => faculty
    [user_data] => Array
        (
            [_id] => Array
                (
                    [$oid] => 6833436be5c16779b409aa42
                )

            [basic_info] => Array
                (
                    [name] => Samin yeaser khan
                    [profile_image_url] => uploads/profile_images/profile_6833436be5c16779b409aa42_1748502587.jpg
                )

            [contact_info] => Array
                (
                    [primary_email] => www.mayen017@gmail.com
                )

            [academic_info] => Array
                (
                    [student_id_components] => Array
                        (
                            [program_name] => B.Sc. in Computer Science and Engineering
                            [program_code] => 
                            [admission_year] => 
                            [admission_trimester] => 
                            [serial_number] => 
                        )

                    [student_id] => 011222150
                    [department] => Computer Science and Engineering
                    [faculty] => School of Science & Engineering
                    [current_status] => Active
                    [enrollment_date] => Array
                        (
                            [$date] => Array
                                (
                                    [$numberLong] => 1654812000000
                                )

                        )

                    [expected_graduation_date] => Array
                        (
                            [$date] => Array
                                (
                                    [$numberLong] => 1790632800000
                                )

                        )

                    [current_year_trimester] => 3rd Year, Summer Trimester
                    [cgpa] => 3.65
                    [current_degree_info] => Array
                        (
                            [degree_level] => Bachelor's
                            [degree_name] => B.Sc. in Computer Science and Engineering
                            [institution_name] => United International University
                            [major_field_of_study] => Data Science
                            [start_date] => Array
                                (
                                    [$date] => Array
                                        (
                                            [$numberLong] => 1654812000000
                                        )

                                )

                        )

                    [thesis_info] => 
                )

            [university_research_profile] => Array
                (
                    [research_interests] => Array
                        (
                            [0] => AI
                            [1] => Machine Learning
                            [2] => Data Science
                        )

                    [skills_expertise] => Array
                        (
                            [0] => JavaScript
                            [1] => Python
                            [2] => HTML
                            [3] => CSS
                        )

                    [university_publications] => Array
                        (
                        )

                    [university_projects] => Array
                        (
                        )

                )

            [platform_settings] => Array
                (
                    [user_role] => student
                    [account_creation_date] => Array
                        (
                            [$date] => Array
                                (
                                    [$numberLong] => 1748502587582
                                )

                        )

                    [last_updated_date] => Array
                        (
                            [$date] => Array
                                (
                                    [$numberLong] => 1748502587582
                                )

                        )

                )

        )

    [user_id] => 6833436be5c16779b409aa42
)

2025-05-29 18:22:02 - UserId extracted: 6833436be5c16779b409aa42, isLoggedIn: true
2025-05-29 18:22:02 - Filter: {"$or":[{"createdBy":"6833436be5c16779b409aa42"},{"createdBy.$oid":"6833436be5c16779b409aa42"},{"members":{"$elemMatch":{"userId":"6833436be5c16779b409aa42"}}},{"members":{"$elemMatch":{"userId.$oid":"6833436be5c16779b409aa42"}}},{"supervisor.userId.$oid":"6833436be5c16779b409aa42"},{"supervisor.userId":"6833436be5c16779b409aa42"}]}
2025-05-29 18:22:02 - Found 1 projects
2025-05-29 18:35:09 - SESSION: Array
(
    [logged_in] => 1
    [user_type] => faculty
    [user_data] => Array
        (
            [_id] => Array
                (
                    [$oid] => 6833436be5c16779b409aa42
                )

            [basic_info] => Array
                (
                    [name] => Samin yeaser khan
                    [profile_image_url] => uploads/profile_images/profile_6833436be5c16779b409aa42_1748502587.jpg
                )

            [contact_info] => Array
                (
                    [primary_email] => www.mayen017@gmail.com
                )

            [academic_info] => Array
                (
                    [student_id_components] => Array
                        (
                            [program_name] => B.Sc. in Computer Science and Engineering
                            [program_code] => 
                            [admission_year] => 
                            [admission_trimester] => 
                            [serial_number] => 
                        )

                    [student_id] => 011222150
                    [department] => Computer Science and Engineering
                    [faculty] => School of Science & Engineering
                    [current_status] => Active
                    [enrollment_date] => Array
                        (
                            [$date] => Array
                                (
                                    [$numberLong] => 1654812000000
                                )

                        )

                    [expected_graduation_date] => Array
                        (
                            [$date] => Array
                                (
                                    [$numberLong] => 1790632800000
                                )

                        )

                    [current_year_trimester] => 3rd Year, Summer Trimester
                    [cgpa] => 3.65
                    [current_degree_info] => Array
                        (
                            [degree_level] => Bachelor's
                            [degree_name] => B.Sc. in Computer Science and Engineering
                            [institution_name] => United International University
                            [major_field_of_study] => Data Science
                            [start_date] => Array
                                (
                                    [$date] => Array
                                        (
                                            [$numberLong] => 1654812000000
                                        )

                                )

                        )

                    [thesis_info] => 
                )

            [university_research_profile] => Array
                (
                    [research_interests] => Array
                        (
                            [0] => AI
                            [1] => Machine Learning
                            [2] => Data Science
                        )

                    [skills_expertise] => Array
                        (
                            [0] => JavaScript
                            [1] => Python
                            [2] => HTML
                            [3] => CSS
                        )

                    [university_publications] => Array
                        (
                        )

                    [university_projects] => Array
                        (
                        )

                )

            [platform_settings] => Array
                (
                    [user_role] => student
                    [account_creation_date] => Array
                        (
                            [$date] => Array
                                (
                                    [$numberLong] => 1748502587582
                                )

                        )

                    [last_updated_date] => Array
                        (
                            [$date] => Array
                                (
                                    [$numberLong] => 1748502587582
                                )

                        )

                )

        )

    [user_id] => 6833436be5c16779b409aa42
)

2025-05-29 18:35:09 - UserId extracted: 6833436be5c16779b409aa42, isLoggedIn: true
2025-05-29 18:35:09 - Filter: {"$or":[{"createdBy":"6833436be5c16779b409aa42"},{"createdBy.$oid":"6833436be5c16779b409aa42"},{"members":{"$elemMatch":{"userId":"6833436be5c16779b409aa42"}}},{"members":{"$elemMatch":{"userId.$oid":"6833436be5c16779b409aa42"}}},{"supervisor.userId.$oid":"6833436be5c16779b409aa42"},{"supervisor.userId":"6833436be5c16779b409aa42"}]}
2025-05-29 18:35:09 - Found 1 projects
2025-05-29 18:37:36 - SESSION: Array
(
    [logged_in] => 1
    [user_type] => faculty
    [user_data] => Array
        (
            [_id] => Array
                (
                    [$oid] => 6833436be5c16779b409aa42
                )

            [basic_info] => Array
                (
                    [name] => Samin yeaser khan
                    [profile_image_url] => uploads/profile_images/profile_6833436be5c16779b409aa42_1748502587.jpg
                )

            [contact_info] => Array
                (
                    [primary_email] => www.mayen017@gmail.com
                )

            [academic_info] => Array
                (
                    [student_id_components] => Array
                        (
                            [program_name] => B.Sc. in Computer Science and Engineering
                            [program_code] => 
                            [admission_year] => 
                            [admission_trimester] => 
                            [serial_number] => 
                        )

                    [student_id] => 011222150
                    [department] => Computer Science and Engineering
                    [faculty] => School of Science & Engineering
                    [current_status] => Active
                    [enrollment_date] => Array
                        (
                            [$date] => Array
                                (
                                    [$numberLong] => 1654812000000
                                )

                        )

                    [expected_graduation_date] => Array
                        (
                            [$date] => Array
                                (
                                    [$numberLong] => 1790632800000
                                )

                        )

                    [current_year_trimester] => 3rd Year, Summer Trimester
                    [cgpa] => 3.65
                    [current_degree_info] => Array
                        (
                            [degree_level] => Bachelor's
                            [degree_name] => B.Sc. in Computer Science and Engineering
                            [institution_name] => United International University
                            [major_field_of_study] => Data Science
                            [start_date] => Array
                                (
                                    [$date] => Array
                                        (
                                            [$numberLong] => 1654812000000
                                        )

                                )

                        )

                    [thesis_info] => 
                )

            [university_research_profile] => Array
                (
                    [research_interests] => Array
                        (
                            [0] => AI
                            [1] => Machine Learning
                            [2] => Data Science
                        )

                    [skills_expertise] => Array
                        (
                            [0] => JavaScript
                            [1] => Python
                            [2] => HTML
                            [3] => CSS
                        )

                    [university_publications] => Array
                        (
                        )

                    [university_projects] => Array
                        (
                        )

                )

            [platform_settings] => Array
                (
                    [user_role] => student
                    [account_creation_date] => Array
                        (
                            [$date] => Array
                                (
                                    [$numberLong] => 1748502587582
                                )

                        )

                    [last_updated_date] => Array
                        (
                            [$date] => Array
                                (
                                    [$numberLong] => 1748502587582
                                )

                        )

                )

        )

    [user_id] => 6833436be5c16779b409aa42
)

2025-05-29 18:37:36 - UserId extracted: 6833436be5c16779b409aa42, isLoggedIn: true
2025-05-29 18:37:36 - Filter: {"$or":[{"createdBy":"6833436be5c16779b409aa42"},{"createdBy.$oid":"6833436be5c16779b409aa42"},{"members":{"$elemMatch":{"userId":"6833436be5c16779b409aa42"}}},{"members":{"$elemMatch":{"userId.$oid":"6833436be5c16779b409aa42"}}},{"supervisor.userId.$oid":"6833436be5c16779b409aa42"},{"supervisor.userId":"6833436be5c16779b409aa42"}]}
2025-05-29 18:37:36 - Found 1 projects
2025-05-29 18:43:02 - SESSION: Array
(
    [logged_in] => 1
    [user_type] => faculty
    [user_data] => Array
        (
            [_id] => Array
                (
                    [$oid] => 6833436be5c16779b409aa42
                )

            [basic_info] => Array
                (
                    [name] => Samin yeaser khan
                    [profile_image_url] => uploads/profile_images/profile_6833436be5c16779b409aa42_1748502587.jpg
                )

            [contact_info] => Array
                (
                    [primary_email] => www.mayen017@gmail.com
                )

            [academic_info] => Array
                (
                    [student_id_components] => Array
                        (
                            [program_name] => B.Sc. in Computer Science and Engineering
                            [program_code] => 
                            [admission_year] => 
                            [admission_trimester] => 
                            [serial_number] => 
                        )

                    [student_id] => 011222150
                    [department] => Computer Science and Engineering
                    [faculty] => School of Science & Engineering
                    [current_status] => Active
                    [enrollment_date] => Array
                        (
                            [$date] => Array
                                (
                                    [$numberLong] => 1654812000000
                                )

                        )

                    [expected_graduation_date] => Array
                        (
                            [$date] => Array
                                (
                                    [$numberLong] => 1790632800000
                                )

                        )

                    [current_year_trimester] => 3rd Year, Summer Trimester
                    [cgpa] => 3.65
                    [current_degree_info] => Array
                        (
                            [degree_level] => Bachelor's
                            [degree_name] => B.Sc. in Computer Science and Engineering
                            [institution_name] => United International University
                            [major_field_of_study] => Data Science
                            [start_date] => Array
                                (
                                    [$date] => Array
                                        (
                                            [$numberLong] => 1654812000000
                                        )

                                )

                        )

                    [thesis_info] => 
                )

            [university_research_profile] => Array
                (
                    [research_interests] => Array
                        (
                            [0] => AI
                            [1] => Machine Learning
                            [2] => Data Science
                        )

                    [skills_expertise] => Array
                        (
                            [0] => JavaScript
                            [1] => Python
                            [2] => HTML
                            [3] => CSS
                        )

                    [university_publications] => Array
                        (
                        )

                    [university_projects] => Array
                        (
                        )

                )

            [platform_settings] => Array
                (
                    [user_role] => student
                    [account_creation_date] => Array
                        (
                            [$date] => Array
                                (
                                    [$numberLong] => 1748502587582
                                )

                        )

                    [last_updated_date] => Array
                        (
                            [$date] => Array
                                (
                                    [$numberLong] => 1748502587582
                                )

                        )

                )

        )

    [user_id] => 6833436be5c16779b409aa42
)

2025-05-29 18:43:02 - UserId extracted: 6833436be5c16779b409aa42, isLoggedIn: true
2025-05-29 18:43:02 - Filter: {"$or":[{"createdBy":"6833436be5c16779b409aa42"},{"createdBy.$oid":"6833436be5c16779b409aa42"},{"members":{"$elemMatch":{"userId":"6833436be5c16779b409aa42"}}},{"members":{"$elemMatch":{"userId.$oid":"6833436be5c16779b409aa42"}}},{"supervisor.userId.$oid":"6833436be5c16779b409aa42"},{"supervisor.userId":"6833436be5c16779b409aa42"}]}
2025-05-29 18:43:02 - Found 1 projects
2025-05-29 18:50:30 - SESSION: Array
(
    [logged_in] => 1
    [user_type] => faculty
    [user_data] => Array
        (
            [_id] => Array
                (
                    [$oid] => 6833436be5c16779b409aa42
                )

            [basic_info] => Array
                (
                    [name] => Samin yeaser khan
                    [profile_image_url] => uploads/profile_images/profile_6833436be5c16779b409aa42_1748502587.jpg
                )

            [contact_info] => Array
                (
                    [primary_email] => www.mayen017@gmail.com
                )

            [academic_info] => Array
                (
                    [student_id_components] => Array
                        (
                            [program_name] => B.Sc. in Computer Science and Engineering
                            [program_code] => 
                            [admission_year] => 
                            [admission_trimester] => 
                            [serial_number] => 
                        )

                    [student_id] => 011222150
                    [department] => Computer Science and Engineering
                    [faculty] => School of Science & Engineering
                    [current_status] => Active
                    [enrollment_date] => Array
                        (
                            [$date] => Array
                                (
                                    [$numberLong] => 1654812000000
                                )

                        )

                    [expected_graduation_date] => Array
                        (
                            [$date] => Array
                                (
                                    [$numberLong] => 1790632800000
                                )

                        )

                    [current_year_trimester] => 3rd Year, Summer Trimester
                    [cgpa] => 3.65
                    [current_degree_info] => Array
                        (
                            [degree_level] => Bachelor's
                            [degree_name] => B.Sc. in Computer Science and Engineering
                            [institution_name] => United International University
                            [major_field_of_study] => Data Science
                            [start_date] => Array
                                (
                                    [$date] => Array
                                        (
                                            [$numberLong] => 1654812000000
                                        )

                                )

                        )

                    [thesis_info] => 
                )

            [university_research_profile] => Array
                (
                    [research_interests] => Array
                        (
                            [0] => AI
                            [1] => Machine Learning
                            [2] => Data Science
                        )

                    [skills_expertise] => Array
                        (
                            [0] => JavaScript
                            [1] => Python
                            [2] => HTML
                            [3] => CSS
                        )

                    [university_publications] => Array
                        (
                        )

                    [university_projects] => Array
                        (
                        )

                )

            [platform_settings] => Array
                (
                    [user_role] => student
                    [account_creation_date] => Array
                        (
                            [$date] => Array
                                (
                                    [$numberLong] => 1748502587582
                                )

                        )

                    [last_updated_date] => Array
                        (
                            [$date] => Array
                                (
                                    [$numberLong] => 1748502587582
                                )

                        )

                )

        )

    [user_id] => 6833436be5c16779b409aa42
)

2025-05-29 18:50:30 - UserId extracted: 6833436be5c16779b409aa42, isLoggedIn: true
2025-05-29 18:50:30 - Filter: {"$or":[{"createdBy":"6833436be5c16779b409aa42"},{"createdBy.$oid":"6833436be5c16779b409aa42"},{"members":{"$elemMatch":{"userId":"6833436be5c16779b409aa42"}}},{"members":{"$elemMatch":{"userId.$oid":"6833436be5c16779b409aa42"}}},{"supervisor.userId.$oid":"6833436be5c16779b409aa42"},{"supervisor.userId":"6833436be5c16779b409aa42"}]}
2025-05-29 18:50:30 - Found 1 projects
2025-05-29 18:51:57 - SESSION: Array
(
    [logged_in] => 1
    [user_type] => faculty
    [user_data] => Array
        (
            [_id] => Array
                (
                    [$oid] => 6833436be5c16779b409aa42
                )

            [basic_info] => Array
                (
                    [name] => Samin yeaser khan
                    [profile_image_url] => uploads/profile_images/profile_6833436be5c16779b409aa42_1748502587.jpg
                )

            [contact_info] => Array
                (
                    [primary_email] => www.mayen017@gmail.com
                )

            [academic_info] => Array
                (
                    [student_id_components] => Array
                        (
                            [program_name] => B.Sc. in Computer Science and Engineering
                            [program_code] => 
                            [admission_year] => 
                            [admission_trimester] => 
                            [serial_number] => 
                        )

                    [student_id] => 011222150
                    [department] => Computer Science and Engineering
                    [faculty] => School of Science & Engineering
                    [current_status] => Active
                    [enrollment_date] => Array
                        (
                            [$date] => Array
                                (
                                    [$numberLong] => 1654812000000
                                )

                        )

                    [expected_graduation_date] => Array
                        (
                            [$date] => Array
                                (
                                    [$numberLong] => 1790632800000
                                )

                        )

                    [current_year_trimester] => 3rd Year, Summer Trimester
                    [cgpa] => 3.65
                    [current_degree_info] => Array
                        (
                            [degree_level] => Bachelor's
                            [degree_name] => B.Sc. in Computer Science and Engineering
                            [institution_name] => United International University
                            [major_field_of_study] => Data Science
                            [start_date] => Array
                                (
                                    [$date] => Array
                                        (
                                            [$numberLong] => 1654812000000
                                        )

                                )

                        )

                    [thesis_info] => 
                )

            [university_research_profile] => Array
                (
                    [research_interests] => Array
                        (
                            [0] => AI
                            [1] => Machine Learning
                            [2] => Data Science
                        )

                    [skills_expertise] => Array
                        (
                            [0] => JavaScript
                            [1] => Python
                            [2] => HTML
                            [3] => CSS
                        )

                    [university_publications] => Array
                        (
                        )

                    [university_projects] => Array
                        (
                        )

                )

            [platform_settings] => Array
                (
                    [user_role] => student
                    [account_creation_date] => Array
                        (
                            [$date] => Array
                                (
                                    [$numberLong] => 1748502587582
                                )

                        )

                    [last_updated_date] => Array
                        (
                            [$date] => Array
                                (
                                    [$numberLong] => 1748502587582
                                )

                        )

                )

        )

    [user_id] => 6833436be5c16779b409aa42
)

2025-05-29 18:51:57 - UserId extracted: 6833436be5c16779b409aa42, isLoggedIn: true
2025-05-29 18:51:57 - Filter: {"$or":[{"createdBy":"6833436be5c16779b409aa42"},{"createdBy.$oid":"6833436be5c16779b409aa42"},{"members":{"$elemMatch":{"userId":"6833436be5c16779b409aa42"}}},{"members":{"$elemMatch":{"userId.$oid":"6833436be5c16779b409aa42"}}},{"supervisor.userId.$oid":"6833436be5c16779b409aa42"},{"supervisor.userId":"6833436be5c16779b409aa42"}]}
2025-05-29 18:51:57 - Found 1 projects
2025-05-29 18:52:45 - SESSION: Array
(
    [logged_in] => 1
    [user_type] => faculty
    [user_data] => Array
        (
            [_id] => Array
                (
                    [$oid] => 6833436be5c16779b409aa42
                )

            [basic_info] => Array
                (
                    [name] => Samin yeaser khan
                    [profile_image_url] => uploads/profile_images/profile_6833436be5c16779b409aa42_1748502587.jpg
                )

            [contact_info] => Array
                (
                    [primary_email] => www.mayen017@gmail.com
                )

            [academic_info] => Array
                (
                    [student_id_components] => Array
                        (
                            [program_name] => B.Sc. in Computer Science and Engineering
                            [program_code] => 
                            [admission_year] => 
                            [admission_trimester] => 
                            [serial_number] => 
                        )

                    [student_id] => 011222150
                    [department] => Computer Science and Engineering
                    [faculty] => School of Science & Engineering
                    [current_status] => Active
                    [enrollment_date] => Array
                        (
                            [$date] => Array
                                (
                                    [$numberLong] => 1654812000000
                                )

                        )

                    [expected_graduation_date] => Array
                        (
                            [$date] => Array
                                (
                                    [$numberLong] => 1790632800000
                                )

                        )

                    [current_year_trimester] => 3rd Year, Summer Trimester
                    [cgpa] => 3.65
                    [current_degree_info] => Array
                        (
                            [degree_level] => Bachelor's
                            [degree_name] => B.Sc. in Computer Science and Engineering
                            [institution_name] => United International University
                            [major_field_of_study] => Data Science
                            [start_date] => Array
                                (
                                    [$date] => Array
                                        (
                                            [$numberLong] => 1654812000000
                                        )

                                )

                        )

                    [thesis_info] => 
                )

            [university_research_profile] => Array
                (
                    [research_interests] => Array
                        (
                            [0] => AI
                            [1] => Machine Learning
                            [2] => Data Science
                        )

                    [skills_expertise] => Array
                        (
                            [0] => JavaScript
                            [1] => Python
                            [2] => HTML
                            [3] => CSS
                        )

                    [university_publications] => Array
                        (
                        )

                    [university_projects] => Array
                        (
                        )

                )

            [platform_settings] => Array
                (
                    [user_role] => student
                    [account_creation_date] => Array
                        (
                            [$date] => Array
                                (
                                    [$numberLong] => 1748502587582
                                )

                        )

                    [last_updated_date] => Array
                        (
                            [$date] => Array
                                (
                                    [$numberLong] => 1748502587582
                                )

                        )

                )

        )

    [user_id] => 6833436be5c16779b409aa42
)

2025-05-29 18:52:45 - UserId extracted: 6833436be5c16779b409aa42, isLoggedIn: true
2025-05-29 18:52:45 - Filter: {"$or":[{"createdBy":"6833436be5c16779b409aa42"},{"createdBy.$oid":"6833436be5c16779b409aa42"},{"members":{"$elemMatch":{"userId":"6833436be5c16779b409aa42"}}},{"members":{"$elemMatch":{"userId.$oid":"6833436be5c16779b409aa42"}}},{"supervisor.userId.$oid":"6833436be5c16779b409aa42"},{"supervisor.userId":"6833436be5c16779b409aa42"}]}
2025-05-29 18:52:45 - Found 1 projects
2025-05-29 18:53:19 - SESSION: Array
(
    [logged_in] => 1
    [user_type] => faculty
    [user_data] => Array
        (
            [_id] => Array
                (
                    [$oid] => 6833436be5c16779b409aa42
                )

            [basic_info] => Array
                (
                    [name] => Samin yeaser khan
                    [profile_image_url] => uploads/profile_images/profile_6833436be5c16779b409aa42_1748502587.jpg
                )

            [contact_info] => Array
                (
                    [primary_email] => www.mayen017@gmail.com
                )

            [academic_info] => Array
                (
                    [student_id_components] => Array
                        (
                            [program_name] => B.Sc. in Computer Science and Engineering
                            [program_code] => 
                            [admission_year] => 
                            [admission_trimester] => 
                            [serial_number] => 
                        )

                    [student_id] => 011222150
                    [department] => Computer Science and Engineering
                    [faculty] => School of Science & Engineering
                    [current_status] => Active
                    [enrollment_date] => Array
                        (
                            [$date] => Array
                                (
                                    [$numberLong] => 1654812000000
                                )

                        )

                    [expected_graduation_date] => Array
                        (
                            [$date] => Array
                                (
                                    [$numberLong] => 1790632800000
                                )

                        )

                    [current_year_trimester] => 3rd Year, Summer Trimester
                    [cgpa] => 3.65
                    [current_degree_info] => Array
                        (
                            [degree_level] => Bachelor's
                            [degree_name] => B.Sc. in Computer Science and Engineering
                            [institution_name] => United International University
                            [major_field_of_study] => Data Science
                            [start_date] => Array
                                (
                                    [$date] => Array
                                        (
                                            [$numberLong] => 1654812000000
                                        )

                                )

                        )

                    [thesis_info] => 
                )

            [university_research_profile] => Array
                (
                    [research_interests] => Array
                        (
                            [0] => AI
                            [1] => Machine Learning
                            [2] => Data Science
                        )

                    [skills_expertise] => Array
                        (
                            [0] => JavaScript
                            [1] => Python
                            [2] => HTML
                            [3] => CSS
                        )

                    [university_publications] => Array
                        (
                        )

                    [university_projects] => Array
                        (
                        )

                )

            [platform_settings] => Array
                (
                    [user_role] => student
                    [account_creation_date] => Array
                        (
                            [$date] => Array
                                (
                                    [$numberLong] => 1748502587582
                                )

                        )

                    [last_updated_date] => Array
                        (
                            [$date] => Array
                                (
                                    [$numberLong] => 1748502587582
                                )

                        )

                )

        )

    [user_id] => 6833436be5c16779b409aa42
)

2025-05-29 18:53:19 - UserId extracted: 6833436be5c16779b409aa42, isLoggedIn: true
2025-05-29 18:53:19 - Filter: {"$or":[{"createdBy":"6833436be5c16779b409aa42"},{"createdBy.$oid":"6833436be5c16779b409aa42"},{"members":{"$elemMatch":{"userId":"6833436be5c16779b409aa42"}}},{"members":{"$elemMatch":{"userId.$oid":"6833436be5c16779b409aa42"}}},{"supervisor.userId.$oid":"6833436be5c16779b409aa42"},{"supervisor.userId":"6833436be5c16779b409aa42"}]}
2025-05-29 18:53:19 - Found 1 projects
2025-05-29 19:01:45 - SESSION: Array
(
    [logged_in] => 1
    [user_type] => faculty
    [user_data] => Array
        (
            [_id] => Array
                (
                    [$oid] => 6833436be5c16779b409aa42
                )

            [basic_info] => Array
                (
                    [name] => Samin yeaser khan
                    [profile_image_url] => uploads/profile_images/profile_6833436be5c16779b409aa42_1748502587.jpg
                )

            [contact_info] => Array
                (
                    [primary_email] => www.mayen017@gmail.com
                )

            [academic_info] => Array
                (
                    [student_id_components] => Array
                        (
                            [program_name] => B.Sc. in Computer Science and Engineering
                            [program_code] => 
                            [admission_year] => 
                            [admission_trimester] => 
                            [serial_number] => 
                        )

                    [student_id] => 011222150
                    [department] => Computer Science and Engineering
                    [faculty] => School of Science & Engineering
                    [current_status] => Active
                    [enrollment_date] => Array
                        (
                            [$date] => Array
                                (
                                    [$numberLong] => 1654812000000
                                )

                        )

                    [expected_graduation_date] => Array
                        (
                            [$date] => Array
                                (
                                    [$numberLong] => 1790632800000
                                )

                        )

                    [current_year_trimester] => 3rd Year, Summer Trimester
                    [cgpa] => 3.65
                    [current_degree_info] => Array
                        (
                            [degree_level] => Bachelor's
                            [degree_name] => B.Sc. in Computer Science and Engineering
                            [institution_name] => United International University
                            [major_field_of_study] => Data Science
                            [start_date] => Array
                                (
                                    [$date] => Array
                                        (
                                            [$numberLong] => 1654812000000
                                        )

                                )

                        )

                    [thesis_info] => 
                )

            [university_research_profile] => Array
                (
                    [research_interests] => Array
                        (
                            [0] => AI
                            [1] => Machine Learning
                            [2] => Data Science
                        )

                    [skills_expertise] => Array
                        (
                            [0] => JavaScript
                            [1] => Python
                            [2] => HTML
                            [3] => CSS
                        )

                    [university_publications] => Array
                        (
                        )

                    [university_projects] => Array
                        (
                        )

                )

            [platform_settings] => Array
                (
                    [user_role] => student
                    [account_creation_date] => Array
                        (
                            [$date] => Array
                                (
                                    [$numberLong] => 1748502587582
                                )

                        )

                    [last_updated_date] => Array
                        (
                            [$date] => Array
                                (
                                    [$numberLong] => 1748502587582
                                )

                        )

                )

        )

    [user_id] => 6833436be5c16779b409aa42
)

2025-05-29 19:01:45 - UserId extracted: 6833436be5c16779b409aa42, isLoggedIn: true
2025-05-29 19:01:45 - Filter: {"$or":[{"createdBy":"6833436be5c16779b409aa42"},{"createdBy.$oid":"6833436be5c16779b409aa42"},{"members":{"$elemMatch":{"userId":"6833436be5c16779b409aa42"}}},{"members":{"$elemMatch":{"userId.$oid":"6833436be5c16779b409aa42"}}},{"supervisor.userId.$oid":"6833436be5c16779b409aa42"},{"supervisor.userId":"6833436be5c16779b409aa42"}]}
2025-05-29 19:01:46 - Found 1 projects
2025-05-29 19:09:15 - SESSION: Array
(
    [logged_in] => 1
    [user_type] => faculty
    [user_data] => Array
        (
            [_id] => Array
                (
                    [$oid] => 6833436be5c16779b409aa42
                )

            [basic_info] => Array
                (
                    [name] => Samin yeaser khan
                    [profile_image_url] => uploads/profile_images/profile_6833436be5c16779b409aa42_1748502587.jpg
                )

            [contact_info] => Array
                (
                    [primary_email] => www.mayen017@gmail.com
                )

            [academic_info] => Array
                (
                    [student_id_components] => Array
                        (
                            [program_name] => B.Sc. in Computer Science and Engineering
                            [program_code] => 
                            [admission_year] => 
                            [admission_trimester] => 
                            [serial_number] => 
                        )

                    [student_id] => 011222150
                    [department] => Computer Science and Engineering
                    [faculty] => School of Science & Engineering
                    [current_status] => Active
                    [enrollment_date] => Array
                        (
                            [$date] => Array
                                (
                                    [$numberLong] => 1654812000000
                                )

                        )

                    [expected_graduation_date] => Array
                        (
                            [$date] => Array
                                (
                                    [$numberLong] => 1790632800000
                                )

                        )

                    [current_year_trimester] => 3rd Year, Summer Trimester
                    [cgpa] => 3.65
                    [current_degree_info] => Array
                        (
                            [degree_level] => Bachelor's
                            [degree_name] => B.Sc. in Computer Science and Engineering
                            [institution_name] => United International University
                            [major_field_of_study] => Data Science
                            [start_date] => Array
                                (
                                    [$date] => Array
                                        (
                                            [$numberLong] => 1654812000000
                                        )

                                )

                        )

                    [thesis_info] => 
                )

            [university_research_profile] => Array
                (
                    [research_interests] => Array
                        (
                            [0] => AI
                            [1] => Machine Learning
                            [2] => Data Science
                        )

                    [skills_expertise] => Array
                        (
                            [0] => JavaScript
                            [1] => Python
                            [2] => HTML
                            [3] => CSS
                        )

                    [university_publications] => Array
                        (
                        )

                    [university_projects] => Array
                        (
                        )

                )

            [platform_settings] => Array
                (
                    [user_role] => student
                    [account_creation_date] => Array
                        (
                            [$date] => Array
                                (
                                    [$numberLong] => 1748502587582
                                )

                        )

                    [last_updated_date] => Array
                        (
                            [$date] => Array
                                (
                                    [$numberLong] => 1748502587582
                                )

                        )

                )

        )

    [user_id] => 6833436be5c16779b409aa42
)

2025-05-29 19:09:15 - UserId extracted: 6833436be5c16779b409aa42, isLoggedIn: true
2025-05-29 19:09:15 - Filter: {"$or":[{"createdBy":"6833436be5c16779b409aa42"},{"createdBy.$oid":"6833436be5c16779b409aa42"},{"members":{"$elemMatch":{"userId":"6833436be5c16779b409aa42"}}},{"members":{"$elemMatch":{"userId.$oid":"6833436be5c16779b409aa42"}}},{"supervisor.userId.$oid":"6833436be5c16779b409aa42"},{"supervisor.userId":"6833436be5c16779b409aa42"}]}
2025-05-29 19:09:15 - Found 1 projects
2025-05-29 19:19:09 - SESSION: Array
(
    [logged_in] => 1
    [user_type] => faculty
    [user_data] => Array
        (
            [_id] => Array
                (
                    [$oid] => 6833436be5c16779b409aa42
                )

            [basic_info] => Array
                (
                    [name] => Samin yeaser khan
                    [profile_image_url] => uploads/profile_images/profile_6833436be5c16779b409aa42_1748502587.jpg
                )

            [contact_info] => Array
                (
                    [primary_email] => www.mayen017@gmail.com
                )

            [academic_info] => Array
                (
                    [student_id_components] => Array
                        (
                            [program_name] => B.Sc. in Computer Science and Engineering
                            [program_code] => 
                            [admission_year] => 
                            [admission_trimester] => 
                            [serial_number] => 
                        )

                    [student_id] => 011222150
                    [department] => Computer Science and Engineering
                    [faculty] => School of Science & Engineering
                    [current_status] => Active
                    [enrollment_date] => Array
                        (
                            [$date] => Array
                                (
                                    [$numberLong] => 1654812000000
                                )

                        )

                    [expected_graduation_date] => Array
                        (
                            [$date] => Array
                                (
                                    [$numberLong] => 1790632800000
                                )

                        )

                    [current_year_trimester] => 3rd Year, Summer Trimester
                    [cgpa] => 3.65
                    [current_degree_info] => Array
                        (
                            [degree_level] => Bachelor's
                            [degree_name] => B.Sc. in Computer Science and Engineering
                            [institution_name] => United International University
                            [major_field_of_study] => Data Science
                            [start_date] => Array
                                (
                                    [$date] => Array
                                        (
                                            [$numberLong] => 1654812000000
                                        )

                                )

                        )

                    [thesis_info] => 
                )

            [university_research_profile] => Array
                (
                    [research_interests] => Array
                        (
                            [0] => AI
                            [1] => Machine Learning
                            [2] => Data Science
                        )

                    [skills_expertise] => Array
                        (
                            [0] => JavaScript
                            [1] => Python
                            [2] => HTML
                            [3] => CSS
                        )

                    [university_publications] => Array
                        (
                        )

                    [university_projects] => Array
                        (
                        )

                )

            [platform_settings] => Array
                (
                    [user_role] => student
                    [account_creation_date] => Array
                        (
                            [$date] => Array
                                (
                                    [$numberLong] => 1748502587582
                                )

                        )

                    [last_updated_date] => Array
                        (
                            [$date] => Array
                                (
                                    [$numberLong] => 1748502587582
                                )

                        )

                )

        )

    [user_id] => 6833436be5c16779b409aa42
)

2025-05-29 19:19:09 - UserId extracted: 6833436be5c16779b409aa42, isLoggedIn: true
2025-05-29 19:19:09 - Filter: {"$or":[{"createdBy":"6833436be5c16779b409aa42"},{"createdBy.$oid":"6833436be5c16779b409aa42"},{"members":{"$elemMatch":{"userId":"6833436be5c16779b409aa42"}}},{"members":{"$elemMatch":{"userId.$oid":"6833436be5c16779b409aa42"}}},{"supervisor.userId.$oid":"6833436be5c16779b409aa42"},{"supervisor.userId":"6833436be5c16779b409aa42"}]}
2025-05-29 19:19:10 - Found 1 projects
2025-05-29 19:19:53 - SESSION: Array
(
    [logged_in] => 1
    [user_type] => faculty
    [user_data] => Array
        (
            [_id] => Array
                (
                    [$oid] => 6833436be5c16779b409aa42
                )

            [basic_info] => Array
                (
                    [name] => Samin yeaser khan
                    [profile_image_url] => uploads/profile_images/profile_6833436be5c16779b409aa42_1748502587.jpg
                )

            [contact_info] => Array
                (
                    [primary_email] => www.mayen017@gmail.com
                )

            [academic_info] => Array
                (
                    [student_id_components] => Array
                        (
                            [program_name] => B.Sc. in Computer Science and Engineering
                            [program_code] => 
                            [admission_year] => 
                            [admission_trimester] => 
                            [serial_number] => 
                        )

                    [student_id] => 011222150
                    [department] => Computer Science and Engineering
                    [faculty] => School of Science & Engineering
                    [current_status] => Active
                    [enrollment_date] => Array
                        (
                            [$date] => Array
                                (
                                    [$numberLong] => 1654812000000
                                )

                        )

                    [expected_graduation_date] => Array
                        (
                            [$date] => Array
                                (
                                    [$numberLong] => 1790632800000
                                )

                        )

                    [current_year_trimester] => 3rd Year, Summer Trimester
                    [cgpa] => 3.65
                    [current_degree_info] => Array
                        (
                            [degree_level] => Bachelor's
                            [degree_name] => B.Sc. in Computer Science and Engineering
                            [institution_name] => United International University
                            [major_field_of_study] => Data Science
                            [start_date] => Array
                                (
                                    [$date] => Array
                                        (
                                            [$numberLong] => 1654812000000
                                        )

                                )

                        )

                    [thesis_info] => 
                )

            [university_research_profile] => Array
                (
                    [research_interests] => Array
                        (
                            [0] => AI
                            [1] => Machine Learning
                            [2] => Data Science
                        )

                    [skills_expertise] => Array
                        (
                            [0] => JavaScript
                            [1] => Python
                            [2] => HTML
                            [3] => CSS
                        )

                    [university_publications] => Array
                        (
                        )

                    [university_projects] => Array
                        (
                        )

                )

            [platform_settings] => Array
                (
                    [user_role] => student
                    [account_creation_date] => Array
                        (
                            [$date] => Array
                                (
                                    [$numberLong] => 1748502587582
                                )

                        )

                    [last_updated_date] => Array
                        (
                            [$date] => Array
                                (
                                    [$numberLong] => 1748502587582
                                )

                        )

                )

        )

    [user_id] => 6833436be5c16779b409aa42
)

2025-05-29 19:19:53 - UserId extracted: 6833436be5c16779b409aa42, isLoggedIn: true
2025-05-29 19:19:53 - Filter: {"$or":[{"createdBy":"6833436be5c16779b409aa42"},{"createdBy.$oid":"6833436be5c16779b409aa42"},{"members":{"$elemMatch":{"userId":"6833436be5c16779b409aa42"}}},{"members":{"$elemMatch":{"userId.$oid":"6833436be5c16779b409aa42"}}},{"supervisor.userId.$oid":"6833436be5c16779b409aa42"},{"supervisor.userId":"6833436be5c16779b409aa42"}]}
2025-05-29 19:19:54 - Found 1 projects
2025-05-29 19:29:39 - SESSION: Array
(
    [logged_in] => 1
    [user_type] => faculty
    [user_data] => Array
        (
            [_id] => Array
                (
                    [$oid] => 6833436be5c16779b409aa42
                )

            [basic_info] => Array
                (
                    [name] => Samin yeaser khan
                    [profile_image_url] => uploads/profile_images/profile_6833436be5c16779b409aa42_1748502587.jpg
                )

            [contact_info] => Array
                (
                    [primary_email] => www.mayen017@gmail.com
                )

            [academic_info] => Array
                (
                    [student_id_components] => Array
                        (
                            [program_name] => B.Sc. in Computer Science and Engineering
                            [program_code] => 
                            [admission_year] => 
                            [admission_trimester] => 
                            [serial_number] => 
                        )

                    [student_id] => 011222150
                    [department] => Computer Science and Engineering
                    [faculty] => School of Science & Engineering
                    [current_status] => Active
                    [enrollment_date] => Array
                        (
                            [$date] => Array
                                (
                                    [$numberLong] => 1654812000000
                                )

                        )

                    [expected_graduation_date] => Array
                        (
                            [$date] => Array
                                (
                                    [$numberLong] => 1790632800000
                                )

                        )

                    [current_year_trimester] => 3rd Year, Summer Trimester
                    [cgpa] => 3.65
                    [current_degree_info] => Array
                        (
                            [degree_level] => Bachelor's
                            [degree_name] => B.Sc. in Computer Science and Engineering
                            [institution_name] => United International University
                            [major_field_of_study] => Data Science
                            [start_date] => Array
                                (
                                    [$date] => Array
                                        (
                                            [$numberLong] => 1654812000000
                                        )

                                )

                        )

                    [thesis_info] => 
                )

            [university_research_profile] => Array
                (
                    [research_interests] => Array
                        (
                            [0] => AI
                            [1] => Machine Learning
                            [2] => Data Science
                        )

                    [skills_expertise] => Array
                        (
                            [0] => JavaScript
                            [1] => Python
                            [2] => HTML
                            [3] => CSS
                        )

                    [university_publications] => Array
                        (
                        )

                    [university_projects] => Array
                        (
                        )

                )

            [platform_settings] => Array
                (
                    [user_role] => student
                    [account_creation_date] => Array
                        (
                            [$date] => Array
                                (
                                    [$numberLong] => 1748502587582
                                )

                        )

                    [last_updated_date] => Array
                        (
                            [$date] => Array
                                (
                                    [$numberLong] => 1748502587582
                                )

                        )

                )

        )

    [user_id] => 6833436be5c16779b409aa42
)

2025-05-29 19:29:39 - UserId extracted: 6833436be5c16779b409aa42, isLoggedIn: true
2025-05-29 19:29:39 - Filter: {"$or":[{"createdBy":"6833436be5c16779b409aa42"},{"createdBy.$oid":"6833436be5c16779b409aa42"},{"members":{"$elemMatch":{"userId":"6833436be5c16779b409aa42"}}},{"members":{"$elemMatch":{"userId.$oid":"6833436be5c16779b409aa42"}}},{"supervisor.userId.$oid":"6833436be5c16779b409aa42"},{"supervisor.userId":"6833436be5c16779b409aa42"}]}
2025-05-29 19:29:39 - Found 1 projects
2025-05-29 19:39:51 - SESSION: Array
(
    [logged_in] => 1
    [user_type] => faculty
    [user_data] => Array
        (
            [_id] => Array
                (
                    [$oid] => 6833436be5c16779b409aa42
                )

            [basic_info] => Array
                (
                    [name] => Samin yeaser khan
                    [profile_image_url] => uploads/profile_images/profile_6833436be5c16779b409aa42_1748502587.jpg
                )

            [contact_info] => Array
                (
                    [primary_email] => www.mayen017@gmail.com
                )

            [academic_info] => Array
                (
                    [student_id_components] => Array
                        (
                            [program_name] => B.Sc. in Computer Science and Engineering
                            [program_code] => 
                            [admission_year] => 
                            [admission_trimester] => 
                            [serial_number] => 
                        )

                    [student_id] => 011222150
                    [department] => Computer Science and Engineering
                    [faculty] => School of Science & Engineering
                    [current_status] => Active
                    [enrollment_date] => Array
                        (
                            [$date] => Array
                                (
                                    [$numberLong] => 1654812000000
                                )

                        )

                    [expected_graduation_date] => Array
                        (
                            [$date] => Array
                                (
                                    [$numberLong] => 1790632800000
                                )

                        )

                    [current_year_trimester] => 3rd Year, Summer Trimester
                    [cgpa] => 3.65
                    [current_degree_info] => Array
                        (
                            [degree_level] => Bachelor's
                            [degree_name] => B.Sc. in Computer Science and Engineering
                            [institution_name] => United International University
                            [major_field_of_study] => Data Science
                            [start_date] => Array
                                (
                                    [$date] => Array
                                        (
                                            [$numberLong] => 1654812000000
                                        )

                                )

                        )

                    [thesis_info] => 
                )

            [university_research_profile] => Array
                (
                    [research_interests] => Array
                        (
                            [0] => AI
                            [1] => Machine Learning
                            [2] => Data Science
                        )

                    [skills_expertise] => Array
                        (
                            [0] => JavaScript
                            [1] => Python
                            [2] => HTML
                            [3] => CSS
                        )

                    [university_publications] => Array
                        (
                        )

                    [university_projects] => Array
                        (
                        )

                )

            [platform_settings] => Array
                (
                    [user_role] => student
                    [account_creation_date] => Array
                        (
                            [$date] => Array
                                (
                                    [$numberLong] => 1748502587582
                                )

                        )

                    [last_updated_date] => Array
                        (
                            [$date] => Array
                                (
                                    [$numberLong] => 1748502587582
                                )

                        )

                )

        )

    [user_id] => 6833436be5c16779b409aa42
)

2025-05-29 19:39:51 - UserId extracted: 6833436be5c16779b409aa42, isLoggedIn: true
2025-05-29 19:39:51 - Filter: {"$or":[{"createdBy":"6833436be5c16779b409aa42"},{"createdBy.$oid":"6833436be5c16779b409aa42"},{"members":{"$elemMatch":{"userId":"6833436be5c16779b409aa42"}}},{"members":{"$elemMatch":{"userId.$oid":"6833436be5c16779b409aa42"}}},{"supervisor.userId.$oid":"6833436be5c16779b409aa42"},{"supervisor.userId":"6833436be5c16779b409aa42"}]}
2025-05-29 19:39:52 - Found 1 projects
2025-05-29 19:41:53 - SESSION: Array
(
    [logged_in] => 1
    [user_type] => faculty
    [user_data] => Array
        (
            [_id] => Array
                (
                    [$oid] => 6833436be5c16779b409aa42
                )

            [basic_info] => Array
                (
                    [name] => Samin yeaser khan
                    [profile_image_url] => uploads/profile_images/profile_6833436be5c16779b409aa42_1748502587.jpg
                )

            [contact_info] => Array
                (
                    [primary_email] => www.mayen017@gmail.com
                )

            [academic_info] => Array
                (
                    [student_id_components] => Array
                        (
                            [program_name] => B.Sc. in Computer Science and Engineering
                            [program_code] => 
                            [admission_year] => 
                            [admission_trimester] => 
                            [serial_number] => 
                        )

                    [student_id] => 011222150
                    [department] => Computer Science and Engineering
                    [faculty] => School of Science & Engineering
                    [current_status] => Active
                    [enrollment_date] => Array
                        (
                            [$date] => Array
                                (
                                    [$numberLong] => 1654812000000
                                )

                        )

                    [expected_graduation_date] => Array
                        (
                            [$date] => Array
                                (
                                    [$numberLong] => 1790632800000
                                )

                        )

                    [current_year_trimester] => 3rd Year, Summer Trimester
                    [cgpa] => 3.65
                    [current_degree_info] => Array
                        (
                            [degree_level] => Bachelor's
                            [degree_name] => B.Sc. in Computer Science and Engineering
                            [institution_name] => United International University
                            [major_field_of_study] => Data Science
                            [start_date] => Array
                                (
                                    [$date] => Array
                                        (
                                            [$numberLong] => 1654812000000
                                        )

                                )

                        )

                    [thesis_info] => 
                )

            [university_research_profile] => Array
                (
                    [research_interests] => Array
                        (
                            [0] => AI
                            [1] => Machine Learning
                            [2] => Data Science
                        )

                    [skills_expertise] => Array
                        (
                            [0] => JavaScript
                            [1] => Python
                            [2] => HTML
                            [3] => CSS
                        )

                    [university_publications] => Array
                        (
                        )

                    [university_projects] => Array
                        (
                        )

                )

            [platform_settings] => Array
                (
                    [user_role] => student
                    [account_creation_date] => Array
                        (
                            [$date] => Array
                                (
                                    [$numberLong] => 1748502587582
                                )

                        )

                    [last_updated_date] => Array
                        (
                            [$date] => Array
                                (
                                    [$numberLong] => 1748502587582
                                )

                        )

                )

        )

    [user_id] => 6833436be5c16779b409aa42
)

2025-05-29 19:41:53 - UserId extracted: 6833436be5c16779b409aa42, isLoggedIn: true
2025-05-29 19:41:53 - Filter: {"$or":[{"createdBy":"6833436be5c16779b409aa42"},{"createdBy.$oid":"6833436be5c16779b409aa42"},{"members":{"$elemMatch":{"userId":"6833436be5c16779b409aa42"}}},{"members":{"$elemMatch":{"userId.$oid":"6833436be5c16779b409aa42"}}},{"supervisor.userId.$oid":"6833436be5c16779b409aa42"},{"supervisor.userId":"6833436be5c16779b409aa42"}]}
2025-05-29 19:41:53 - Found 1 projects
2025-05-29 19:47:49 - SESSION: Array
(
    [logged_in] => 1
    [user_type] => faculty
    [user_data] => Array
        (
            [_id] => Array
                (
                    [$oid] => 6833436be5c16779b409aa42
                )

            [basic_info] => Array
                (
                    [name] => Samin yeaser khan
                    [profile_image_url] => uploads/profile_images/profile_6833436be5c16779b409aa42_1748502587.jpg
                )

            [contact_info] => Array
                (
                    [primary_email] => www.mayen017@gmail.com
                )

            [academic_info] => Array
                (
                    [student_id_components] => Array
                        (
                            [program_name] => B.Sc. in Computer Science and Engineering
                            [program_code] => 
                            [admission_year] => 
                            [admission_trimester] => 
                            [serial_number] => 
                        )

                    [student_id] => 011222150
                    [department] => Computer Science and Engineering
                    [faculty] => School of Science & Engineering
                    [current_status] => Active
                    [enrollment_date] => Array
                        (
                            [$date] => Array
                                (
                                    [$numberLong] => 1654812000000
                                )

                        )

                    [expected_graduation_date] => Array
                        (
                            [$date] => Array
                                (
                                    [$numberLong] => 1790632800000
                                )

                        )

                    [current_year_trimester] => 3rd Year, Summer Trimester
                    [cgpa] => 3.65
                    [current_degree_info] => Array
                        (
                            [degree_level] => Bachelor's
                            [degree_name] => B.Sc. in Computer Science and Engineering
                            [institution_name] => United International University
                            [major_field_of_study] => Data Science
                            [start_date] => Array
                                (
                                    [$date] => Array
                                        (
                                            [$numberLong] => 1654812000000
                                        )

                                )

                        )

                    [thesis_info] => 
                )

            [university_research_profile] => Array
                (
                    [research_interests] => Array
                        (
                            [0] => AI
                            [1] => Machine Learning
                            [2] => Data Science
                        )

                    [skills_expertise] => Array
                        (
                            [0] => JavaScript
                            [1] => Python
                            [2] => HTML
                            [3] => CSS
                        )

                    [university_publications] => Array
                        (
                        )

                    [university_projects] => Array
                        (
                        )

                )

            [platform_settings] => Array
                (
                    [user_role] => student
                    [account_creation_date] => Array
                        (
                            [$date] => Array
                                (
                                    [$numberLong] => 1748502587582
                                )

                        )

                    [last_updated_date] => Array
                        (
                            [$date] => Array
                                (
                                    [$numberLong] => 1748502587582
                                )

                        )

                )

        )

    [user_id] => 6833436be5c16779b409aa42
)

2025-05-29 19:47:49 - UserId extracted: 6833436be5c16779b409aa42, isLoggedIn: true
2025-05-29 19:47:49 - Filter: {"$or":[{"createdBy":"6833436be5c16779b409aa42"},{"createdBy.$oid":"6833436be5c16779b409aa42"},{"members":{"$elemMatch":{"userId":"6833436be5c16779b409aa42"}}},{"members":{"$elemMatch":{"userId.$oid":"6833436be5c16779b409aa42"}}},{"supervisor.userId.$oid":"6833436be5c16779b409aa42"},{"supervisor.userId":"6833436be5c16779b409aa42"}]}
2025-05-29 19:47:50 - Found 1 projects
2025-05-29 19:51:04 - SESSION: Array
(
    [logged_in] => 1
    [user_type] => faculty
    [user_data] => Array
        (
            [_id] => Array
                (
                    [$oid] => 6833436be5c16779b409aa42
                )

            [basic_info] => Array
                (
                    [name] => Samin yeaser khan
                    [profile_image_url] => uploads/profile_images/profile_6833436be5c16779b409aa42_1748502587.jpg
                )

            [contact_info] => Array
                (
                    [primary_email] => www.mayen017@gmail.com
                )

            [academic_info] => Array
                (
                    [student_id_components] => Array
                        (
                            [program_name] => B.Sc. in Computer Science and Engineering
                            [program_code] => 
                            [admission_year] => 
                            [admission_trimester] => 
                            [serial_number] => 
                        )

                    [student_id] => 011222150
                    [department] => Computer Science and Engineering
                    [faculty] => School of Science & Engineering
                    [current_status] => Active
                    [enrollment_date] => Array
                        (
                            [$date] => Array
                                (
                                    [$numberLong] => 1654812000000
                                )

                        )

                    [expected_graduation_date] => Array
                        (
                            [$date] => Array
                                (
                                    [$numberLong] => 1790632800000
                                )

                        )

                    [current_year_trimester] => 3rd Year, Summer Trimester
                    [cgpa] => 3.65
                    [current_degree_info] => Array
                        (
                            [degree_level] => Bachelor's
                            [degree_name] => B.Sc. in Computer Science and Engineering
                            [institution_name] => United International University
                            [major_field_of_study] => Data Science
                            [start_date] => Array
                                (
                                    [$date] => Array
                                        (
                                            [$numberLong] => 1654812000000
                                        )

                                )

                        )

                    [thesis_info] => 
                )

            [university_research_profile] => Array
                (
                    [research_interests] => Array
                        (
                            [0] => AI
                            [1] => Machine Learning
                            [2] => Data Science
                        )

                    [skills_expertise] => Array
                        (
                            [0] => JavaScript
                            [1] => Python
                            [2] => HTML
                            [3] => CSS
                        )

                    [university_publications] => Array
                        (
                        )

                    [university_projects] => Array
                        (
                        )

                )

            [platform_settings] => Array
                (
                    [user_role] => student
                    [account_creation_date] => Array
                        (
                            [$date] => Array
                                (
                                    [$numberLong] => 1748502587582
                                )

                        )

                    [last_updated_date] => Array
                        (
                            [$date] => Array
                                (
                                    [$numberLong] => 1748502587582
                                )

                        )

                )

        )

    [user_id] => 6833436be5c16779b409aa42
)

2025-05-29 19:51:04 - UserId extracted: 6833436be5c16779b409aa42, isLoggedIn: true
2025-05-29 19:51:04 - Filter: {"$or":[{"createdBy":"6833436be5c16779b409aa42"},{"createdBy.$oid":"6833436be5c16779b409aa42"},{"members":{"$elemMatch":{"userId":"6833436be5c16779b409aa42"}}},{"members":{"$elemMatch":{"userId.$oid":"6833436be5c16779b409aa42"}}},{"supervisor.userId.$oid":"6833436be5c16779b409aa42"},{"supervisor.userId":"6833436be5c16779b409aa42"}]}
2025-05-29 19:51:04 - Found 1 projects
2025-05-29 19:52:34 - SESSION: Array
(
    [logged_in] => 1
    [user_type] => faculty
    [user_data] => Array
        (
            [_id] => Array
                (
                    [$oid] => 6833436be5c16779b409aa42
                )

            [basic_info] => Array
                (
                    [name] => Samin yeaser khan
                    [profile_image_url] => uploads/profile_images/profile_6833436be5c16779b409aa42_1748502587.jpg
                )

            [contact_info] => Array
                (
                    [primary_email] => www.mayen017@gmail.com
                )

            [academic_info] => Array
                (
                    [student_id_components] => Array
                        (
                            [program_name] => B.Sc. in Computer Science and Engineering
                            [program_code] => 
                            [admission_year] => 
                            [admission_trimester] => 
                            [serial_number] => 
                        )

                    [student_id] => 011222150
                    [department] => Computer Science and Engineering
                    [faculty] => School of Science & Engineering
                    [current_status] => Active
                    [enrollment_date] => Array
                        (
                            [$date] => Array
                                (
                                    [$numberLong] => 1654812000000
                                )

                        )

                    [expected_graduation_date] => Array
                        (
                            [$date] => Array
                                (
                                    [$numberLong] => 1790632800000
                                )

                        )

                    [current_year_trimester] => 3rd Year, Summer Trimester
                    [cgpa] => 3.65
                    [current_degree_info] => Array
                        (
                            [degree_level] => Bachelor's
                            [degree_name] => B.Sc. in Computer Science and Engineering
                            [institution_name] => United International University
                            [major_field_of_study] => Data Science
                            [start_date] => Array
                                (
                                    [$date] => Array
                                        (
                                            [$numberLong] => 1654812000000
                                        )

                                )

                        )

                    [thesis_info] => 
                )

            [university_research_profile] => Array
                (
                    [research_interests] => Array
                        (
                            [0] => AI
                            [1] => Machine Learning
                            [2] => Data Science
                        )

                    [skills_expertise] => Array
                        (
                            [0] => JavaScript
                            [1] => Python
                            [2] => HTML
                            [3] => CSS
                        )

                    [university_publications] => Array
                        (
                        )

                    [university_projects] => Array
                        (
                        )

                )

            [platform_settings] => Array
                (
                    [user_role] => student
                    [account_creation_date] => Array
                        (
                            [$date] => Array
                                (
                                    [$numberLong] => 1748502587582
                                )

                        )

                    [last_updated_date] => Array
                        (
                            [$date] => Array
                                (
                                    [$numberLong] => 1748502587582
                                )

                        )

                )

        )

    [user_id] => 6833436be5c16779b409aa42
)

2025-05-29 19:52:34 - UserId extracted: 6833436be5c16779b409aa42, isLoggedIn: true
2025-05-29 19:52:34 - Filter: {"$or":[{"createdBy":"6833436be5c16779b409aa42"},{"createdBy.$oid":"6833436be5c16779b409aa42"},{"members":{"$elemMatch":{"userId":"6833436be5c16779b409aa42"}}},{"members":{"$elemMatch":{"userId.$oid":"6833436be5c16779b409aa42"}}},{"supervisor.userId.$oid":"6833436be5c16779b409aa42"},{"supervisor.userId":"6833436be5c16779b409aa42"}]}
2025-05-29 19:52:35 - Found 1 projects
2025-05-29 19:53:39 - SESSION: Array
(
    [logged_in] => 1
    [user_type] => faculty
    [user_data] => Array
        (
            [_id] => Array
                (
                    [$oid] => 6833436be5c16779b409aa42
                )

            [basic_info] => Array
                (
                    [name] => Samin yeaser khan
                    [profile_image_url] => uploads/profile_images/profile_6833436be5c16779b409aa42_1748502587.jpg
                )

            [contact_info] => Array
                (
                    [primary_email] => www.mayen017@gmail.com
                )

            [academic_info] => Array
                (
                    [student_id_components] => Array
                        (
                            [program_name] => B.Sc. in Computer Science and Engineering
                            [program_code] => 
                            [admission_year] => 
                            [admission_trimester] => 
                            [serial_number] => 
                        )

                    [student_id] => 011222150
                    [department] => Computer Science and Engineering
                    [faculty] => School of Science & Engineering
                    [current_status] => Active
                    [enrollment_date] => Array
                        (
                            [$date] => Array
                                (
                                    [$numberLong] => 1654812000000
                                )

                        )

                    [expected_graduation_date] => Array
                        (
                            [$date] => Array
                                (
                                    [$numberLong] => 1790632800000
                                )

                        )

                    [current_year_trimester] => 3rd Year, Summer Trimester
                    [cgpa] => 3.65
                    [current_degree_info] => Array
                        (
                            [degree_level] => Bachelor's
                            [degree_name] => B.Sc. in Computer Science and Engineering
                            [institution_name] => United International University
                            [major_field_of_study] => Data Science
                            [start_date] => Array
                                (
                                    [$date] => Array
                                        (
                                            [$numberLong] => 1654812000000
                                        )

                                )

                        )

                    [thesis_info] => 
                )

            [university_research_profile] => Array
                (
                    [research_interests] => Array
                        (
                            [0] => AI
                            [1] => Machine Learning
                            [2] => Data Science
                        )

                    [skills_expertise] => Array
                        (
                            [0] => JavaScript
                            [1] => Python
                            [2] => HTML
                            [3] => CSS
                        )

                    [university_publications] => Array
                        (
                        )

                    [university_projects] => Array
                        (
                        )

                )

            [platform_settings] => Array
                (
                    [user_role] => student
                    [account_creation_date] => Array
                        (
                            [$date] => Array
                                (
                                    [$numberLong] => 1748502587582
                                )

                        )

                    [last_updated_date] => Array
                        (
                            [$date] => Array
                                (
                                    [$numberLong] => 1748502587582
                                )

                        )

                )

        )

    [user_id] => 6833436be5c16779b409aa42
)

2025-05-29 19:53:39 - UserId extracted: 6833436be5c16779b409aa42, isLoggedIn: true
2025-05-29 19:53:39 - Filter: {"$or":[{"createdBy":"6833436be5c16779b409aa42"},{"createdBy.$oid":"6833436be5c16779b409aa42"},{"members":{"$elemMatch":{"userId":"6833436be5c16779b409aa42"}}},{"members":{"$elemMatch":{"userId.$oid":"6833436be5c16779b409aa42"}}},{"supervisor.userId.$oid":"6833436be5c16779b409aa42"},{"supervisor.userId":"6833436be5c16779b409aa42"}]}
2025-05-29 19:53:39 - Found 1 projects
2025-05-29 19:54:02 - SESSION: Array
(
    [logged_in] => 1
    [user_type] => faculty
    [user_data] => Array
        (
            [_id] => Array
                (
                    [$oid] => 6833436be5c16779b409aa42
                )

            [basic_info] => Array
                (
                    [name] => Samin yeaser khan
                    [profile_image_url] => uploads/profile_images/profile_6833436be5c16779b409aa42_1748502587.jpg
                )

            [contact_info] => Array
                (
                    [primary_email] => www.mayen017@gmail.com
                )

            [academic_info] => Array
                (
                    [student_id_components] => Array
                        (
                            [program_name] => B.Sc. in Computer Science and Engineering
                            [program_code] => 
                            [admission_year] => 
                            [admission_trimester] => 
                            [serial_number] => 
                        )

                    [student_id] => 011222150
                    [department] => Computer Science and Engineering
                    [faculty] => School of Science & Engineering
                    [current_status] => Active
                    [enrollment_date] => Array
                        (
                            [$date] => Array
                                (
                                    [$numberLong] => 1654812000000
                                )

                        )

                    [expected_graduation_date] => Array
                        (
                            [$date] => Array
                                (
                                    [$numberLong] => 1790632800000
                                )

                        )

                    [current_year_trimester] => 3rd Year, Summer Trimester
                    [cgpa] => 3.65
                    [current_degree_info] => Array
                        (
                            [degree_level] => Bachelor's
                            [degree_name] => B.Sc. in Computer Science and Engineering
                            [institution_name] => United International University
                            [major_field_of_study] => Data Science
                            [start_date] => Array
                                (
                                    [$date] => Array
                                        (
                                            [$numberLong] => 1654812000000
                                        )

                                )

                        )

                    [thesis_info] => 
                )

            [university_research_profile] => Array
                (
                    [research_interests] => Array
                        (
                            [0] => AI
                            [1] => Machine Learning
                            [2] => Data Science
                        )

                    [skills_expertise] => Array
                        (
                            [0] => JavaScript
                            [1] => Python
                            [2] => HTML
                            [3] => CSS
                        )

                    [university_publications] => Array
                        (
                        )

                    [university_projects] => Array
                        (
                        )

                )

            [platform_settings] => Array
                (
                    [user_role] => student
                    [account_creation_date] => Array
                        (
                            [$date] => Array
                                (
                                    [$numberLong] => 1748502587582
                                )

                        )

                    [last_updated_date] => Array
                        (
                            [$date] => Array
                                (
                                    [$numberLong] => 1748502587582
                                )

                        )

                )

        )

    [user_id] => 6833436be5c16779b409aa42
)

2025-05-29 19:54:02 - UserId extracted: 6833436be5c16779b409aa42, isLoggedIn: true
2025-05-29 19:54:02 - Filter: {"$or":[{"createdBy":"6833436be5c16779b409aa42"},{"createdBy.$oid":"6833436be5c16779b409aa42"},{"members":{"$elemMatch":{"userId":"6833436be5c16779b409aa42"}}},{"members":{"$elemMatch":{"userId.$oid":"6833436be5c16779b409aa42"}}},{"supervisor.userId.$oid":"6833436be5c16779b409aa42"},{"supervisor.userId":"6833436be5c16779b409aa42"}]}
2025-05-29 19:54:02 - Found 1 projects
2025-05-29 19:55:53 - SESSION: Array
(
    [logged_in] => 1
    [user_type] => faculty
    [user_data] => Array
        (
            [_id] => Array
                (
                    [$oid] => 6833436be5c16779b409aa42
                )

            [basic_info] => Array
                (
                    [name] => Samin yeaser khan
                    [profile_image_url] => uploads/profile_images/profile_6833436be5c16779b409aa42_1748502587.jpg
                )

            [contact_info] => Array
                (
                    [primary_email] => www.mayen017@gmail.com
                )

            [academic_info] => Array
                (
                    [student_id_components] => Array
                        (
                            [program_name] => B.Sc. in Computer Science and Engineering
                            [program_code] => 
                            [admission_year] => 
                            [admission_trimester] => 
                            [serial_number] => 
                        )

                    [student_id] => 011222150
                    [department] => Computer Science and Engineering
                    [faculty] => School of Science & Engineering
                    [current_status] => Active
                    [enrollment_date] => Array
                        (
                            [$date] => Array
                                (
                                    [$numberLong] => 1654812000000
                                )

                        )

                    [expected_graduation_date] => Array
                        (
                            [$date] => Array
                                (
                                    [$numberLong] => 1790632800000
                                )

                        )

                    [current_year_trimester] => 3rd Year, Summer Trimester
                    [cgpa] => 3.65
                    [current_degree_info] => Array
                        (
                            [degree_level] => Bachelor's
                            [degree_name] => B.Sc. in Computer Science and Engineering
                            [institution_name] => United International University
                            [major_field_of_study] => Data Science
                            [start_date] => Array
                                (
                                    [$date] => Array
                                        (
                                            [$numberLong] => 1654812000000
                                        )

                                )

                        )

                    [thesis_info] => 
                )

            [university_research_profile] => Array
                (
                    [research_interests] => Array
                        (
                            [0] => AI
                            [1] => Machine Learning
                            [2] => Data Science
                        )

                    [skills_expertise] => Array
                        (
                            [0] => JavaScript
                            [1] => Python
                            [2] => HTML
                            [3] => CSS
                        )

                    [university_publications] => Array
                        (
                        )

                    [university_projects] => Array
                        (
                        )

                )

            [platform_settings] => Array
                (
                    [user_role] => student
                    [account_creation_date] => Array
                        (
                            [$date] => Array
                                (
                                    [$numberLong] => 1748502587582
                                )

                        )

                    [last_updated_date] => Array
                        (
                            [$date] => Array
                                (
                                    [$numberLong] => 1748502587582
                                )

                        )

                )

        )

    [user_id] => 6833436be5c16779b409aa42
)

2025-05-29 19:55:53 - UserId extracted: 6833436be5c16779b409aa42, isLoggedIn: true
2025-05-29 19:55:53 - Filter: {"$or":[{"createdBy":"6833436be5c16779b409aa42"},{"createdBy.$oid":"6833436be5c16779b409aa42"},{"members":{"$elemMatch":{"userId":"6833436be5c16779b409aa42"}}},{"members":{"$elemMatch":{"userId.$oid":"6833436be5c16779b409aa42"}}},{"supervisor.userId.$oid":"6833436be5c16779b409aa42"},{"supervisor.userId":"6833436be5c16779b409aa42"}]}
2025-05-29 19:55:53 - Found 1 projects
2025-05-29 20:00:58 - SESSION: Array
(
    [logged_in] => 1
    [user_type] => faculty
    [user_data] => Array
        (
            [_id] => Array
                (
                    [$oid] => 6833436be5c16779b409aa42
                )

            [basic_info] => Array
                (
                    [name] => Samin yeaser khan
                    [profile_image_url] => uploads/profile_images/profile_6833436be5c16779b409aa42_1748502587.jpg
                )

            [contact_info] => Array
                (
                    [primary_email] => www.mayen017@gmail.com
                )

            [academic_info] => Array
                (
                    [student_id_components] => Array
                        (
                            [program_name] => B.Sc. in Computer Science and Engineering
                            [program_code] => 
                            [admission_year] => 
                            [admission_trimester] => 
                            [serial_number] => 
                        )

                    [student_id] => 011222150
                    [department] => Computer Science and Engineering
                    [faculty] => School of Science & Engineering
                    [current_status] => Active
                    [enrollment_date] => Array
                        (
                            [$date] => Array
                                (
                                    [$numberLong] => 1654812000000
                                )

                        )

                    [expected_graduation_date] => Array
                        (
                            [$date] => Array
                                (
                                    [$numberLong] => 1790632800000
                                )

                        )

                    [current_year_trimester] => 3rd Year, Summer Trimester
                    [cgpa] => 3.65
                    [current_degree_info] => Array
                        (
                            [degree_level] => Bachelor's
                            [degree_name] => B.Sc. in Computer Science and Engineering
                            [institution_name] => United International University
                            [major_field_of_study] => Data Science
                            [start_date] => Array
                                (
                                    [$date] => Array
                                        (
                                            [$numberLong] => 1654812000000
                                        )

                                )

                        )

                    [thesis_info] => 
                )

            [university_research_profile] => Array
                (
                    [research_interests] => Array
                        (
                            [0] => AI
                            [1] => Machine Learning
                            [2] => Data Science
                        )

                    [skills_expertise] => Array
                        (
                            [0] => JavaScript
                            [1] => Python
                            [2] => HTML
                            [3] => CSS
                        )

                    [university_publications] => Array
                        (
                        )

                    [university_projects] => Array
                        (
                        )

                )

            [platform_settings] => Array
                (
                    [user_role] => student
                    [account_creation_date] => Array
                        (
                            [$date] => Array
                                (
                                    [$numberLong] => 1748502587582
                                )

                        )

                    [last_updated_date] => Array
                        (
                            [$date] => Array
                                (
                                    [$numberLong] => 1748502587582
                                )

                        )

                )

        )

    [user_id] => 6833436be5c16779b409aa42
)

2025-05-29 20:00:58 - UserId extracted: 6833436be5c16779b409aa42, isLoggedIn: true
2025-05-29 20:00:58 - Filter: {"$or":[{"createdBy":"6833436be5c16779b409aa42"},{"createdBy.$oid":"6833436be5c16779b409aa42"},{"members":{"$elemMatch":{"userId":"6833436be5c16779b409aa42"}}},{"members":{"$elemMatch":{"userId.$oid":"6833436be5c16779b409aa42"}}},{"supervisor.userId.$oid":"6833436be5c16779b409aa42"},{"supervisor.userId":"6833436be5c16779b409aa42"}]}
2025-05-29 20:00:58 - Found 1 projects
2025-05-29 20:07:32 - SESSION: Array
(
    [logged_in] => 1
    [user_type] => faculty
    [user_data] => Array
        (
            [_id] => Array
                (
                    [$oid] => 6833436be5c16779b409aa42
                )

            [basic_info] => Array
                (
                    [name] => Samin yeaser khan
                    [profile_image_url] => uploads/profile_images/profile_6833436be5c16779b409aa42_1748502587.jpg
                )

            [contact_info] => Array
                (
                    [primary_email] => www.mayen017@gmail.com
                )

            [academic_info] => Array
                (
                    [student_id_components] => Array
                        (
                            [program_name] => B.Sc. in Computer Science and Engineering
                            [program_code] => 
                            [admission_year] => 
                            [admission_trimester] => 
                            [serial_number] => 
                        )

                    [student_id] => 011222150
                    [department] => Computer Science and Engineering
                    [faculty] => School of Science & Engineering
                    [current_status] => Active
                    [enrollment_date] => Array
                        (
                            [$date] => Array
                                (
                                    [$numberLong] => 1654812000000
                                )

                        )

                    [expected_graduation_date] => Array
                        (
                            [$date] => Array
                                (
                                    [$numberLong] => 1790632800000
                                )

                        )

                    [current_year_trimester] => 3rd Year, Summer Trimester
                    [cgpa] => 3.65
                    [current_degree_info] => Array
                        (
                            [degree_level] => Bachelor's
                            [degree_name] => B.Sc. in Computer Science and Engineering
                            [institution_name] => United International University
                            [major_field_of_study] => Data Science
                            [start_date] => Array
                                (
                                    [$date] => Array
                                        (
                                            [$numberLong] => 1654812000000
                                        )

                                )

                        )

                    [thesis_info] => 
                )

            [university_research_profile] => Array
                (
                    [research_interests] => Array
                        (
                            [0] => AI
                            [1] => Machine Learning
                            [2] => Data Science
                        )

                    [skills_expertise] => Array
                        (
                            [0] => JavaScript
                            [1] => Python
                            [2] => HTML
                            [3] => CSS
                        )

                    [university_publications] => Array
                        (
                        )

                    [university_projects] => Array
                        (
                        )

                )

            [platform_settings] => Array
                (
                    [user_role] => student
                    [account_creation_date] => Array
                        (
                            [$date] => Array
                                (
                                    [$numberLong] => 1748502587582
                                )

                        )

                    [last_updated_date] => Array
                        (
                            [$date] => Array
                                (
                                    [$numberLong] => 1748502587582
                                )

                        )

                )

        )

    [user_id] => 6833436be5c16779b409aa42
)

2025-05-29 20:07:32 - UserId extracted: 6833436be5c16779b409aa42, isLoggedIn: true
2025-05-29 20:07:32 - Filter: {"$or":[{"createdBy":"6833436be5c16779b409aa42"},{"createdBy.$oid":"6833436be5c16779b409aa42"},{"members":{"$elemMatch":{"userId":"6833436be5c16779b409aa42"}}},{"members":{"$elemMatch":{"userId.$oid":"6833436be5c16779b409aa42"}}},{"supervisor.userId.$oid":"6833436be5c16779b409aa42"},{"supervisor.userId":"6833436be5c16779b409aa42"}]}
2025-05-29 20:07:32 - Found 1 projects
2025-05-30 07:14:43 - SESSION: Array
(
    [logged_in] => 1
    [user_type] => faculty
    [user_data] => Array
        (
            [_id] => Array
                (
                    [$oid] => 6833436be5c16779b409aa42
                )

            [basic_info] => Array
                (
                    [name] => Samin yeaser khan
                    [profile_image_url] => uploads/profile_images/profile_6833436be5c16779b409aa42_1748502587.jpg
                )

            [contact_info] => Array
                (
                    [primary_email] => www.mayen017@gmail.com
                )

            [academic_info] => Array
                (
                    [student_id_components] => Array
                        (
                            [program_name] => B.Sc. in Computer Science and Engineering
                            [program_code] => 
                            [admission_year] => 
                            [admission_trimester] => 
                            [serial_number] => 
                        )

                    [student_id] => 011222150
                    [department] => Computer Science and Engineering
                    [faculty] => School of Science & Engineering
                    [current_status] => Active
                    [enrollment_date] => Array
                        (
                            [$date] => Array
                                (
                                    [$numberLong] => 1654812000000
                                )

                        )

                    [expected_graduation_date] => Array
                        (
                            [$date] => Array
                                (
                                    [$numberLong] => 1790632800000
                                )

                        )

                    [current_year_trimester] => 3rd Year, Summer Trimester
                    [cgpa] => 3.65
                    [current_degree_info] => Array
                        (
                            [degree_level] => Bachelor's
                            [degree_name] => B.Sc. in Computer Science and Engineering
                            [institution_name] => United International University
                            [major_field_of_study] => Data Science
                            [start_date] => Array
                                (
                                    [$date] => Array
                                        (
                                            [$numberLong] => 1654812000000
                                        )

                                )

                        )

                    [thesis_info] => 
                )

            [university_research_profile] => Array
                (
                    [research_interests] => Array
                        (
                            [0] => AI
                            [1] => Machine Learning
                            [2] => Data Science
                        )

                    [skills_expertise] => Array
                        (
                            [0] => JavaScript
                            [1] => Python
                            [2] => HTML
                            [3] => CSS
                        )

                    [university_publications] => Array
                        (
                        )

                    [university_projects] => Array
                        (
                        )

                )

            [platform_settings] => Array
                (
                    [user_role] => student
                    [account_creation_date] => Array
                        (
                            [$date] => Array
                                (
                                    [$numberLong] => 1748502587582
                                )

                        )

                    [last_updated_date] => Array
                        (
                            [$date] => Array
                                (
                                    [$numberLong] => 1748502587582
                                )

                        )

                )

        )

    [user_id] => 6833436be5c16779b409aa42
)

2025-05-30 07:14:43 - UserId extracted: 6833436be5c16779b409aa42, isLoggedIn: true
2025-05-30 07:14:43 - Filter: {"$or":[{"createdBy":"6833436be5c16779b409aa42"},{"createdBy.$oid":"6833436be5c16779b409aa42"},{"members":{"$elemMatch":{"userId":"6833436be5c16779b409aa42"}}},{"members":{"$elemMatch":{"userId.$oid":"6833436be5c16779b409aa42"}}},{"supervisor.userId.$oid":"6833436be5c16779b409aa42"},{"supervisor.userId":"6833436be5c16779b409aa42"}]}
2025-05-30 07:14:43 - Found 1 projects
2025-05-30 07:27:37 - SESSION: Array
(
    [logged_in] => 1
    [user_type] => faculty
    [user_data] => Array
        (
            [_id] => Array
                (
                    [$oid] => 6833436be5c16779b409aa42
                )

            [basic_info] => Array
                (
                    [name] => Samin yeaser khan
                    [profile_image_url] => uploads/profile_images/profile_6833436be5c16779b409aa42_1748502587.jpg
                )

            [contact_info] => Array
                (
                    [primary_email] => www.mayen017@gmail.com
                )

            [academic_info] => Array
                (
                    [student_id_components] => Array
                        (
                            [program_name] => B.Sc. in Computer Science and Engineering
                            [program_code] => 
                            [admission_year] => 
                            [admission_trimester] => 
                            [serial_number] => 
                        )

                    [student_id] => 011222150
                    [department] => Computer Science and Engineering
                    [faculty] => School of Science & Engineering
                    [current_status] => Active
                    [enrollment_date] => Array
                        (
                            [$date] => Array
                                (
                                    [$numberLong] => 1654812000000
                                )

                        )

                    [expected_graduation_date] => Array
                        (
                            [$date] => Array
                                (
                                    [$numberLong] => 1790632800000
                                )

                        )

                    [current_year_trimester] => 3rd Year, Summer Trimester
                    [cgpa] => 3.65
                    [current_degree_info] => Array
                        (
                            [degree_level] => Bachelor's
                            [degree_name] => B.Sc. in Computer Science and Engineering
                            [institution_name] => United International University
                            [major_field_of_study] => Data Science
                            [start_date] => Array
                                (
                                    [$date] => Array
                                        (
                                            [$numberLong] => 1654812000000
                                        )

                                )

                        )

                    [thesis_info] => 
                )

            [university_research_profile] => Array
                (
                    [research_interests] => Array
                        (
                            [0] => AI
                            [1] => Machine Learning
                            [2] => Data Science
                        )

                    [skills_expertise] => Array
                        (
                            [0] => JavaScript
                            [1] => Python
                            [2] => HTML
                            [3] => CSS
                        )

                    [university_publications] => Array
                        (
                        )

                    [university_projects] => Array
                        (
                        )

                )

            [platform_settings] => Array
                (
                    [user_role] => student
                    [account_creation_date] => Array
                        (
                            [$date] => Array
                                (
                                    [$numberLong] => 1748502587582
                                )

                        )

                    [last_updated_date] => Array
                        (
                            [$date] => Array
                                (
                                    [$numberLong] => 1748502587582
                                )

                        )

                )

        )

    [user_id] => 6833436be5c16779b409aa42
)

2025-05-30 07:27:37 - UserId extracted: 6833436be5c16779b409aa42, isLoggedIn: true
2025-05-30 07:27:37 - Filter: {"$or":[{"createdBy":"6833436be5c16779b409aa42"},{"createdBy.$oid":"6833436be5c16779b409aa42"},{"members":{"$elemMatch":{"userId":"6833436be5c16779b409aa42"}}},{"members":{"$elemMatch":{"userId.$oid":"6833436be5c16779b409aa42"}}},{"supervisor.userId.$oid":"6833436be5c16779b409aa42"},{"supervisor.userId":"6833436be5c16779b409aa42"}]}
2025-05-30 07:27:37 - Found 1 projects
2025-05-30 07:48:47 - SESSION: Array
(
    [logged_in] => 1
    [user_type] => faculty
    [user_data] => Array
        (
            [_id] => Array
                (
                    [$oid] => 6833436be5c16779b409aa42
                )

            [basic_info] => Array
                (
                    [name] => Samin yeaser khan
                    [profile_image_url] => uploads/profile_images/profile_6833436be5c16779b409aa42_1748502587.jpg
                )

            [contact_info] => Array
                (
                    [primary_email] => www.mayen017@gmail.com
                )

            [academic_info] => Array
                (
                    [student_id_components] => Array
                        (
                            [program_name] => B.Sc. in Computer Science and Engineering
                            [program_code] => 
                            [admission_year] => 
                            [admission_trimester] => 
                            [serial_number] => 
                        )

                    [student_id] => 011222150
                    [department] => Computer Science and Engineering
                    [faculty] => School of Science & Engineering
                    [current_status] => Active
                    [enrollment_date] => Array
                        (
                            [$date] => Array
                                (
                                    [$numberLong] => 1654812000000
                                )

                        )

                    [expected_graduation_date] => Array
                        (
                            [$date] => Array
                                (
                                    [$numberLong] => 1790632800000
                                )

                        )

                    [current_year_trimester] => 3rd Year, Summer Trimester
                    [cgpa] => 3.65
                    [current_degree_info] => Array
                        (
                            [degree_level] => Bachelor's
                            [degree_name] => B.Sc. in Computer Science and Engineering
                            [institution_name] => United International University
                            [major_field_of_study] => Data Science
                            [start_date] => Array
                                (
                                    [$date] => Array
                                        (
                                            [$numberLong] => 1654812000000
                                        )

                                )

                        )

                    [thesis_info] => 
                )

            [university_research_profile] => Array
                (
                    [research_interests] => Array
                        (
                            [0] => AI
                            [1] => Machine Learning
                            [2] => Data Science
                        )

                    [skills_expertise] => Array
                        (
                            [0] => JavaScript
                            [1] => Python
                            [2] => HTML
                            [3] => CSS
                        )

                    [university_publications] => Array
                        (
                        )

                    [university_projects] => Array
                        (
                        )

                )

            [platform_settings] => Array
                (
                    [user_role] => student
                    [account_creation_date] => Array
                        (
                            [$date] => Array
                                (
                                    [$numberLong] => 1748502587582
                                )

                        )

                    [last_updated_date] => Array
                        (
                            [$date] => Array
                                (
                                    [$numberLong] => 1748502587582
                                )

                        )

                )

        )

    [user_id] => 6833436be5c16779b409aa42
)

2025-05-30 07:48:47 - UserId extracted: 6833436be5c16779b409aa42, isLoggedIn: true
2025-05-30 07:48:47 - Filter: {"$or":[{"createdBy":"6833436be5c16779b409aa42"},{"createdBy.$oid":"6833436be5c16779b409aa42"},{"members":{"$elemMatch":{"userId":"6833436be5c16779b409aa42"}}},{"members":{"$elemMatch":{"userId.$oid":"6833436be5c16779b409aa42"}}},{"supervisor.userId.$oid":"6833436be5c16779b409aa42"},{"supervisor.userId":"6833436be5c16779b409aa42"}]}
2025-05-30 07:48:47 - Found 1 projects
2025-05-30 07:55:59 - SESSION: Array
(
    [logged_in] => 1
    [user_type] => faculty
    [user_data] => Array
        (
            [_id] => Array
                (
                    [$oid] => 6833436be5c16779b409aa42
                )

            [basic_info] => Array
                (
                    [name] => Samin yeaser khan
                    [profile_image_url] => uploads/profile_images/profile_6833436be5c16779b409aa42_1748502587.jpg
                )

            [contact_info] => Array
                (
                    [primary_email] => www.mayen017@gmail.com
                )

            [academic_info] => Array
                (
                    [student_id_components] => Array
                        (
                            [program_name] => B.Sc. in Computer Science and Engineering
                            [program_code] => 
                            [admission_year] => 
                            [admission_trimester] => 
                            [serial_number] => 
                        )

                    [student_id] => 011222150
                    [department] => Computer Science and Engineering
                    [faculty] => School of Science & Engineering
                    [current_status] => Active
                    [enrollment_date] => Array
                        (
                            [$date] => Array
                                (
                                    [$numberLong] => 1654812000000
                                )

                        )

                    [expected_graduation_date] => Array
                        (
                            [$date] => Array
                                (
                                    [$numberLong] => 1790632800000
                                )

                        )

                    [current_year_trimester] => 3rd Year, Summer Trimester
                    [cgpa] => 3.65
                    [current_degree_info] => Array
                        (
                            [degree_level] => Bachelor's
                            [degree_name] => B.Sc. in Computer Science and Engineering
                            [institution_name] => United International University
                            [major_field_of_study] => Data Science
                            [start_date] => Array
                                (
                                    [$date] => Array
                                        (
                                            [$numberLong] => 1654812000000
                                        )

                                )

                        )

                    [thesis_info] => 
                )

            [university_research_profile] => Array
                (
                    [research_interests] => Array
                        (
                            [0] => AI
                            [1] => Machine Learning
                            [2] => Data Science
                        )

                    [skills_expertise] => Array
                        (
                            [0] => JavaScript
                            [1] => Python
                            [2] => HTML
                            [3] => CSS
                        )

                    [university_publications] => Array
                        (
                        )

                    [university_projects] => Array
                        (
                        )

                )

            [platform_settings] => Array
                (
                    [user_role] => student
                    [account_creation_date] => Array
                        (
                            [$date] => Array
                                (
                                    [$numberLong] => 1748502587582
                                )

                        )

                    [last_updated_date] => Array
                        (
                            [$date] => Array
                                (
                                    [$numberLong] => 1748502587582
                                )

                        )

                )

        )

    [user_id] => 6833436be5c16779b409aa42
)

2025-05-30 07:55:59 - UserId extracted: 6833436be5c16779b409aa42, isLoggedIn: true
2025-05-30 07:55:59 - Filter: {"$or":[{"createdBy":"6833436be5c16779b409aa42"},{"createdBy.$oid":"6833436be5c16779b409aa42"},{"members":{"$elemMatch":{"userId":"6833436be5c16779b409aa42"}}},{"members":{"$elemMatch":{"userId.$oid":"6833436be5c16779b409aa42"}}},{"supervisor.userId.$oid":"6833436be5c16779b409aa42"},{"supervisor.userId":"6833436be5c16779b409aa42"}]}
2025-05-30 07:56:00 - Found 1 projects
2025-05-30 08:00:01 - SESSION: Array
(
    [logged_in] => 1
    [user_type] => faculty
    [user_data] => Array
        (
            [_id] => Array
                (
                    [$oid] => 6833436be5c16779b409aa42
                )

            [basic_info] => Array
                (
                    [name] => Samin yeaser khan
                    [profile_image_url] => uploads/profile_images/profile_6833436be5c16779b409aa42_1748502587.jpg
                )

            [contact_info] => Array
                (
                    [primary_email] => www.mayen017@gmail.com
                )

            [academic_info] => Array
                (
                    [student_id_components] => Array
                        (
                            [program_name] => B.Sc. in Computer Science and Engineering
                            [program_code] => 
                            [admission_year] => 
                            [admission_trimester] => 
                            [serial_number] => 
                        )

                    [student_id] => 011222150
                    [department] => Computer Science and Engineering
                    [faculty] => School of Science & Engineering
                    [current_status] => Active
                    [enrollment_date] => Array
                        (
                            [$date] => Array
                                (
                                    [$numberLong] => 1654812000000
                                )

                        )

                    [expected_graduation_date] => Array
                        (
                            [$date] => Array
                                (
                                    [$numberLong] => 1790632800000
                                )

                        )

                    [current_year_trimester] => 3rd Year, Summer Trimester
                    [cgpa] => 3.65
                    [current_degree_info] => Array
                        (
                            [degree_level] => Bachelor's
                            [degree_name] => B.Sc. in Computer Science and Engineering
                            [institution_name] => United International University
                            [major_field_of_study] => Data Science
                            [start_date] => Array
                                (
                                    [$date] => Array
                                        (
                                            [$numberLong] => 1654812000000
                                        )

                                )

                        )

                    [thesis_info] => 
                )

            [university_research_profile] => Array
                (
                    [research_interests] => Array
                        (
                            [0] => AI
                            [1] => Machine Learning
                            [2] => Data Science
                        )

                    [skills_expertise] => Array
                        (
                            [0] => JavaScript
                            [1] => Python
                            [2] => HTML
                            [3] => CSS
                        )

                    [university_publications] => Array
                        (
                        )

                    [university_projects] => Array
                        (
                        )

                )

            [platform_settings] => Array
                (
                    [user_role] => student
                    [account_creation_date] => Array
                        (
                            [$date] => Array
                                (
                                    [$numberLong] => 1748502587582
                                )

                        )

                    [last_updated_date] => Array
                        (
                            [$date] => Array
                                (
                                    [$numberLong] => 1748502587582
                                )

                        )

                )

        )

    [user_id] => 6833436be5c16779b409aa42
)

2025-05-30 08:00:01 - UserId extracted: 6833436be5c16779b409aa42, isLoggedIn: true
2025-05-30 08:00:01 - Filter: {"$or":[{"createdBy":"6833436be5c16779b409aa42"},{"createdBy.$oid":"6833436be5c16779b409aa42"},{"members":{"$elemMatch":{"userId":"6833436be5c16779b409aa42"}}},{"members":{"$elemMatch":{"userId.$oid":"6833436be5c16779b409aa42"}}},{"supervisor.userId.$oid":"6833436be5c16779b409aa42"},{"supervisor.userId":"6833436be5c16779b409aa42"}]}
2025-05-30 08:00:02 - Found 1 projects
2025-05-30 08:01:47 - SESSION: Array
(
    [logged_in] => 1
    [user_type] => faculty
    [user_data] => Array
        (
            [_id] => Array
                (
                    [$oid] => 6833436be5c16779b409aa42
                )

            [basic_info] => Array
                (
                    [name] => Samin yeaser khan
                    [profile_image_url] => uploads/profile_images/profile_6833436be5c16779b409aa42_1748502587.jpg
                )

            [contact_info] => Array
                (
                    [primary_email] => www.mayen017@gmail.com
                )

            [academic_info] => Array
                (
                    [student_id_components] => Array
                        (
                            [program_name] => B.Sc. in Computer Science and Engineering
                            [program_code] => 
                            [admission_year] => 
                            [admission_trimester] => 
                            [serial_number] => 
                        )

                    [student_id] => 011222150
                    [department] => Computer Science and Engineering
                    [faculty] => School of Science & Engineering
                    [current_status] => Active
                    [enrollment_date] => Array
                        (
                            [$date] => Array
                                (
                                    [$numberLong] => 1654812000000
                                )

                        )

                    [expected_graduation_date] => Array
                        (
                            [$date] => Array
                                (
                                    [$numberLong] => 1790632800000
                                )

                        )

                    [current_year_trimester] => 3rd Year, Summer Trimester
                    [cgpa] => 3.65
                    [current_degree_info] => Array
                        (
                            [degree_level] => Bachelor's
                            [degree_name] => B.Sc. in Computer Science and Engineering
                            [institution_name] => United International University
                            [major_field_of_study] => Data Science
                            [start_date] => Array
                                (
                                    [$date] => Array
                                        (
                                            [$numberLong] => 1654812000000
                                        )

                                )

                        )

                    [thesis_info] => 
                )

            [university_research_profile] => Array
                (
                    [research_interests] => Array
                        (
                            [0] => AI
                            [1] => Machine Learning
                            [2] => Data Science
                        )

                    [skills_expertise] => Array
                        (
                            [0] => JavaScript
                            [1] => Python
                            [2] => HTML
                            [3] => CSS
                        )

                    [university_publications] => Array
                        (
                        )

                    [university_projects] => Array
                        (
                        )

                )

            [platform_settings] => Array
                (
                    [user_role] => student
                    [account_creation_date] => Array
                        (
                            [$date] => Array
                                (
                                    [$numberLong] => 1748502587582
                                )

                        )

                    [last_updated_date] => Array
                        (
                            [$date] => Array
                                (
                                    [$numberLong] => 1748502587582
                                )

                        )

                )

        )

    [user_id] => 6833436be5c16779b409aa42
)

2025-05-30 08:01:47 - UserId extracted: 6833436be5c16779b409aa42, isLoggedIn: true
2025-05-30 08:01:47 - Filter: {"$or":[{"createdBy":"6833436be5c16779b409aa42"},{"createdBy.$oid":"6833436be5c16779b409aa42"},{"members":{"$elemMatch":{"userId":"6833436be5c16779b409aa42"}}},{"members":{"$elemMatch":{"userId.$oid":"6833436be5c16779b409aa42"}}},{"supervisor.userId.$oid":"6833436be5c16779b409aa42"},{"supervisor.userId":"6833436be5c16779b409aa42"}]}
2025-05-30 08:01:48 - Found 1 projects
2025-05-30 08:02:31 - SESSION: Array
(
    [logged_in] => 1
    [user_type] => faculty
    [user_data] => Array
        (
            [_id] => Array
                (
                    [$oid] => 6833436be5c16779b409aa42
                )

            [basic_info] => Array
                (
                    [name] => Samin yeaser khan
                    [profile_image_url] => uploads/profile_images/profile_6833436be5c16779b409aa42_1748502587.jpg
                )

            [contact_info] => Array
                (
                    [primary_email] => www.mayen017@gmail.com
                )

            [academic_info] => Array
                (
                    [student_id_components] => Array
                        (
                            [program_name] => B.Sc. in Computer Science and Engineering
                            [program_code] => 
                            [admission_year] => 
                            [admission_trimester] => 
                            [serial_number] => 
                        )

                    [student_id] => 011222150
                    [department] => Computer Science and Engineering
                    [faculty] => School of Science & Engineering
                    [current_status] => Active
                    [enrollment_date] => Array
                        (
                            [$date] => Array
                                (
                                    [$numberLong] => 1654812000000
                                )

                        )

                    [expected_graduation_date] => Array
                        (
                            [$date] => Array
                                (
                                    [$numberLong] => 1790632800000
                                )

                        )

                    [current_year_trimester] => 3rd Year, Summer Trimester
                    [cgpa] => 3.65
                    [current_degree_info] => Array
                        (
                            [degree_level] => Bachelor's
                            [degree_name] => B.Sc. in Computer Science and Engineering
                            [institution_name] => United International University
                            [major_field_of_study] => Data Science
                            [start_date] => Array
                                (
                                    [$date] => Array
                                        (
                                            [$numberLong] => 1654812000000
                                        )

                                )

                        )

                    [thesis_info] => 
                )

            [university_research_profile] => Array
                (
                    [research_interests] => Array
                        (
                            [0] => AI
                            [1] => Machine Learning
                            [2] => Data Science
                        )

                    [skills_expertise] => Array
                        (
                            [0] => JavaScript
                            [1] => Python
                            [2] => HTML
                            [3] => CSS
                        )

                    [university_publications] => Array
                        (
                        )

                    [university_projects] => Array
                        (
                        )

                )

            [platform_settings] => Array
                (
                    [user_role] => student
                    [account_creation_date] => Array
                        (
                            [$date] => Array
                                (
                                    [$numberLong] => 1748502587582
                                )

                        )

                    [last_updated_date] => Array
                        (
                            [$date] => Array
                                (
                                    [$numberLong] => 1748502587582
                                )

                        )

                )

        )

    [user_id] => 6833436be5c16779b409aa42
)

2025-05-30 08:02:31 - UserId extracted: 6833436be5c16779b409aa42, isLoggedIn: true
2025-05-30 08:02:31 - Filter: {"$or":[{"createdBy":"6833436be5c16779b409aa42"},{"createdBy.$oid":"6833436be5c16779b409aa42"},{"members":{"$elemMatch":{"userId":"6833436be5c16779b409aa42"}}},{"members":{"$elemMatch":{"userId.$oid":"6833436be5c16779b409aa42"}}},{"supervisor.userId.$oid":"6833436be5c16779b409aa42"},{"supervisor.userId":"6833436be5c16779b409aa42"}]}
2025-05-30 08:02:31 - Found 1 projects
2025-05-30 08:15:36 - SESSION: Array
(
    [logged_in] => 1
    [user_type] => faculty
    [user_data] => Array
        (
            [_id] => Array
                (
                    [$oid] => 6833436be5c16779b409aa42
                )

            [basic_info] => Array
                (
                    [name] => Samin yeaser khan
                    [profile_image_url] => uploads/profile_images/profile_6833436be5c16779b409aa42_1748502587.jpg
                )

            [contact_info] => Array
                (
                    [primary_email] => www.mayen017@gmail.com
                )

            [academic_info] => Array
                (
                    [student_id_components] => Array
                        (
                            [program_name] => B.Sc. in Computer Science and Engineering
                            [program_code] => 
                            [admission_year] => 
                            [admission_trimester] => 
                            [serial_number] => 
                        )

                    [student_id] => 011222150
                    [department] => Computer Science and Engineering
                    [faculty] => School of Science & Engineering
                    [current_status] => Active
                    [enrollment_date] => Array
                        (
                            [$date] => Array
                                (
                                    [$numberLong] => 1654812000000
                                )

                        )

                    [expected_graduation_date] => Array
                        (
                            [$date] => Array
                                (
                                    [$numberLong] => 1790632800000
                                )

                        )

                    [current_year_trimester] => 3rd Year, Summer Trimester
                    [cgpa] => 3.65
                    [current_degree_info] => Array
                        (
                            [degree_level] => Bachelor's
                            [degree_name] => B.Sc. in Computer Science and Engineering
                            [institution_name] => United International University
                            [major_field_of_study] => Data Science
                            [start_date] => Array
                                (
                                    [$date] => Array
                                        (
                                            [$numberLong] => 1654812000000
                                        )

                                )

                        )

                    [thesis_info] => 
                )

            [university_research_profile] => Array
                (
                    [research_interests] => Array
                        (
                            [0] => AI
                            [1] => Machine Learning
                            [2] => Data Science
                        )

                    [skills_expertise] => Array
                        (
                            [0] => JavaScript
                            [1] => Python
                            [2] => HTML
                            [3] => CSS
                        )

                    [university_publications] => Array
                        (
                        )

                    [university_projects] => Array
                        (
                        )

                )

            [platform_settings] => Array
                (
                    [user_role] => student
                    [account_creation_date] => Array
                        (
                            [$date] => Array
                                (
                                    [$numberLong] => 1748502587582
                                )

                        )

                    [last_updated_date] => Array
                        (
                            [$date] => Array
                                (
                                    [$numberLong] => 1748502587582
                                )

                        )

                )

        )

    [user_id] => 6833436be5c16779b409aa42
)

2025-05-30 08:15:36 - UserId extracted: 6833436be5c16779b409aa42, isLoggedIn: true
2025-05-30 08:15:36 - Filter: {"$or":[{"createdBy":"6833436be5c16779b409aa42"},{"createdBy.$oid":"6833436be5c16779b409aa42"},{"members":{"$elemMatch":{"userId":"6833436be5c16779b409aa42"}}},{"members":{"$elemMatch":{"userId.$oid":"6833436be5c16779b409aa42"}}},{"supervisor.userId.$oid":"6833436be5c16779b409aa42"},{"supervisor.userId":"6833436be5c16779b409aa42"}]}
2025-05-30 08:15:36 - Found 1 projects
2025-05-30 08:19:49 - SESSION: Array
(
    [logged_in] => 1
    [user_type] => faculty
    [user_data] => Array
        (
            [_id] => Array
                (
                    [$oid] => 6833436be5c16779b409aa42
                )

            [basic_info] => Array
                (
                    [name] => Samin yeaser khan
                    [profile_image_url] => uploads/profile_images/profile_6833436be5c16779b409aa42_1748502587.jpg
                )

            [contact_info] => Array
                (
                    [primary_email] => www.mayen017@gmail.com
                )

            [academic_info] => Array
                (
                    [student_id_components] => Array
                        (
                            [program_name] => B.Sc. in Computer Science and Engineering
                            [program_code] => 
                            [admission_year] => 
                            [admission_trimester] => 
                            [serial_number] => 
                        )

                    [student_id] => 011222150
                    [department] => Computer Science and Engineering
                    [faculty] => School of Science & Engineering
                    [current_status] => Active
                    [enrollment_date] => Array
                        (
                            [$date] => Array
                                (
                                    [$numberLong] => 1654812000000
                                )

                        )

                    [expected_graduation_date] => Array
                        (
                            [$date] => Array
                                (
                                    [$numberLong] => 1790632800000
                                )

                        )

                    [current_year_trimester] => 3rd Year, Summer Trimester
                    [cgpa] => 3.65
                    [current_degree_info] => Array
                        (
                            [degree_level] => Bachelor's
                            [degree_name] => B.Sc. in Computer Science and Engineering
                            [institution_name] => United International University
                            [major_field_of_study] => Data Science
                            [start_date] => Array
                                (
                                    [$date] => Array
                                        (
                                            [$numberLong] => 1654812000000
                                        )

                                )

                        )

                    [thesis_info] => 
                )

            [university_research_profile] => Array
                (
                    [research_interests] => Array
                        (
                            [0] => AI
                            [1] => Machine Learning
                            [2] => Data Science
                        )

                    [skills_expertise] => Array
                        (
                            [0] => JavaScript
                            [1] => Python
                            [2] => HTML
                            [3] => CSS
                        )

                    [university_publications] => Array
                        (
                        )

                    [university_projects] => Array
                        (
                        )

                )

            [platform_settings] => Array
                (
                    [user_role] => student
                    [account_creation_date] => Array
                        (
                            [$date] => Array
                                (
                                    [$numberLong] => 1748502587582
                                )

                        )

                    [last_updated_date] => Array
                        (
                            [$date] => Array
                                (
                                    [$numberLong] => 1748502587582
                                )

                        )

                )

        )

    [user_id] => 6833436be5c16779b409aa42
)

2025-05-30 08:19:49 - UserId extracted: 6833436be5c16779b409aa42, isLoggedIn: true
2025-05-30 08:19:49 - Filter: {"$or":[{"createdBy":"6833436be5c16779b409aa42"},{"createdBy.$oid":"6833436be5c16779b409aa42"},{"members":{"$elemMatch":{"userId":"6833436be5c16779b409aa42"}}},{"members":{"$elemMatch":{"userId.$oid":"6833436be5c16779b409aa42"}}},{"supervisor.userId.$oid":"6833436be5c16779b409aa42"},{"supervisor.userId":"6833436be5c16779b409aa42"}]}
2025-05-30 08:19:49 - Found 1 projects
2025-05-30 08:25:46 - SESSION: Array
(
    [logged_in] => 1
    [user_type] => faculty
    [user_data] => Array
        (
            [_id] => Array
                (
                    [$oid] => 6833436be5c16779b409aa42
                )

            [basic_info] => Array
                (
                    [name] => Samin yeaser khan
                    [profile_image_url] => uploads/profile_images/profile_6833436be5c16779b409aa42_1748502587.jpg
                )

            [contact_info] => Array
                (
                    [primary_email] => www.mayen017@gmail.com
                )

            [academic_info] => Array
                (
                    [student_id_components] => Array
                        (
                            [program_name] => B.Sc. in Computer Science and Engineering
                            [program_code] => 
                            [admission_year] => 
                            [admission_trimester] => 
                            [serial_number] => 
                        )

                    [student_id] => 011222150
                    [department] => Computer Science and Engineering
                    [faculty] => School of Science & Engineering
                    [current_status] => Active
                    [enrollment_date] => Array
                        (
                            [$date] => Array
                                (
                                    [$numberLong] => 1654812000000
                                )

                        )

                    [expected_graduation_date] => Array
                        (
                            [$date] => Array
                                (
                                    [$numberLong] => 1790632800000
                                )

                        )

                    [current_year_trimester] => 3rd Year, Summer Trimester
                    [cgpa] => 3.65
                    [current_degree_info] => Array
                        (
                            [degree_level] => Bachelor's
                            [degree_name] => B.Sc. in Computer Science and Engineering
                            [institution_name] => United International University
                            [major_field_of_study] => Data Science
                            [start_date] => Array
                                (
                                    [$date] => Array
                                        (
                                            [$numberLong] => 1654812000000
                                        )

                                )

                        )

                    [thesis_info] => 
                )

            [university_research_profile] => Array
                (
                    [research_interests] => Array
                        (
                            [0] => AI
                            [1] => Machine Learning
                            [2] => Data Science
                        )

                    [skills_expertise] => Array
                        (
                            [0] => JavaScript
                            [1] => Python
                            [2] => HTML
                            [3] => CSS
                        )

                    [university_publications] => Array
                        (
                        )

                    [university_projects] => Array
                        (
                        )

                )

            [platform_settings] => Array
                (
                    [user_role] => student
                    [account_creation_date] => Array
                        (
                            [$date] => Array
                                (
                                    [$numberLong] => 1748502587582
                                )

                        )

                    [last_updated_date] => Array
                        (
                            [$date] => Array
                                (
                                    [$numberLong] => 1748502587582
                                )

                        )

                )

        )

    [user_id] => 6833436be5c16779b409aa42
)

2025-05-30 08:25:46 - UserId extracted: 6833436be5c16779b409aa42, isLoggedIn: true
2025-05-30 08:25:46 - Filter: {"$or":[{"createdBy":"6833436be5c16779b409aa42"},{"createdBy.$oid":"6833436be5c16779b409aa42"},{"members":{"$elemMatch":{"userId":"6833436be5c16779b409aa42"}}},{"members":{"$elemMatch":{"userId.$oid":"6833436be5c16779b409aa42"}}},{"supervisor.userId.$oid":"6833436be5c16779b409aa42"},{"supervisor.userId":"6833436be5c16779b409aa42"}]}
2025-05-30 08:25:46 - Found 2 projects
2025-05-30 08:28:08 - SESSION: Array
(
    [logged_in] => 1
    [user_type] => faculty
    [user_data] => Array
        (
            [_id] => Array
                (
                    [$oid] => 6833436be5c16779b409aa42
                )

            [basic_info] => Array
                (
                    [name] => Samin yeaser khan
                    [profile_image_url] => uploads/profile_images/profile_6833436be5c16779b409aa42_1748502587.jpg
                )

            [contact_info] => Array
                (
                    [primary_email] => www.mayen017@gmail.com
                )

            [academic_info] => Array
                (
                    [student_id_components] => Array
                        (
                            [program_name] => B.Sc. in Computer Science and Engineering
                            [program_code] => 
                            [admission_year] => 
                            [admission_trimester] => 
                            [serial_number] => 
                        )

                    [student_id] => 011222150
                    [department] => Computer Science and Engineering
                    [faculty] => School of Science & Engineering
                    [current_status] => Active
                    [enrollment_date] => Array
                        (
                            [$date] => Array
                                (
                                    [$numberLong] => 1654812000000
                                )

                        )

                    [expected_graduation_date] => Array
                        (
                            [$date] => Array
                                (
                                    [$numberLong] => 1790632800000
                                )

                        )

                    [current_year_trimester] => 3rd Year, Summer Trimester
                    [cgpa] => 3.65
                    [current_degree_info] => Array
                        (
                            [degree_level] => Bachelor's
                            [degree_name] => B.Sc. in Computer Science and Engineering
                            [institution_name] => United International University
                            [major_field_of_study] => Data Science
                            [start_date] => Array
                                (
                                    [$date] => Array
                                        (
                                            [$numberLong] => 1654812000000
                                        )

                                )

                        )

                    [thesis_info] => 
                )

            [university_research_profile] => Array
                (
                    [research_interests] => Array
                        (
                            [0] => AI
                            [1] => Machine Learning
                            [2] => Data Science
                        )

                    [skills_expertise] => Array
                        (
                            [0] => JavaScript
                            [1] => Python
                            [2] => HTML
                            [3] => CSS
                        )

                    [university_publications] => Array
                        (
                        )

                    [university_projects] => Array
                        (
                        )

                )

            [platform_settings] => Array
                (
                    [user_role] => student
                    [account_creation_date] => Array
                        (
                            [$date] => Array
                                (
                                    [$numberLong] => 1748502587582
                                )

                        )

                    [last_updated_date] => Array
                        (
                            [$date] => Array
                                (
                                    [$numberLong] => 1748502587582
                                )

                        )

                )

        )

    [user_id] => 6833436be5c16779b409aa42
)

2025-05-30 08:28:08 - UserId extracted: 6833436be5c16779b409aa42, isLoggedIn: true
2025-05-30 08:28:08 - Filter: {"$or":[{"createdBy":"6833436be5c16779b409aa42"},{"createdBy.$oid":"6833436be5c16779b409aa42"},{"members":{"$elemMatch":{"userId":"6833436be5c16779b409aa42"}}},{"members":{"$elemMatch":{"userId.$oid":"6833436be5c16779b409aa42"}}},{"supervisor.userId.$oid":"6833436be5c16779b409aa42"},{"supervisor.userId":"6833436be5c16779b409aa42"}]}
2025-05-30 08:28:09 - Found 3 projects
2025-05-30 08:35:52 - SESSION: Array
(
    [logged_in] => 1
    [user_type] => faculty
    [user_data] => Array
        (
            [_id] => Array
                (
                    [$oid] => 6833436be5c16779b409aa42
                )

            [basic_info] => Array
                (
                    [name] => Samin yeaser khan
                    [profile_image_url] => uploads/profile_images/profile_6833436be5c16779b409aa42_1748502587.jpg
                )

            [contact_info] => Array
                (
                    [primary_email] => www.mayen017@gmail.com
                )

            [academic_info] => Array
                (
                    [student_id_components] => Array
                        (
                            [program_name] => B.Sc. in Computer Science and Engineering
                            [program_code] => 
                            [admission_year] => 
                            [admission_trimester] => 
                            [serial_number] => 
                        )

                    [student_id] => 011222150
                    [department] => Computer Science and Engineering
                    [faculty] => School of Science & Engineering
                    [current_status] => Active
                    [enrollment_date] => Array
                        (
                            [$date] => Array
                                (
                                    [$numberLong] => 1654812000000
                                )

                        )

                    [expected_graduation_date] => Array
                        (
                            [$date] => Array
                                (
                                    [$numberLong] => 1790632800000
                                )

                        )

                    [current_year_trimester] => 3rd Year, Summer Trimester
                    [cgpa] => 3.65
                    [current_degree_info] => Array
                        (
                            [degree_level] => Bachelor's
                            [degree_name] => B.Sc. in Computer Science and Engineering
                            [institution_name] => United International University
                            [major_field_of_study] => Data Science
                            [start_date] => Array
                                (
                                    [$date] => Array
                                        (
                                            [$numberLong] => 1654812000000
                                        )

                                )

                        )

                    [thesis_info] => 
                )

            [university_research_profile] => Array
                (
                    [research_interests] => Array
                        (
                            [0] => AI
                            [1] => Machine Learning
                            [2] => Data Science
                        )

                    [skills_expertise] => Array
                        (
                            [0] => JavaScript
                            [1] => Python
                            [2] => HTML
                            [3] => CSS
                        )

                    [university_publications] => Array
                        (
                        )

                    [university_projects] => Array
                        (
                        )

                )

            [platform_settings] => Array
                (
                    [user_role] => student
                    [account_creation_date] => Array
                        (
                            [$date] => Array
                                (
                                    [$numberLong] => 1748502587582
                                )

                        )

                    [last_updated_date] => Array
                        (
                            [$date] => Array
                                (
                                    [$numberLong] => 1748502587582
                                )

                        )

                )

        )

    [user_id] => 6833436be5c16779b409aa42
)

2025-05-30 08:35:52 - UserId extracted: 6833436be5c16779b409aa42, isLoggedIn: true
2025-05-30 08:35:52 - Filter: {"$or":[{"createdBy":"6833436be5c16779b409aa42"},{"createdBy.$oid":"6833436be5c16779b409aa42"},{"members":{"$elemMatch":{"userId":"6833436be5c16779b409aa42"}}},{"members":{"$elemMatch":{"userId.$oid":"6833436be5c16779b409aa42"}}},{"supervisor.userId.$oid":"6833436be5c16779b409aa42"},{"supervisor.userId":"6833436be5c16779b409aa42"}]}
2025-05-30 08:35:53 - Found 3 projects
2025-05-30 08:39:48 - SESSION: Array
(
    [logged_in] => 1
    [user_type] => faculty
    [user_data] => Array
        (
            [_id] => Array
                (
                    [$oid] => 6833436be5c16779b409aa42
                )

            [basic_info] => Array
                (
                    [name] => Samin yeaser khan
                    [profile_image_url] => uploads/profile_images/profile_6833436be5c16779b409aa42_1748502587.jpg
                )

            [contact_info] => Array
                (
                    [primary_email] => www.mayen017@gmail.com
                )

            [academic_info] => Array
                (
                    [student_id_components] => Array
                        (
                            [program_name] => B.Sc. in Computer Science and Engineering
                            [program_code] => 
                            [admission_year] => 
                            [admission_trimester] => 
                            [serial_number] => 
                        )

                    [student_id] => 011222150
                    [department] => Computer Science and Engineering
                    [faculty] => School of Science & Engineering
                    [current_status] => Active
                    [enrollment_date] => Array
                        (
                            [$date] => Array
                                (
                                    [$numberLong] => 1654812000000
                                )

                        )

                    [expected_graduation_date] => Array
                        (
                            [$date] => Array
                                (
                                    [$numberLong] => 1790632800000
                                )

                        )

                    [current_year_trimester] => 3rd Year, Summer Trimester
                    [cgpa] => 3.65
                    [current_degree_info] => Array
                        (
                            [degree_level] => Bachelor's
                            [degree_name] => B.Sc. in Computer Science and Engineering
                            [institution_name] => United International University
                            [major_field_of_study] => Data Science
                            [start_date] => Array
                                (
                                    [$date] => Array
                                        (
                                            [$numberLong] => 1654812000000
                                        )

                                )

                        )

                    [thesis_info] => 
                )

            [university_research_profile] => Array
                (
                    [research_interests] => Array
                        (
                            [0] => AI
                            [1] => Machine Learning
                            [2] => Data Science
                        )

                    [skills_expertise] => Array
                        (
                            [0] => JavaScript
                            [1] => Python
                            [2] => HTML
                            [3] => CSS
                        )

                    [university_publications] => Array
                        (
                        )

                    [university_projects] => Array
                        (
                        )

                )

            [platform_settings] => Array
                (
                    [user_role] => student
                    [account_creation_date] => Array
                        (
                            [$date] => Array
                                (
                                    [$numberLong] => 1748502587582
                                )

                        )

                    [last_updated_date] => Array
                        (
                            [$date] => Array
                                (
                                    [$numberLong] => 1748502587582
                                )

                        )

                )

        )

    [user_id] => 6833436be5c16779b409aa42
)

2025-05-30 08:39:48 - UserId extracted: 6833436be5c16779b409aa42, isLoggedIn: true
2025-05-30 08:39:48 - Filter: {"$or":[{"createdBy":"6833436be5c16779b409aa42"},{"createdBy.$oid":"6833436be5c16779b409aa42"},{"members":{"$elemMatch":{"userId":"6833436be5c16779b409aa42"}}},{"members":{"$elemMatch":{"userId.$oid":"6833436be5c16779b409aa42"}}},{"supervisor.userId.$oid":"6833436be5c16779b409aa42"},{"supervisor.userId":"6833436be5c16779b409aa42"}]}
2025-05-30 08:39:48 - Found 3 projects
2025-05-30 08:41:17 - SESSION: Array
(
    [logged_in] => 1
    [user_type] => faculty
    [user_data] => Array
        (
            [_id] => Array
                (
                    [$oid] => 6833436be5c16779b409aa42
                )

            [basic_info] => Array
                (
                    [name] => Samin yeaser khan
                    [profile_image_url] => uploads/profile_images/profile_6833436be5c16779b409aa42_1748502587.jpg
                )

            [contact_info] => Array
                (
                    [primary_email] => www.mayen017@gmail.com
                )

            [academic_info] => Array
                (
                    [student_id_components] => Array
                        (
                            [program_name] => B.Sc. in Computer Science and Engineering
                            [program_code] => 
                            [admission_year] => 
                            [admission_trimester] => 
                            [serial_number] => 
                        )

                    [student_id] => 011222150
                    [department] => Computer Science and Engineering
                    [faculty] => School of Science & Engineering
                    [current_status] => Active
                    [enrollment_date] => Array
                        (
                            [$date] => Array
                                (
                                    [$numberLong] => 1654812000000
                                )

                        )

                    [expected_graduation_date] => Array
                        (
                            [$date] => Array
                                (
                                    [$numberLong] => 1790632800000
                                )

                        )

                    [current_year_trimester] => 3rd Year, Summer Trimester
                    [cgpa] => 3.65
                    [current_degree_info] => Array
                        (
                            [degree_level] => Bachelor's
                            [degree_name] => B.Sc. in Computer Science and Engineering
                            [institution_name] => United International University
                            [major_field_of_study] => Data Science
                            [start_date] => Array
                                (
                                    [$date] => Array
                                        (
                                            [$numberLong] => 1654812000000
                                        )

                                )

                        )

                    [thesis_info] => 
                )

            [university_research_profile] => Array
                (
                    [research_interests] => Array
                        (
                            [0] => AI
                            [1] => Machine Learning
                            [2] => Data Science
                        )

                    [skills_expertise] => Array
                        (
                            [0] => JavaScript
                            [1] => Python
                            [2] => HTML
                            [3] => CSS
                        )

                    [university_publications] => Array
                        (
                        )

                    [university_projects] => Array
                        (
                        )

                )

            [platform_settings] => Array
                (
                    [user_role] => student
                    [account_creation_date] => Array
                        (
                            [$date] => Array
                                (
                                    [$numberLong] => 1748502587582
                                )

                        )

                    [last_updated_date] => Array
                        (
                            [$date] => Array
                                (
                                    [$numberLong] => 1748502587582
                                )

                        )

                )

        )

    [user_id] => 6833436be5c16779b409aa42
)

2025-05-30 08:41:17 - UserId extracted: 6833436be5c16779b409aa42, isLoggedIn: true
2025-05-30 08:41:17 - Filter: {"$or":[{"createdBy":"6833436be5c16779b409aa42"},{"createdBy.$oid":"6833436be5c16779b409aa42"},{"members":{"$elemMatch":{"userId":"6833436be5c16779b409aa42"}}},{"members":{"$elemMatch":{"userId.$oid":"6833436be5c16779b409aa42"}}},{"supervisor.userId.$oid":"6833436be5c16779b409aa42"},{"supervisor.userId":"6833436be5c16779b409aa42"}]}
2025-05-30 08:41:17 - Found 4 projects
2025-05-30 08:42:22 - SESSION: Array
(
    [logged_in] => 1
    [user_type] => faculty
    [user_data] => Array
        (
            [_id] => Array
                (
                    [$oid] => 6833436be5c16779b409aa42
                )

            [basic_info] => Array
                (
                    [name] => Samin yeaser khan
                    [profile_image_url] => uploads/profile_images/profile_6833436be5c16779b409aa42_1748502587.jpg
                )

            [contact_info] => Array
                (
                    [primary_email] => www.mayen017@gmail.com
                )

            [academic_info] => Array
                (
                    [student_id_components] => Array
                        (
                            [program_name] => B.Sc. in Computer Science and Engineering
                            [program_code] => 
                            [admission_year] => 
                            [admission_trimester] => 
                            [serial_number] => 
                        )

                    [student_id] => 011222150
                    [department] => Computer Science and Engineering
                    [faculty] => School of Science & Engineering
                    [current_status] => Active
                    [enrollment_date] => Array
                        (
                            [$date] => Array
                                (
                                    [$numberLong] => 1654812000000
                                )

                        )

                    [expected_graduation_date] => Array
                        (
                            [$date] => Array
                                (
                                    [$numberLong] => 1790632800000
                                )

                        )

                    [current_year_trimester] => 3rd Year, Summer Trimester
                    [cgpa] => 3.65
                    [current_degree_info] => Array
                        (
                            [degree_level] => Bachelor's
                            [degree_name] => B.Sc. in Computer Science and Engineering
                            [institution_name] => United International University
                            [major_field_of_study] => Data Science
                            [start_date] => Array
                                (
                                    [$date] => Array
                                        (
                                            [$numberLong] => 1654812000000
                                        )

                                )

                        )

                    [thesis_info] => 
                )

            [university_research_profile] => Array
                (
                    [research_interests] => Array
                        (
                            [0] => AI
                            [1] => Machine Learning
                            [2] => Data Science
                        )

                    [skills_expertise] => Array
                        (
                            [0] => JavaScript
                            [1] => Python
                            [2] => HTML
                            [3] => CSS
                        )

                    [university_publications] => Array
                        (
                        )

                    [university_projects] => Array
                        (
                        )

                )

            [platform_settings] => Array
                (
                    [user_role] => student
                    [account_creation_date] => Array
                        (
                            [$date] => Array
                                (
                                    [$numberLong] => 1748502587582
                                )

                        )

                    [last_updated_date] => Array
                        (
                            [$date] => Array
                                (
                                    [$numberLong] => 1748502587582
                                )

                        )

                )

        )

    [user_id] => 6833436be5c16779b409aa42
)

2025-05-30 08:42:22 - UserId extracted: 6833436be5c16779b409aa42, isLoggedIn: true
2025-05-30 08:42:22 - Filter: {"$or":[{"createdBy":"6833436be5c16779b409aa42"},{"createdBy.$oid":"6833436be5c16779b409aa42"},{"members":{"$elemMatch":{"userId":"6833436be5c16779b409aa42"}}},{"members":{"$elemMatch":{"userId.$oid":"6833436be5c16779b409aa42"}}},{"supervisor.userId.$oid":"6833436be5c16779b409aa42"},{"supervisor.userId":"6833436be5c16779b409aa42"}]}
2025-05-30 08:42:22 - Found 5 projects
2025-05-30 11:06:52 - SESSION: Array
(
    [logged_in] => 1
    [user_type] => faculty
    [user_data] => Array
        (
            [_id] => Array
                (
                    [$oid] => 6833436be5c16779b409aa42
                )

            [basic_info] => Array
                (
                    [name] => Samin yeaser khan
                    [profile_image_url] => uploads/profile_images/profile_6833436be5c16779b409aa42_1748502587.jpg
                )

            [contact_info] => Array
                (
                    [primary_email] => www.mayen017@gmail.com
                )

            [academic_info] => Array
                (
                    [student_id_components] => Array
                        (
                            [program_name] => B.Sc. in Computer Science and Engineering
                            [program_code] => 
                            [admission_year] => 
                            [admission_trimester] => 
                            [serial_number] => 
                        )

                    [student_id] => 011222150
                    [department] => Computer Science and Engineering
                    [faculty] => School of Science & Engineering
                    [current_status] => Active
                    [enrollment_date] => Array
                        (
                            [$date] => Array
                                (
                                    [$numberLong] => 1654812000000
                                )

                        )

                    [expected_graduation_date] => Array
                        (
                            [$date] => Array
                                (
                                    [$numberLong] => 1790632800000
                                )

                        )

                    [current_year_trimester] => 3rd Year, Summer Trimester
                    [cgpa] => 3.65
                    [current_degree_info] => Array
                        (
                            [degree_level] => Bachelor's
                            [degree_name] => B.Sc. in Computer Science and Engineering
                            [institution_name] => United International University
                            [major_field_of_study] => Data Science
                            [start_date] => Array
                                (
                                    [$date] => Array
                                        (
                                            [$numberLong] => 1654812000000
                                        )

                                )

                        )

                    [thesis_info] => 
                )

            [university_research_profile] => Array
                (
                    [research_interests] => Array
                        (
                            [0] => AI
                            [1] => Machine Learning
                            [2] => Data Science
                        )

                    [skills_expertise] => Array
                        (
                            [0] => JavaScript
                            [1] => Python
                            [2] => HTML
                            [3] => CSS
                        )

                    [university_publications] => Array
                        (
                        )

                    [university_projects] => Array
                        (
                        )

                )

            [platform_settings] => Array
                (
                    [user_role] => student
                    [account_creation_date] => Array
                        (
                            [$date] => Array
                                (
                                    [$numberLong] => 1748502587582
                                )

                        )

                    [last_updated_date] => Array
                        (
                            [$date] => Array
                                (
                                    [$numberLong] => 1748502587582
                                )

                        )

                )

        )

    [user_id] => 6833436be5c16779b409aa42
)

2025-05-30 11:06:52 - UserId extracted: 6833436be5c16779b409aa42, isLoggedIn: true
2025-05-30 11:06:52 - Filter: {"$or":[{"createdBy":"6833436be5c16779b409aa42"},{"createdBy.$oid":"6833436be5c16779b409aa42"},{"members":{"$elemMatch":{"userId":"6833436be5c16779b409aa42"}}},{"members":{"$elemMatch":{"userId.$oid":"6833436be5c16779b409aa42"}}},{"supervisor.userId.$oid":"6833436be5c16779b409aa42"},{"supervisor.userId":"6833436be5c16779b409aa42"}]}
2025-05-30 11:06:52 - Found 5 projects
2025-05-30 11:14:28 - SESSION: Array
(
    [logged_in] => 1
    [user_type] => faculty
    [user_data] => Array
        (
            [_id] => Array
                (
                    [$oid] => 6833436be5c16779b409aa42
                )

            [basic_info] => Array
                (
                    [name] => Samin yeaser khan
                    [profile_image_url] => uploads/profile_images/profile_6833436be5c16779b409aa42_1748502587.jpg
                )

            [contact_info] => Array
                (
                    [primary_email] => www.mayen017@gmail.com
                )

            [academic_info] => Array
                (
                    [student_id_components] => Array
                        (
                            [program_name] => B.Sc. in Computer Science and Engineering
                            [program_code] => 
                            [admission_year] => 
                            [admission_trimester] => 
                            [serial_number] => 
                        )

                    [student_id] => 011222150
                    [department] => Computer Science and Engineering
                    [faculty] => School of Science & Engineering
                    [current_status] => Active
                    [enrollment_date] => Array
                        (
                            [$date] => Array
                                (
                                    [$numberLong] => 1654812000000
                                )

                        )

                    [expected_graduation_date] => Array
                        (
                            [$date] => Array
                                (
                                    [$numberLong] => 1790632800000
                                )

                        )

                    [current_year_trimester] => 3rd Year, Summer Trimester
                    [cgpa] => 3.65
                    [current_degree_info] => Array
                        (
                            [degree_level] => Bachelor's
                            [degree_name] => B.Sc. in Computer Science and Engineering
                            [institution_name] => United International University
                            [major_field_of_study] => Data Science
                            [start_date] => Array
                                (
                                    [$date] => Array
                                        (
                                            [$numberLong] => 1654812000000
                                        )

                                )

                        )

                    [thesis_info] => 
                )

            [university_research_profile] => Array
                (
                    [research_interests] => Array
                        (
                            [0] => AI
                            [1] => Machine Learning
                            [2] => Data Science
                        )

                    [skills_expertise] => Array
                        (
                            [0] => JavaScript
                            [1] => Python
                            [2] => HTML
                            [3] => CSS
                        )

                    [university_publications] => Array
                        (
                        )

                    [university_projects] => Array
                        (
                        )

                )

            [platform_settings] => Array
                (
                    [user_role] => student
                    [account_creation_date] => Array
                        (
                            [$date] => Array
                                (
                                    [$numberLong] => 1748502587582
                                )

                        )

                    [last_updated_date] => Array
                        (
                            [$date] => Array
                                (
                                    [$numberLong] => 1748502587582
                                )

                        )

                )

        )

    [user_id] => 6833436be5c16779b409aa42
)

2025-05-30 11:14:28 - UserId extracted: 6833436be5c16779b409aa42, isLoggedIn: true
2025-05-30 11:14:28 - Filter: {"$or":[{"createdBy":"6833436be5c16779b409aa42"},{"createdBy.$oid":"6833436be5c16779b409aa42"},{"members":{"$elemMatch":{"userId":"6833436be5c16779b409aa42"}}},{"members":{"$elemMatch":{"userId.$oid":"6833436be5c16779b409aa42"}}},{"supervisor.userId.$oid":"6833436be5c16779b409aa42"},{"supervisor.userId":"6833436be5c16779b409aa42"}]}
2025-05-30 11:14:28 - Found 5 projects
2025-05-30 11:15:11 - SESSION: Array
(
    [logged_in] => 1
    [user_type] => faculty
    [user_data] => Array
        (
            [_id] => Array
                (
                    [$oid] => 6833436be5c16779b409aa42
                )

            [basic_info] => Array
                (
                    [name] => Samin yeaser khan
                    [profile_image_url] => uploads/profile_images/profile_6833436be5c16779b409aa42_1748502587.jpg
                )

            [contact_info] => Array
                (
                    [primary_email] => www.mayen017@gmail.com
                )

            [academic_info] => Array
                (
                    [student_id_components] => Array
                        (
                            [program_name] => B.Sc. in Computer Science and Engineering
                            [program_code] => 
                            [admission_year] => 
                            [admission_trimester] => 
                            [serial_number] => 
                        )

                    [student_id] => 011222150
                    [department] => Computer Science and Engineering
                    [faculty] => School of Science & Engineering
                    [current_status] => Active
                    [enrollment_date] => Array
                        (
                            [$date] => Array
                                (
                                    [$numberLong] => 1654812000000
                                )

                        )

                    [expected_graduation_date] => Array
                        (
                            [$date] => Array
                                (
                                    [$numberLong] => 1790632800000
                                )

                        )

                    [current_year_trimester] => 3rd Year, Summer Trimester
                    [cgpa] => 3.65
                    [current_degree_info] => Array
                        (
                            [degree_level] => Bachelor's
                            [degree_name] => B.Sc. in Computer Science and Engineering
                            [institution_name] => United International University
                            [major_field_of_study] => Data Science
                            [start_date] => Array
                                (
                                    [$date] => Array
                                        (
                                            [$numberLong] => 1654812000000
                                        )

                                )

                        )

                    [thesis_info] => 
                )

            [university_research_profile] => Array
                (
                    [research_interests] => Array
                        (
                            [0] => AI
                            [1] => Machine Learning
                            [2] => Data Science
                        )

                    [skills_expertise] => Array
                        (
                            [0] => JavaScript
                            [1] => Python
                            [2] => HTML
                            [3] => CSS
                        )

                    [university_publications] => Array
                        (
                        )

                    [university_projects] => Array
                        (
                        )

                )

            [platform_settings] => Array
                (
                    [user_role] => student
                    [account_creation_date] => Array
                        (
                            [$date] => Array
                                (
                                    [$numberLong] => 1748502587582
                                )

                        )

                    [last_updated_date] => Array
                        (
                            [$date] => Array
                                (
                                    [$numberLong] => 1748502587582
                                )

                        )

                )

        )

    [user_id] => 6833436be5c16779b409aa42
)

2025-05-30 11:15:11 - UserId extracted: 6833436be5c16779b409aa42, isLoggedIn: true
2025-05-30 11:15:11 - Filter: {"$or":[{"createdBy":"6833436be5c16779b409aa42"},{"createdBy.$oid":"6833436be5c16779b409aa42"},{"members":{"$elemMatch":{"userId":"6833436be5c16779b409aa42"}}},{"members":{"$elemMatch":{"userId.$oid":"6833436be5c16779b409aa42"}}},{"supervisor.userId.$oid":"6833436be5c16779b409aa42"},{"supervisor.userId":"6833436be5c16779b409aa42"}]}
2025-05-30 11:15:11 - Found 5 projects
2025-05-30 11:18:40 - SESSION: Array
(
    [logged_in] => 1
    [user_type] => faculty
    [user_data] => Array
        (
            [_id] => Array
                (
                    [$oid] => 6833436be5c16779b409aa42
                )

            [basic_info] => Array
                (
                    [name] => Samin yeaser khan
                    [profile_image_url] => uploads/profile_images/profile_6833436be5c16779b409aa42_1748502587.jpg
                )

            [contact_info] => Array
                (
                    [primary_email] => www.mayen017@gmail.com
                )

            [academic_info] => Array
                (
                    [student_id_components] => Array
                        (
                            [program_name] => B.Sc. in Computer Science and Engineering
                            [program_code] => 
                            [admission_year] => 
                            [admission_trimester] => 
                            [serial_number] => 
                        )

                    [student_id] => 011222150
                    [department] => Computer Science and Engineering
                    [faculty] => School of Science & Engineering
                    [current_status] => Active
                    [enrollment_date] => Array
                        (
                            [$date] => Array
                                (
                                    [$numberLong] => 1654812000000
                                )

                        )

                    [expected_graduation_date] => Array
                        (
                            [$date] => Array
                                (
                                    [$numberLong] => 1790632800000
                                )

                        )

                    [current_year_trimester] => 3rd Year, Summer Trimester
                    [cgpa] => 3.65
                    [current_degree_info] => Array
                        (
                            [degree_level] => Bachelor's
                            [degree_name] => B.Sc. in Computer Science and Engineering
                            [institution_name] => United International University
                            [major_field_of_study] => Data Science
                            [start_date] => Array
                                (
                                    [$date] => Array
                                        (
                                            [$numberLong] => 1654812000000
                                        )

                                )

                        )

                    [thesis_info] => 
                )

            [university_research_profile] => Array
                (
                    [research_interests] => Array
                        (
                            [0] => AI
                            [1] => Machine Learning
                            [2] => Data Science
                        )

                    [skills_expertise] => Array
                        (
                            [0] => JavaScript
                            [1] => Python
                            [2] => HTML
                            [3] => CSS
                        )

                    [university_publications] => Array
                        (
                        )

                    [university_projects] => Array
                        (
                        )

                )

            [platform_settings] => Array
                (
                    [user_role] => student
                    [account_creation_date] => Array
                        (
                            [$date] => Array
                                (
                                    [$numberLong] => 1748502587582
                                )

                        )

                    [last_updated_date] => Array
                        (
                            [$date] => Array
                                (
                                    [$numberLong] => 1748502587582
                                )

                        )

                )

        )

    [user_id] => 6833436be5c16779b409aa42
)

2025-05-30 11:18:40 - UserId extracted: 6833436be5c16779b409aa42, isLoggedIn: true
2025-05-30 11:18:40 - Filter: {"$or":[{"createdBy":"6833436be5c16779b409aa42"},{"createdBy.$oid":"6833436be5c16779b409aa42"},{"members":{"$elemMatch":{"userId":"6833436be5c16779b409aa42"}}},{"members":{"$elemMatch":{"userId.$oid":"6833436be5c16779b409aa42"}}},{"supervisor.userId.$oid":"6833436be5c16779b409aa42"},{"supervisor.userId":"6833436be5c16779b409aa42"}]}
2025-05-30 11:18:40 - Found 5 projects
2025-05-30 11:35:14 - SESSION: Array
(
    [logged_in] => 1
    [user_type] => faculty
    [user_data] => Array
        (
            [_id] => Array
                (
                    [$oid] => 6833436be5c16779b409aa42
                )

            [basic_info] => Array
                (
                    [name] => Samin yeaser khan
                    [profile_image_url] => uploads/profile_images/profile_6833436be5c16779b409aa42_1748502587.jpg
                )

            [contact_info] => Array
                (
                    [primary_email] => www.mayen017@gmail.com
                )

            [academic_info] => Array
                (
                    [student_id_components] => Array
                        (
                            [program_name] => B.Sc. in Computer Science and Engineering
                            [program_code] => 
                            [admission_year] => 
                            [admission_trimester] => 
                            [serial_number] => 
                        )

                    [student_id] => 011222150
                    [department] => Computer Science and Engineering
                    [faculty] => School of Science & Engineering
                    [current_status] => Active
                    [enrollment_date] => Array
                        (
                            [$date] => Array
                                (
                                    [$numberLong] => 1654812000000
                                )

                        )

                    [expected_graduation_date] => Array
                        (
                            [$date] => Array
                                (
                                    [$numberLong] => 1790632800000
                                )

                        )

                    [current_year_trimester] => 3rd Year, Summer Trimester
                    [cgpa] => 3.65
                    [current_degree_info] => Array
                        (
                            [degree_level] => Bachelor's
                            [degree_name] => B.Sc. in Computer Science and Engineering
                            [institution_name] => United International University
                            [major_field_of_study] => Data Science
                            [start_date] => Array
                                (
                                    [$date] => Array
                                        (
                                            [$numberLong] => 1654812000000
                                        )

                                )

                        )

                    [thesis_info] => 
                )

            [university_research_profile] => Array
                (
                    [research_interests] => Array
                        (
                            [0] => AI
                            [1] => Machine Learning
                            [2] => Data Science
                        )

                    [skills_expertise] => Array
                        (
                            [0] => JavaScript
                            [1] => Python
                            [2] => HTML
                            [3] => CSS
                        )

                    [university_publications] => Array
                        (
                        )

                    [university_projects] => Array
                        (
                        )

                )

            [platform_settings] => Array
                (
                    [user_role] => student
                    [account_creation_date] => Array
                        (
                            [$date] => Array
                                (
                                    [$numberLong] => 1748502587582
                                )

                        )

                    [last_updated_date] => Array
                        (
                            [$date] => Array
                                (
                                    [$numberLong] => 1748502587582
                                )

                        )

                )

        )

    [user_id] => 6833436be5c16779b409aa42
)

2025-05-30 11:35:14 - UserId extracted: 6833436be5c16779b409aa42, isLoggedIn: true
2025-05-30 11:35:14 - Filter: {"$or":[{"createdBy":"6833436be5c16779b409aa42"},{"createdBy.$oid":"6833436be5c16779b409aa42"},{"members":{"$elemMatch":{"userId":"6833436be5c16779b409aa42"}}},{"members":{"$elemMatch":{"userId.$oid":"6833436be5c16779b409aa42"}}},{"supervisor.userId.$oid":"6833436be5c16779b409aa42"},{"supervisor.userId":"6833436be5c16779b409aa42"}]}
2025-05-30 11:35:14 - Found 5 projects
2025-05-30 11:48:23 - SESSION: Array
(
    [logged_in] => 1
    [user_type] => faculty
    [user_data] => Array
        (
            [_id] => Array
                (
                    [$oid] => 6833436be5c16779b409aa42
                )

            [basic_info] => Array
                (
                    [name] => Samin yeaser khan
                    [profile_image_url] => uploads/profile_images/profile_6833436be5c16779b409aa42_1748502587.jpg
                )

            [contact_info] => Array
                (
                    [primary_email] => www.mayen017@gmail.com
                )

            [academic_info] => Array
                (
                    [student_id_components] => Array
                        (
                            [program_name] => B.Sc. in Computer Science and Engineering
                            [program_code] => 
                            [admission_year] => 
                            [admission_trimester] => 
                            [serial_number] => 
                        )

                    [student_id] => 011222150
                    [department] => Computer Science and Engineering
                    [faculty] => School of Science & Engineering
                    [current_status] => Active
                    [enrollment_date] => Array
                        (
                            [$date] => Array
                                (
                                    [$numberLong] => 1654812000000
                                )

                        )

                    [expected_graduation_date] => Array
                        (
                            [$date] => Array
                                (
                                    [$numberLong] => 1790632800000
                                )

                        )

                    [current_year_trimester] => 3rd Year, Summer Trimester
                    [cgpa] => 3.65
                    [current_degree_info] => Array
                        (
                            [degree_level] => Bachelor's
                            [degree_name] => B.Sc. in Computer Science and Engineering
                            [institution_name] => United International University
                            [major_field_of_study] => Data Science
                            [start_date] => Array
                                (
                                    [$date] => Array
                                        (
                                            [$numberLong] => 1654812000000
                                        )

                                )

                        )

                    [thesis_info] => 
                )

            [university_research_profile] => Array
                (
                    [research_interests] => Array
                        (
                            [0] => AI
                            [1] => Machine Learning
                            [2] => Data Science
                        )

                    [skills_expertise] => Array
                        (
                            [0] => JavaScript
                            [1] => Python
                            [2] => HTML
                            [3] => CSS
                        )

                    [university_publications] => Array
                        (
                        )

                    [university_projects] => Array
                        (
                        )

                )

            [platform_settings] => Array
                (
                    [user_role] => student
                    [account_creation_date] => Array
                        (
                            [$date] => Array
                                (
                                    [$numberLong] => 1748502587582
                                )

                        )

                    [last_updated_date] => Array
                        (
                            [$date] => Array
                                (
                                    [$numberLong] => 1748502587582
                                )

                        )

                )

        )

    [user_id] => 6833436be5c16779b409aa42
)

2025-05-30 11:48:23 - UserId extracted: 6833436be5c16779b409aa42, isLoggedIn: true
2025-05-30 11:48:23 - Filter: {"$or":[{"createdBy":"6833436be5c16779b409aa42"},{"createdBy.$oid":"6833436be5c16779b409aa42"},{"members":{"$elemMatch":{"userId":"6833436be5c16779b409aa42"}}},{"members":{"$elemMatch":{"userId.$oid":"6833436be5c16779b409aa42"}}},{"supervisor.userId.$oid":"6833436be5c16779b409aa42"},{"supervisor.userId":"6833436be5c16779b409aa42"}]}
2025-05-30 11:48:23 - Found 5 projects
2025-05-30 12:07:10 - SESSION: Array
(
    [logged_in] => 1
    [user_type] => faculty
    [user_data] => Array
        (
            [_id] => Array
                (
                    [$oid] => 6833436be5c16779b409aa42
                )

            [basic_info] => Array
                (
                    [name] => Samin yeaser khan
                    [profile_image_url] => uploads/profile_images/profile_6833436be5c16779b409aa42_1748502587.jpg
                )

            [contact_info] => Array
                (
                    [primary_email] => www.mayen017@gmail.com
                )

            [academic_info] => Array
                (
                    [student_id_components] => Array
                        (
                            [program_name] => B.Sc. in Computer Science and Engineering
                            [program_code] => 
                            [admission_year] => 
                            [admission_trimester] => 
                            [serial_number] => 
                        )

                    [student_id] => 011222150
                    [department] => Computer Science and Engineering
                    [faculty] => School of Science & Engineering
                    [current_status] => Active
                    [enrollment_date] => Array
                        (
                            [$date] => Array
                                (
                                    [$numberLong] => 1654812000000
                                )

                        )

                    [expected_graduation_date] => Array
                        (
                            [$date] => Array
                                (
                                    [$numberLong] => 1790632800000
                                )

                        )

                    [current_year_trimester] => 3rd Year, Summer Trimester
                    [cgpa] => 3.65
                    [current_degree_info] => Array
                        (
                            [degree_level] => Bachelor's
                            [degree_name] => B.Sc. in Computer Science and Engineering
                            [institution_name] => United International University
                            [major_field_of_study] => Data Science
                            [start_date] => Array
                                (
                                    [$date] => Array
                                        (
                                            [$numberLong] => 1654812000000
                                        )

                                )

                        )

                    [thesis_info] => 
                )

            [university_research_profile] => Array
                (
                    [research_interests] => Array
                        (
                            [0] => AI
                            [1] => Machine Learning
                            [2] => Data Science
                        )

                    [skills_expertise] => Array
                        (
                            [0] => JavaScript
                            [1] => Python
                            [2] => HTML
                            [3] => CSS
                        )

                    [university_publications] => Array
                        (
                        )

                    [university_projects] => Array
                        (
                        )

                )

            [platform_settings] => Array
                (
                    [user_role] => student
                    [account_creation_date] => Array
                        (
                            [$date] => Array
                                (
                                    [$numberLong] => 1748502587582
                                )

                        )

                    [last_updated_date] => Array
                        (
                            [$date] => Array
                                (
                                    [$numberLong] => 1748502587582
                                )

                        )

                )

        )

    [user_id] => 6833436be5c16779b409aa42
)

2025-05-30 12:07:10 - UserId extracted: 6833436be5c16779b409aa42, isLoggedIn: true
2025-05-30 12:07:10 - Filter: {"$or":[{"createdBy":"6833436be5c16779b409aa42"},{"createdBy.$oid":"6833436be5c16779b409aa42"},{"members":{"$elemMatch":{"userId":"6833436be5c16779b409aa42"}}},{"members":{"$elemMatch":{"userId.$oid":"6833436be5c16779b409aa42"}}},{"supervisor.userId.$oid":"6833436be5c16779b409aa42"},{"supervisor.userId":"6833436be5c16779b409aa42"}]}
2025-05-30 12:07:10 - Found 5 projects
2025-05-30 12:55:54 - SESSION: Array
(
    [logged_in] => 1
    [user_type] => faculty
    [user_data] => Array
        (
            [_id] => Array
                (
                    [$oid] => 6833436be5c16779b409aa42
                )

            [basic_info] => Array
                (
                    [name] => Samin yeaser khan
                    [profile_image_url] => uploads/profile_images/profile_6833436be5c16779b409aa42_1748502587.jpg
                )

            [contact_info] => Array
                (
                    [primary_email] => www.mayen017@gmail.com
                )

            [academic_info] => Array
                (
                    [student_id_components] => Array
                        (
                            [program_name] => B.Sc. in Computer Science and Engineering
                            [program_code] => 
                            [admission_year] => 
                            [admission_trimester] => 
                            [serial_number] => 
                        )

                    [student_id] => 011222150
                    [department] => Computer Science and Engineering
                    [faculty] => School of Science & Engineering
                    [current_status] => Active
                    [enrollment_date] => Array
                        (
                            [$date] => Array
                                (
                                    [$numberLong] => 1654812000000
                                )

                        )

                    [expected_graduation_date] => Array
                        (
                            [$date] => Array
                                (
                                    [$numberLong] => 1790632800000
                                )

                        )

                    [current_year_trimester] => 3rd Year, Summer Trimester
                    [cgpa] => 3.65
                    [current_degree_info] => Array
                        (
                            [degree_level] => Bachelor's
                            [degree_name] => B.Sc. in Computer Science and Engineering
                            [institution_name] => United International University
                            [major_field_of_study] => Data Science
                            [start_date] => Array
                                (
                                    [$date] => Array
                                        (
                                            [$numberLong] => 1654812000000
                                        )

                                )

                        )

                    [thesis_info] => 
                )

            [university_research_profile] => Array
                (
                    [research_interests] => Array
                        (
                            [0] => AI
                            [1] => Machine Learning
                            [2] => Data Science
                        )

                    [skills_expertise] => Array
                        (
                            [0] => JavaScript
                            [1] => Python
                            [2] => HTML
                            [3] => CSS
                        )

                    [university_publications] => Array
                        (
                        )

                    [university_projects] => Array
                        (
                        )

                )

            [platform_settings] => Array
                (
                    [user_role] => student
                    [account_creation_date] => Array
                        (
                            [$date] => Array
                                (
                                    [$numberLong] => 1748502587582
                                )

                        )

                    [last_updated_date] => Array
                        (
                            [$date] => Array
                                (
                                    [$numberLong] => 1748502587582
                                )

                        )

                )

        )

    [user_id] => 6833436be5c16779b409aa42
)

2025-05-30 12:55:54 - UserId extracted: 6833436be5c16779b409aa42, isLoggedIn: true
2025-05-30 12:55:54 - Filter: {"$or":[{"createdBy":"6833436be5c16779b409aa42"},{"createdBy.$oid":"6833436be5c16779b409aa42"},{"members":{"$elemMatch":{"userId":"6833436be5c16779b409aa42"}}},{"members":{"$elemMatch":{"userId.$oid":"6833436be5c16779b409aa42"}}},{"supervisor.userId.$oid":"6833436be5c16779b409aa42"},{"supervisor.userId":"6833436be5c16779b409aa42"}]}
2025-05-30 12:55:54 - Found 5 projects
2025-05-30 12:56:31 - SESSION: Array
(
    [logged_in] => 1
    [user_type] => faculty
    [user_data] => Array
        (
            [_id] => Array
                (
                    [$oid] => 6833436be5c16779b409aa42
                )

            [basic_info] => Array
                (
                    [name] => Samin yeaser khan
                    [profile_image_url] => uploads/profile_images/profile_6833436be5c16779b409aa42_1748502587.jpg
                )

            [contact_info] => Array
                (
                    [primary_email] => www.mayen017@gmail.com
                )

            [academic_info] => Array
                (
                    [student_id_components] => Array
                        (
                            [program_name] => B.Sc. in Computer Science and Engineering
                            [program_code] => 
                            [admission_year] => 
                            [admission_trimester] => 
                            [serial_number] => 
                        )

                    [student_id] => 011222150
                    [department] => Computer Science and Engineering
                    [faculty] => School of Science & Engineering
                    [current_status] => Active
                    [enrollment_date] => Array
                        (
                            [$date] => Array
                                (
                                    [$numberLong] => 1654812000000
                                )

                        )

                    [expected_graduation_date] => Array
                        (
                            [$date] => Array
                                (
                                    [$numberLong] => 1790632800000
                                )

                        )

                    [current_year_trimester] => 3rd Year, Summer Trimester
                    [cgpa] => 3.65
                    [current_degree_info] => Array
                        (
                            [degree_level] => Bachelor's
                            [degree_name] => B.Sc. in Computer Science and Engineering
                            [institution_name] => United International University
                            [major_field_of_study] => Data Science
                            [start_date] => Array
                                (
                                    [$date] => Array
                                        (
                                            [$numberLong] => 1654812000000
                                        )

                                )

                        )

                    [thesis_info] => 
                )

            [university_research_profile] => Array
                (
                    [research_interests] => Array
                        (
                            [0] => AI
                            [1] => Machine Learning
                            [2] => Data Science
                        )

                    [skills_expertise] => Array
                        (
                            [0] => JavaScript
                            [1] => Python
                            [2] => HTML
                            [3] => CSS
                        )

                    [university_publications] => Array
                        (
                        )

                    [university_projects] => Array
                        (
                        )

                )

            [platform_settings] => Array
                (
                    [user_role] => student
                    [account_creation_date] => Array
                        (
                            [$date] => Array
                                (
                                    [$numberLong] => 1748502587582
                                )

                        )

                    [last_updated_date] => Array
                        (
                            [$date] => Array
                                (
                                    [$numberLong] => 1748502587582
                                )

                        )

                )

        )

    [user_id] => 6833436be5c16779b409aa42
)

2025-05-30 12:56:31 - UserId extracted: 6833436be5c16779b409aa42, isLoggedIn: true
2025-05-30 12:56:31 - Filter: {"$or":[{"createdBy":"6833436be5c16779b409aa42"},{"createdBy.$oid":"6833436be5c16779b409aa42"},{"members":{"$elemMatch":{"userId":"6833436be5c16779b409aa42"}}},{"members":{"$elemMatch":{"userId.$oid":"6833436be5c16779b409aa42"}}},{"supervisor.userId.$oid":"6833436be5c16779b409aa42"},{"supervisor.userId":"6833436be5c16779b409aa42"}]}
2025-05-30 12:56:31 - Found 5 projects
2025-05-30 12:56:44 - SESSION: Array
(
    [logged_in] => 1
    [user_type] => faculty
    [user_data] => Array
        (
            [_id] => Array
                (
                    [$oid] => 6833436be5c16779b409aa42
                )

            [basic_info] => Array
                (
                    [name] => Samin yeaser khan
                    [profile_image_url] => uploads/profile_images/profile_6833436be5c16779b409aa42_1748502587.jpg
                )

            [contact_info] => Array
                (
                    [primary_email] => www.mayen017@gmail.com
                )

            [academic_info] => Array
                (
                    [student_id_components] => Array
                        (
                            [program_name] => B.Sc. in Computer Science and Engineering
                            [program_code] => 
                            [admission_year] => 
                            [admission_trimester] => 
                            [serial_number] => 
                        )

                    [student_id] => 011222150
                    [department] => Computer Science and Engineering
                    [faculty] => School of Science & Engineering
                    [current_status] => Active
                    [enrollment_date] => Array
                        (
                            [$date] => Array
                                (
                                    [$numberLong] => 1654812000000
                                )

                        )

                    [expected_graduation_date] => Array
                        (
                            [$date] => Array
                                (
                                    [$numberLong] => 1790632800000
                                )

                        )

                    [current_year_trimester] => 3rd Year, Summer Trimester
                    [cgpa] => 3.65
                    [current_degree_info] => Array
                        (
                            [degree_level] => Bachelor's
                            [degree_name] => B.Sc. in Computer Science and Engineering
                            [institution_name] => United International University
                            [major_field_of_study] => Data Science
                            [start_date] => Array
                                (
                                    [$date] => Array
                                        (
                                            [$numberLong] => 1654812000000
                                        )

                                )

                        )

                    [thesis_info] => 
                )

            [university_research_profile] => Array
                (
                    [research_interests] => Array
                        (
                            [0] => AI
                            [1] => Machine Learning
                            [2] => Data Science
                        )

                    [skills_expertise] => Array
                        (
                            [0] => JavaScript
                            [1] => Python
                            [2] => HTML
                            [3] => CSS
                        )

                    [university_publications] => Array
                        (
                        )

                    [university_projects] => Array
                        (
                        )

                )

            [platform_settings] => Array
                (
                    [user_role] => student
                    [account_creation_date] => Array
                        (
                            [$date] => Array
                                (
                                    [$numberLong] => 1748502587582
                                )

                        )

                    [last_updated_date] => Array
                        (
                            [$date] => Array
                                (
                                    [$numberLong] => 1748502587582
                                )

                        )

                )

        )

    [user_id] => 6833436be5c16779b409aa42
)

2025-05-30 12:56:44 - UserId extracted: 6833436be5c16779b409aa42, isLoggedIn: true
2025-05-30 12:56:44 - Filter: {"$or":[{"createdBy":"6833436be5c16779b409aa42"},{"createdBy.$oid":"6833436be5c16779b409aa42"},{"members":{"$elemMatch":{"userId":"6833436be5c16779b409aa42"}}},{"members":{"$elemMatch":{"userId.$oid":"6833436be5c16779b409aa42"}}},{"supervisor.userId.$oid":"6833436be5c16779b409aa42"},{"supervisor.userId":"6833436be5c16779b409aa42"}]}
2025-05-30 12:56:44 - Found 5 projects
2025-05-30 13:36:38 - SESSION: Array
(
    [logged_in] => 1
    [user_type] => faculty
    [user_data] => Array
        (
            [_id] => Array
                (
                    [$oid] => 6833436be5c16779b409aa42
                )

            [basic_info] => Array
                (
                    [name] => Samin yeaser khan
                    [profile_image_url] => uploads/profile_images/profile_6833436be5c16779b409aa42_1748502587.jpg
                )

            [contact_info] => Array
                (
                    [primary_email] => www.mayen017@gmail.com
                )

            [academic_info] => Array
                (
                    [student_id_components] => Array
                        (
                            [program_name] => B.Sc. in Computer Science and Engineering
                            [program_code] => 
                            [admission_year] => 
                            [admission_trimester] => 
                            [serial_number] => 
                        )

                    [student_id] => 011222150
                    [department] => Computer Science and Engineering
                    [faculty] => School of Science & Engineering
                    [current_status] => Active
                    [enrollment_date] => Array
                        (
                            [$date] => Array
                                (
                                    [$numberLong] => 1654812000000
                                )

                        )

                    [expected_graduation_date] => Array
                        (
                            [$date] => Array
                                (
                                    [$numberLong] => 1790632800000
                                )

                        )

                    [current_year_trimester] => 3rd Year, Summer Trimester
                    [cgpa] => 3.65
                    [current_degree_info] => Array
                        (
                            [degree_level] => Bachelor's
                            [degree_name] => B.Sc. in Computer Science and Engineering
                            [institution_name] => United International University
                            [major_field_of_study] => Data Science
                            [start_date] => Array
                                (
                                    [$date] => Array
                                        (
                                            [$numberLong] => 1654812000000
                                        )

                                )

                        )

                    [thesis_info] => 
                )

            [university_research_profile] => Array
                (
                    [research_interests] => Array
                        (
                            [0] => AI
                            [1] => Machine Learning
                            [2] => Data Science
                        )

                    [skills_expertise] => Array
                        (
                            [0] => JavaScript
                            [1] => Python
                            [2] => HTML
                            [3] => CSS
                        )

                    [university_publications] => Array
                        (
                        )

                    [university_projects] => Array
                        (
                        )

                )

            [platform_settings] => Array
                (
                    [user_role] => student
                    [account_creation_date] => Array
                        (
                            [$date] => Array
                                (
                                    [$numberLong] => 1748502587582
                                )

                        )

                    [last_updated_date] => Array
                        (
                            [$date] => Array
                                (
                                    [$numberLong] => 1748502587582
                                )

                        )

                )

        )

    [user_id] => 6833436be5c16779b409aa42
)

2025-05-30 13:36:38 - UserId extracted: 6833436be5c16779b409aa42, isLoggedIn: true
2025-05-30 13:36:38 - Filter: {"$or":[{"createdBy":"6833436be5c16779b409aa42"},{"createdBy.$oid":"6833436be5c16779b409aa42"},{"members":{"$elemMatch":{"userId":"6833436be5c16779b409aa42"}}},{"members":{"$elemMatch":{"userId.$oid":"6833436be5c16779b409aa42"}}},{"supervisor.userId.$oid":"6833436be5c16779b409aa42"},{"supervisor.userId":"6833436be5c16779b409aa42"}]}
2025-05-30 13:36:39 - Found 5 projects
2025-05-30 13:38:09 - SESSION: Array
(
    [logged_in] => 1
    [user_type] => faculty
    [user_data] => Array
        (
            [_id] => Array
                (
                    [$oid] => 6833436be5c16779b409aa42
                )

            [basic_info] => Array
                (
                    [name] => Samin yeaser khan
                    [profile_image_url] => uploads/profile_images/profile_6833436be5c16779b409aa42_1748502587.jpg
                )

            [contact_info] => Array
                (
                    [primary_email] => www.mayen017@gmail.com
                )

            [academic_info] => Array
                (
                    [student_id_components] => Array
                        (
                            [program_name] => B.Sc. in Computer Science and Engineering
                            [program_code] => 
                            [admission_year] => 
                            [admission_trimester] => 
                            [serial_number] => 
                        )

                    [student_id] => 011222150
                    [department] => Computer Science and Engineering
                    [faculty] => School of Science & Engineering
                    [current_status] => Active
                    [enrollment_date] => Array
                        (
                            [$date] => Array
                                (
                                    [$numberLong] => 1654812000000
                                )

                        )

                    [expected_graduation_date] => Array
                        (
                            [$date] => Array
                                (
                                    [$numberLong] => 1790632800000
                                )

                        )

                    [current_year_trimester] => 3rd Year, Summer Trimester
                    [cgpa] => 3.65
                    [current_degree_info] => Array
                        (
                            [degree_level] => Bachelor's
                            [degree_name] => B.Sc. in Computer Science and Engineering
                            [institution_name] => United International University
                            [major_field_of_study] => Data Science
                            [start_date] => Array
                                (
                                    [$date] => Array
                                        (
                                            [$numberLong] => 1654812000000
                                        )

                                )

                        )

                    [thesis_info] => 
                )

            [university_research_profile] => Array
                (
                    [research_interests] => Array
                        (
                            [0] => AI
                            [1] => Machine Learning
                            [2] => Data Science
                        )

                    [skills_expertise] => Array
                        (
                            [0] => JavaScript
                            [1] => Python
                            [2] => HTML
                            [3] => CSS
                        )

                    [university_publications] => Array
                        (
                        )

                    [university_projects] => Array
                        (
                        )

                )

            [platform_settings] => Array
                (
                    [user_role] => student
                    [account_creation_date] => Array
                        (
                            [$date] => Array
                                (
                                    [$numberLong] => 1748502587582
                                )

                        )

                    [last_updated_date] => Array
                        (
                            [$date] => Array
                                (
                                    [$numberLong] => 1748502587582
                                )

                        )

                )

        )

    [user_id] => 6833436be5c16779b409aa42
)

2025-05-30 13:38:09 - UserId extracted: 6833436be5c16779b409aa42, isLoggedIn: true
2025-05-30 13:38:09 - Filter: {"$or":[{"createdBy":"6833436be5c16779b409aa42"},{"createdBy.$oid":"6833436be5c16779b409aa42"},{"members":{"$elemMatch":{"userId":"6833436be5c16779b409aa42"}}},{"members":{"$elemMatch":{"userId.$oid":"6833436be5c16779b409aa42"}}},{"supervisor.userId.$oid":"6833436be5c16779b409aa42"},{"supervisor.userId":"6833436be5c16779b409aa42"}]}
2025-05-30 13:38:09 - Found 6 projects
2025-05-30 14:53:16 - SESSION: Array
(
    [logged_in] => 1
    [user_type] => faculty
    [user_data] => Array
        (
            [_id] => Array
                (
                    [$oid] => 6833436be5c16779b409aa42
                )

            [basic_info] => Array
                (
                    [name] => Samin yeaser khan
                    [profile_image_url] => uploads/profile_images/profile_6833436be5c16779b409aa42_1748502587.jpg
                )

            [contact_info] => Array
                (
                    [primary_email] => www.mayen017@gmail.com
                )

            [academic_info] => Array
                (
                    [student_id_components] => Array
                        (
                            [program_name] => B.Sc. in Computer Science and Engineering
                            [program_code] => 
                            [admission_year] => 
                            [admission_trimester] => 
                            [serial_number] => 
                        )

                    [student_id] => 011222150
                    [department] => Computer Science and Engineering
                    [faculty] => School of Science & Engineering
                    [current_status] => Active
                    [enrollment_date] => Array
                        (
                            [$date] => Array
                                (
                                    [$numberLong] => 1654812000000
                                )

                        )

                    [expected_graduation_date] => Array
                        (
                            [$date] => Array
                                (
                                    [$numberLong] => 1790632800000
                                )

                        )

                    [current_year_trimester] => 3rd Year, Summer Trimester
                    [cgpa] => 3.65
                    [current_degree_info] => Array
                        (
                            [degree_level] => Bachelor's
                            [degree_name] => B.Sc. in Computer Science and Engineering
                            [institution_name] => United International University
                            [major_field_of_study] => Data Science
                            [start_date] => Array
                                (
                                    [$date] => Array
                                        (
                                            [$numberLong] => 1654812000000
                                        )

                                )

                        )

                    [thesis_info] => 
                )

            [university_research_profile] => Array
                (
                    [research_interests] => Array
                        (
                            [0] => AI
                            [1] => Machine Learning
                            [2] => Data Science
                        )

                    [skills_expertise] => Array
                        (
                            [0] => JavaScript
                            [1] => Python
                            [2] => HTML
                            [3] => CSS
                        )

                    [university_publications] => Array
                        (
                        )

                    [university_projects] => Array
                        (
                        )

                )

            [platform_settings] => Array
                (
                    [user_role] => student
                    [account_creation_date] => Array
                        (
                            [$date] => Array
                                (
                                    [$numberLong] => 1748502587582
                                )

                        )

                    [last_updated_date] => Array
                        (
                            [$date] => Array
                                (
                                    [$numberLong] => 1748502587582
                                )

                        )

                )

        )

    [user_id] => 6833436be5c16779b409aa42
)

2025-05-30 14:53:16 - UserId extracted: 6833436be5c16779b409aa42, isLoggedIn: true
2025-05-30 14:53:16 - Filter: {"$or":[{"createdBy":"6833436be5c16779b409aa42"},{"createdBy.$oid":"6833436be5c16779b409aa42"},{"members":{"$elemMatch":{"userId":"6833436be5c16779b409aa42"}}},{"members":{"$elemMatch":{"userId.$oid":"6833436be5c16779b409aa42"}}},{"supervisor.userId.$oid":"6833436be5c16779b409aa42"},{"supervisor.userId":"6833436be5c16779b409aa42"}]}
2025-05-30 14:53:17 - Found 6 projects
2025-05-30 14:53:31 - SESSION: Array
(
    [logged_in] => 1
    [user_type] => faculty
    [user_data] => Array
        (
            [_id] => Array
                (
                    [$oid] => 6833436be5c16779b409aa42
                )

            [basic_info] => Array
                (
                    [name] => Samin yeaser khan
                    [profile_image_url] => uploads/profile_images/profile_6833436be5c16779b409aa42_1748502587.jpg
                )

            [contact_info] => Array
                (
                    [primary_email] => www.mayen017@gmail.com
                )

            [academic_info] => Array
                (
                    [student_id_components] => Array
                        (
                            [program_name] => B.Sc. in Computer Science and Engineering
                            [program_code] => 
                            [admission_year] => 
                            [admission_trimester] => 
                            [serial_number] => 
                        )

                    [student_id] => 011222150
                    [department] => Computer Science and Engineering
                    [faculty] => School of Science & Engineering
                    [current_status] => Active
                    [enrollment_date] => Array
                        (
                            [$date] => Array
                                (
                                    [$numberLong] => 1654812000000
                                )

                        )

                    [expected_graduation_date] => Array
                        (
                            [$date] => Array
                                (
                                    [$numberLong] => 1790632800000
                                )

                        )

                    [current_year_trimester] => 3rd Year, Summer Trimester
                    [cgpa] => 3.65
                    [current_degree_info] => Array
                        (
                            [degree_level] => Bachelor's
                            [degree_name] => B.Sc. in Computer Science and Engineering
                            [institution_name] => United International University
                            [major_field_of_study] => Data Science
                            [start_date] => Array
                                (
                                    [$date] => Array
                                        (
                                            [$numberLong] => 1654812000000
                                        )

                                )

                        )

                    [thesis_info] => 
                )

            [university_research_profile] => Array
                (
                    [research_interests] => Array
                        (
                            [0] => AI
                            [1] => Machine Learning
                            [2] => Data Science
                        )

                    [skills_expertise] => Array
                        (
                            [0] => JavaScript
                            [1] => Python
                            [2] => HTML
                            [3] => CSS
                        )

                    [university_publications] => Array
                        (
                        )

                    [university_projects] => Array
                        (
                        )

                )

            [platform_settings] => Array
                (
                    [user_role] => student
                    [account_creation_date] => Array
                        (
                            [$date] => Array
                                (
                                    [$numberLong] => 1748502587582
                                )

                        )

                    [last_updated_date] => Array
                        (
                            [$date] => Array
                                (
                                    [$numberLong] => 1748502587582
                                )

                        )

                )

        )

    [user_id] => 6833436be5c16779b409aa42
)

2025-05-30 14:53:31 - UserId extracted: 6833436be5c16779b409aa42, isLoggedIn: true
2025-05-30 14:53:31 - Filter: {"$or":[{"createdBy":"6833436be5c16779b409aa42"},{"createdBy.$oid":"6833436be5c16779b409aa42"},{"members":{"$elemMatch":{"userId":"6833436be5c16779b409aa42"}}},{"members":{"$elemMatch":{"userId.$oid":"6833436be5c16779b409aa42"}}},{"supervisor.userId.$oid":"6833436be5c16779b409aa42"},{"supervisor.userId":"6833436be5c16779b409aa42"}]}
2025-05-30 14:53:31 - Found 6 projects
2025-05-30 14:54:46 - SESSION: Array
(
    [logged_in] => 1
    [user_type] => faculty
    [user_data] => Array
        (
            [_id] => Array
                (
                    [$oid] => 6833436be5c16779b409aa42
                )

            [basic_info] => Array
                (
                    [name] => Samin yeaser khan
                    [profile_image_url] => uploads/profile_images/profile_6833436be5c16779b409aa42_1748502587.jpg
                )

            [contact_info] => Array
                (
                    [primary_email] => www.mayen017@gmail.com
                )

            [academic_info] => Array
                (
                    [student_id_components] => Array
                        (
                            [program_name] => B.Sc. in Computer Science and Engineering
                            [program_code] => 
                            [admission_year] => 
                            [admission_trimester] => 
                            [serial_number] => 
                        )

                    [student_id] => 011222150
                    [department] => Computer Science and Engineering
                    [faculty] => School of Science & Engineering
                    [current_status] => Active
                    [enrollment_date] => Array
                        (
                            [$date] => Array
                                (
                                    [$numberLong] => 1654812000000
                                )

                        )

                    [expected_graduation_date] => Array
                        (
                            [$date] => Array
                                (
                                    [$numberLong] => 1790632800000
                                )

                        )

                    [current_year_trimester] => 3rd Year, Summer Trimester
                    [cgpa] => 3.65
                    [current_degree_info] => Array
                        (
                            [degree_level] => Bachelor's
                            [degree_name] => B.Sc. in Computer Science and Engineering
                            [institution_name] => United International University
                            [major_field_of_study] => Data Science
                            [start_date] => Array
                                (
                                    [$date] => Array
                                        (
                                            [$numberLong] => 1654812000000
                                        )

                                )

                        )

                    [thesis_info] => 
                )

            [university_research_profile] => Array
                (
                    [research_interests] => Array
                        (
                            [0] => AI
                            [1] => Machine Learning
                            [2] => Data Science
                        )

                    [skills_expertise] => Array
                        (
                            [0] => JavaScript
                            [1] => Python
                            [2] => HTML
                            [3] => CSS
                        )

                    [university_publications] => Array
                        (
                        )

                    [university_projects] => Array
                        (
                        )

                )

            [platform_settings] => Array
                (
                    [user_role] => student
                    [account_creation_date] => Array
                        (
                            [$date] => Array
                                (
                                    [$numberLong] => 1748502587582
                                )

                        )

                    [last_updated_date] => Array
                        (
                            [$date] => Array
                                (
                                    [$numberLong] => 1748502587582
                                )

                        )

                )

        )

    [user_id] => 6833436be5c16779b409aa42
)

2025-05-30 14:54:46 - UserId extracted: 6833436be5c16779b409aa42, isLoggedIn: true
2025-05-30 14:54:46 - Filter: {"$or":[{"createdBy":"6833436be5c16779b409aa42"},{"createdBy.$oid":"6833436be5c16779b409aa42"},{"members":{"$elemMatch":{"userId":"6833436be5c16779b409aa42"}}},{"members":{"$elemMatch":{"userId.$oid":"6833436be5c16779b409aa42"}}},{"supervisor.userId.$oid":"6833436be5c16779b409aa42"},{"supervisor.userId":"6833436be5c16779b409aa42"}]}
2025-05-30 14:54:46 - Found 6 projects
2025-05-30 14:55:03 - SESSION: Array
(
    [logged_in] => 1
    [user_type] => faculty
    [user_data] => Array
        (
            [_id] => Array
                (
                    [$oid] => 6833436be5c16779b409aa42
                )

            [basic_info] => Array
                (
                    [name] => Samin yeaser khan
                    [profile_image_url] => uploads/profile_images/profile_6833436be5c16779b409aa42_1748502587.jpg
                )

            [contact_info] => Array
                (
                    [primary_email] => www.mayen017@gmail.com
                )

            [academic_info] => Array
                (
                    [student_id_components] => Array
                        (
                            [program_name] => B.Sc. in Computer Science and Engineering
                            [program_code] => 
                            [admission_year] => 
                            [admission_trimester] => 
                            [serial_number] => 
                        )

                    [student_id] => 011222150
                    [department] => Computer Science and Engineering
                    [faculty] => School of Science & Engineering
                    [current_status] => Active
                    [enrollment_date] => Array
                        (
                            [$date] => Array
                                (
                                    [$numberLong] => 1654812000000
                                )

                        )

                    [expected_graduation_date] => Array
                        (
                            [$date] => Array
                                (
                                    [$numberLong] => 1790632800000
                                )

                        )

                    [current_year_trimester] => 3rd Year, Summer Trimester
                    [cgpa] => 3.65
                    [current_degree_info] => Array
                        (
                            [degree_level] => Bachelor's
                            [degree_name] => B.Sc. in Computer Science and Engineering
                            [institution_name] => United International University
                            [major_field_of_study] => Data Science
                            [start_date] => Array
                                (
                                    [$date] => Array
                                        (
                                            [$numberLong] => 1654812000000
                                        )

                                )

                        )

                    [thesis_info] => 
                )

            [university_research_profile] => Array
                (
                    [research_interests] => Array
                        (
                            [0] => AI
                            [1] => Machine Learning
                            [2] => Data Science
                        )

                    [skills_expertise] => Array
                        (
                            [0] => JavaScript
                            [1] => Python
                            [2] => HTML
                            [3] => CSS
                        )

                    [university_publications] => Array
                        (
                        )

                    [university_projects] => Array
                        (
                        )

                )

            [platform_settings] => Array
                (
                    [user_role] => student
                    [account_creation_date] => Array
                        (
                            [$date] => Array
                                (
                                    [$numberLong] => 1748502587582
                                )

                        )

                    [last_updated_date] => Array
                        (
                            [$date] => Array
                                (
                                    [$numberLong] => 1748502587582
                                )

                        )

                )

        )

    [user_id] => 6833436be5c16779b409aa42
)

2025-05-30 14:55:03 - UserId extracted: 6833436be5c16779b409aa42, isLoggedIn: true
2025-05-30 14:55:03 - Filter: {"$or":[{"createdBy":"6833436be5c16779b409aa42"},{"createdBy.$oid":"6833436be5c16779b409aa42"},{"members":{"$elemMatch":{"userId":"6833436be5c16779b409aa42"}}},{"members":{"$elemMatch":{"userId.$oid":"6833436be5c16779b409aa42"}}},{"supervisor.userId.$oid":"6833436be5c16779b409aa42"},{"supervisor.userId":"6833436be5c16779b409aa42"}]}
2025-05-30 14:55:03 - Found 6 projects
2025-05-30 15:36:25 - SESSION: Array
(
    [logged_in] => 1
    [user_type] => faculty
    [user_data] => Array
        (
            [_id] => Array
                (
                    [$oid] => 6833436be5c16779b409aa42
                )

            [basic_info] => Array
                (
                    [name] => Samin yeaser khan
                    [profile_image_url] => uploads/profile_images/profile_6833436be5c16779b409aa42_1748502587.jpg
                )

            [contact_info] => Array
                (
                    [primary_email] => www.mayen017@gmail.com
                )

            [academic_info] => Array
                (
                    [student_id_components] => Array
                        (
                            [program_name] => B.Sc. in Computer Science and Engineering
                            [program_code] => 
                            [admission_year] => 
                            [admission_trimester] => 
                            [serial_number] => 
                        )

                    [student_id] => 011222150
                    [department] => Computer Science and Engineering
                    [faculty] => School of Science & Engineering
                    [current_status] => Active
                    [enrollment_date] => Array
                        (
                            [$date] => Array
                                (
                                    [$numberLong] => 1654812000000
                                )

                        )

                    [expected_graduation_date] => Array
                        (
                            [$date] => Array
                                (
                                    [$numberLong] => 1790632800000
                                )

                        )

                    [current_year_trimester] => 3rd Year, Summer Trimester
                    [cgpa] => 3.65
                    [current_degree_info] => Array
                        (
                            [degree_level] => Bachelor's
                            [degree_name] => B.Sc. in Computer Science and Engineering
                            [institution_name] => United International University
                            [major_field_of_study] => Data Science
                            [start_date] => Array
                                (
                                    [$date] => Array
                                        (
                                            [$numberLong] => 1654812000000
                                        )

                                )

                        )

                    [thesis_info] => 
                )

            [university_research_profile] => Array
                (
                    [research_interests] => Array
                        (
                            [0] => AI
                            [1] => Machine Learning
                            [2] => Data Science
                        )

                    [skills_expertise] => Array
                        (
                            [0] => JavaScript
                            [1] => Python
                            [2] => HTML
                            [3] => CSS
                        )

                    [university_publications] => Array
                        (
                        )

                    [university_projects] => Array
                        (
                        )

                )

            [platform_settings] => Array
                (
                    [user_role] => student
                    [account_creation_date] => Array
                        (
                            [$date] => Array
                                (
                                    [$numberLong] => 1748502587582
                                )

                        )

                    [last_updated_date] => Array
                        (
                            [$date] => Array
                                (
                                    [$numberLong] => 1748502587582
                                )

                        )

                )

        )

    [user_id] => 6833436be5c16779b409aa42
)

2025-05-30 15:36:25 - UserId extracted: 6833436be5c16779b409aa42, isLoggedIn: true
2025-05-30 15:36:25 - Filter: {"$or":[{"createdBy":"6833436be5c16779b409aa42"},{"createdBy.$oid":"6833436be5c16779b409aa42"},{"members":{"$elemMatch":{"userId":"6833436be5c16779b409aa42"}}},{"members":{"$elemMatch":{"userId.$oid":"6833436be5c16779b409aa42"}}},{"supervisor.userId.$oid":"6833436be5c16779b409aa42"},{"supervisor.userId":"6833436be5c16779b409aa42"}]}
2025-05-30 15:36:26 - Found 6 projects
2025-05-30 15:59:34 - SESSION: Array
(
    [logged_in] => 1
    [user_type] => faculty
    [user_data] => Array
        (
            [_id] => Array
                (
                    [$oid] => 6833436be5c16779b409aa42
                )

            [basic_info] => Array
                (
                    [name] => Samin yeaser khan
                    [profile_image_url] => uploads/profile_images/profile_6833436be5c16779b409aa42_1748502587.jpg
                )

            [contact_info] => Array
                (
                    [primary_email] => www.mayen017@gmail.com
                )

            [academic_info] => Array
                (
                    [student_id_components] => Array
                        (
                            [program_name] => B.Sc. in Computer Science and Engineering
                            [program_code] => 
                            [admission_year] => 
                            [admission_trimester] => 
                            [serial_number] => 
                        )

                    [student_id] => 011222150
                    [department] => Computer Science and Engineering
                    [faculty] => School of Science & Engineering
                    [current_status] => Active
                    [enrollment_date] => Array
                        (
                            [$date] => Array
                                (
                                    [$numberLong] => 1654812000000
                                )

                        )

                    [expected_graduation_date] => Array
                        (
                            [$date] => Array
                                (
                                    [$numberLong] => 1790632800000
                                )

                        )

                    [current_year_trimester] => 3rd Year, Summer Trimester
                    [cgpa] => 3.65
                    [current_degree_info] => Array
                        (
                            [degree_level] => Bachelor's
                            [degree_name] => B.Sc. in Computer Science and Engineering
                            [institution_name] => United International University
                            [major_field_of_study] => Data Science
                            [start_date] => Array
                                (
                                    [$date] => Array
                                        (
                                            [$numberLong] => 1654812000000
                                        )

                                )

                        )

                    [thesis_info] => 
                )

            [university_research_profile] => Array
                (
                    [research_interests] => Array
                        (
                            [0] => AI
                            [1] => Machine Learning
                            [2] => Data Science
                        )

                    [skills_expertise] => Array
                        (
                            [0] => JavaScript
                            [1] => Python
                            [2] => HTML
                            [3] => CSS
                        )

                    [university_publications] => Array
                        (
                        )

                    [university_projects] => Array
                        (
                        )

                )

            [platform_settings] => Array
                (
                    [user_role] => student
                    [account_creation_date] => Array
                        (
                            [$date] => Array
                                (
                                    [$numberLong] => 1748502587582
                                )

                        )

                    [last_updated_date] => Array
                        (
                            [$date] => Array
                                (
                                    [$numberLong] => 1748502587582
                                )

                        )

                )

        )

    [user_id] => 6833436be5c16779b409aa42
)

2025-05-30 15:59:34 - UserId extracted: 6833436be5c16779b409aa42, isLoggedIn: true
2025-05-30 15:59:34 - Filter: {"$or":[{"createdBy":"6833436be5c16779b409aa42"},{"createdBy.$oid":"6833436be5c16779b409aa42"},{"members":{"$elemMatch":{"userId":"6833436be5c16779b409aa42"}}},{"members":{"$elemMatch":{"userId.$oid":"6833436be5c16779b409aa42"}}},{"supervisor.userId.$oid":"6833436be5c16779b409aa42"},{"supervisor.userId":"6833436be5c16779b409aa42"}]}
2025-05-30 15:59:34 - Found 6 projects
2025-05-31 08:49:41 - SESSION: Array
(
    [logged_in] => 1
    [user_type] => faculty
    [user_data] => Array
        (
            [_id] => Array
                (
                    [$oid] => 6833436be5c16779b409aa42
                )

            [basic_info] => Array
                (
                    [name] => Samin yeaser khan
                    [profile_image_url] => uploads/profile_images/profile_6833436be5c16779b409aa42_1748502587.jpg
                )

            [contact_info] => Array
                (
                    [primary_email] => www.mayen017@gmail.com
                )

            [academic_info] => Array
                (
                    [student_id_components] => Array
                        (
                            [program_name] => B.Sc. in Computer Science and Engineering
                            [program_code] => 
                            [admission_year] => 
                            [admission_trimester] => 
                            [serial_number] => 
                        )

                    [student_id] => 011222150
                    [department] => Computer Science and Engineering
                    [faculty] => School of Science & Engineering
                    [current_status] => Active
                    [enrollment_date] => Array
                        (
                            [$date] => Array
                                (
                                    [$numberLong] => 1654812000000
                                )

                        )

                    [expected_graduation_date] => Array
                        (
                            [$date] => Array
                                (
                                    [$numberLong] => 1790632800000
                                )

                        )

                    [current_year_trimester] => 3rd Year, Summer Trimester
                    [cgpa] => 3.65
                    [current_degree_info] => Array
                        (
                            [degree_level] => Bachelor's
                            [degree_name] => B.Sc. in Computer Science and Engineering
                            [institution_name] => United International University
                            [major_field_of_study] => Data Science
                            [start_date] => Array
                                (
                                    [$date] => Array
                                        (
                                            [$numberLong] => 1654812000000
                                        )

                                )

                        )

                    [thesis_info] => 
                )

            [university_research_profile] => Array
                (
                    [research_interests] => Array
                        (
                            [0] => AI
                            [1] => Machine Learning
                            [2] => Data Science
                        )

                    [skills_expertise] => Array
                        (
                            [0] => JavaScript
                            [1] => Python
                            [2] => HTML
                            [3] => CSS
                        )

                    [university_publications] => Array
                        (
                        )

                    [university_projects] => Array
                        (
                        )

                )

            [platform_settings] => Array
                (
                    [user_role] => student
                    [account_creation_date] => Array
                        (
                            [$date] => Array
                                (
                                    [$numberLong] => 1748502587582
                                )

                        )

                    [last_updated_date] => Array
                        (
                            [$date] => Array
                                (
                                    [$numberLong] => 1748502587582
                                )

                        )

                )

        )

    [user_id] => 6833436be5c16779b409aa42
)

2025-05-31 08:49:41 - UserId extracted: 6833436be5c16779b409aa42, isLoggedIn: true
2025-05-31 08:49:41 - Filter: {"$or":[{"createdBy":"6833436be5c16779b409aa42"},{"createdBy.$oid":"6833436be5c16779b409aa42"},{"members":{"$elemMatch":{"userId":"6833436be5c16779b409aa42"}}},{"members":{"$elemMatch":{"userId.$oid":"6833436be5c16779b409aa42"}}},{"supervisor.userId.$oid":"6833436be5c16779b409aa42"},{"supervisor.userId":"6833436be5c16779b409aa42"}]}
2025-05-31 08:49:42 - Found 6 projects
2025-05-31 08:54:31 - SESSION: Array
(
    [logged_in] => 1
    [user_type] => faculty
    [user_data] => Array
        (
            [_id] => Array
                (
                    [$oid] => 6833436be5c16779b409aa42
                )

            [basic_info] => Array
                (
                    [name] => Samin yeaser khan
                    [profile_image_url] => uploads/profile_images/profile_6833436be5c16779b409aa42_1748502587.jpg
                )

            [contact_info] => Array
                (
                    [primary_email] => www.mayen017@gmail.com
                )

            [academic_info] => Array
                (
                    [student_id_components] => Array
                        (
                            [program_name] => B.Sc. in Computer Science and Engineering
                            [program_code] => 
                            [admission_year] => 
                            [admission_trimester] => 
                            [serial_number] => 
                        )

                    [student_id] => 011222150
                    [department] => Computer Science and Engineering
                    [faculty] => School of Science & Engineering
                    [current_status] => Active
                    [enrollment_date] => Array
                        (
                            [$date] => Array
                                (
                                    [$numberLong] => 1654812000000
                                )

                        )

                    [expected_graduation_date] => Array
                        (
                            [$date] => Array
                                (
                                    [$numberLong] => 1790632800000
                                )

                        )

                    [current_year_trimester] => 3rd Year, Summer Trimester
                    [cgpa] => 3.65
                    [current_degree_info] => Array
                        (
                            [degree_level] => Bachelor's
                            [degree_name] => B.Sc. in Computer Science and Engineering
                            [institution_name] => United International University
                            [major_field_of_study] => Data Science
                            [start_date] => Array
                                (
                                    [$date] => Array
                                        (
                                            [$numberLong] => 1654812000000
                                        )

                                )

                        )

                    [thesis_info] => 
                )

            [university_research_profile] => Array
                (
                    [research_interests] => Array
                        (
                            [0] => AI
                            [1] => Machine Learning
                            [2] => Data Science
                        )

                    [skills_expertise] => Array
                        (
                            [0] => JavaScript
                            [1] => Python
                            [2] => HTML
                            [3] => CSS
                        )

                    [university_publications] => Array
                        (
                        )

                    [university_projects] => Array
                        (
                        )

                )

            [platform_settings] => Array
                (
                    [user_role] => student
                    [account_creation_date] => Array
                        (
                            [$date] => Array
                                (
                                    [$numberLong] => 1748502587582
                                )

                        )

                    [last_updated_date] => Array
                        (
                            [$date] => Array
                                (
                                    [$numberLong] => 1748502587582
                                )

                        )

                )

        )

    [user_id] => 6833436be5c16779b409aa42
)

2025-05-31 08:54:31 - UserId extracted: 6833436be5c16779b409aa42, isLoggedIn: true
2025-05-31 08:54:31 - Filter: {"$or":[{"createdBy":"6833436be5c16779b409aa42"},{"createdBy.$oid":"6833436be5c16779b409aa42"},{"members":{"$elemMatch":{"userId":"6833436be5c16779b409aa42"}}},{"members":{"$elemMatch":{"userId.$oid":"6833436be5c16779b409aa42"}}},{"supervisor.userId.$oid":"6833436be5c16779b409aa42"},{"supervisor.userId":"6833436be5c16779b409aa42"}]}
2025-05-31 08:54:31 - Found 6 projects
2025-05-31 15:11:43 - SESSION: Array
(
    [logged_in] => 1
    [user_type] => faculty
    [user_data] => Array
        (
            [_id] => Array
                (
                    [$oid] => 6833436be5c16779b409aa42
                )

            [basic_info] => Array
                (
                    [name] => Samin yeaser khan
                    [profile_image_url] => uploads/profile_images/profile_6833436be5c16779b409aa42_1748502587.jpg
                )

            [contact_info] => Array
                (
                    [primary_email] => www.mayen017@gmail.com
                )

            [academic_info] => Array
                (
                    [student_id_components] => Array
                        (
                            [program_name] => B.Sc. in Computer Science and Engineering
                            [program_code] => 
                            [admission_year] => 
                            [admission_trimester] => 
                            [serial_number] => 
                        )

                    [student_id] => 011222150
                    [department] => Computer Science and Engineering
                    [faculty] => School of Science & Engineering
                    [current_status] => Active
                    [enrollment_date] => Array
                        (
                            [$date] => Array
                                (
                                    [$numberLong] => 1654812000000
                                )

                        )

                    [expected_graduation_date] => Array
                        (
                            [$date] => Array
                                (
                                    [$numberLong] => 1790632800000
                                )

                        )

                    [current_year_trimester] => 3rd Year, Summer Trimester
                    [cgpa] => 3.65
                    [current_degree_info] => Array
                        (
                            [degree_level] => Bachelor's
                            [degree_name] => B.Sc. in Computer Science and Engineering
                            [institution_name] => United International University
                            [major_field_of_study] => Data Science
                            [start_date] => Array
                                (
                                    [$date] => Array
                                        (
                                            [$numberLong] => 1654812000000
                                        )

                                )

                        )

                    [thesis_info] => 
                )

            [university_research_profile] => Array
                (
                    [research_interests] => Array
                        (
                            [0] => AI
                            [1] => Machine Learning
                            [2] => Data Science
                        )

                    [skills_expertise] => Array
                        (
                            [0] => JavaScript
                            [1] => Python
                            [2] => HTML
                            [3] => CSS
                        )

                    [university_publications] => Array
                        (
                        )

                    [university_projects] => Array
                        (
                        )

                )

            [platform_settings] => Array
                (
                    [user_role] => student
                    [account_creation_date] => Array
                        (
                            [$date] => Array
                                (
                                    [$numberLong] => 1748502587582
                                )

                        )

                    [last_updated_date] => Array
                        (
                            [$date] => Array
                                (
                                    [$numberLong] => 1748674544198
                                )

                        )

                )

            [learning_resources] => Array
                (
                    [0] => Array
                        (
                            [title] => test
                            [url] => https://www.youtube.com
                            [category] => Data Science
                            [type] => Video
                            [description] => 
                        )

                    [1] => Array
                        (
                            [title] => test 2
                            [url] => https://www.youtube.com
                            [category] => Research Methods
                            [type] => Course
                            [description] => 
                        )

                )

        )

    [user_id] => 6833436be5c16779b409aa42
)

2025-05-31 15:11:43 - UserId extracted: 6833436be5c16779b409aa42, isLoggedIn: true
2025-05-31 15:11:43 - Filter: {"$or":[{"createdBy":"6833436be5c16779b409aa42"},{"createdBy.$oid":"6833436be5c16779b409aa42"},{"members":{"$elemMatch":{"userId":"6833436be5c16779b409aa42"}}},{"members":{"$elemMatch":{"userId.$oid":"6833436be5c16779b409aa42"}}},{"supervisor.userId.$oid":"6833436be5c16779b409aa42"},{"supervisor.userId":"6833436be5c16779b409aa42"}]}
2025-05-31 15:11:44 - Found 6 projects
2025-05-31 19:27:42 - SESSION: Array
(
    [logged_in] => 1
    [user_type] => faculty
    [user_data] => Array
        (
            [_id] => Array
                (
                    [$oid] => 6833436be5c16779b409aa42
                )

            [basic_info] => Array
                (
                    [name] => Samin yeaser khan
                    [profile_image_url] => uploads/profile_images/profile_6833436be5c16779b409aa42_1748502587.jpg
                )

            [contact_info] => Array
                (
                    [primary_email] => www.mayen017@gmail.com
                )

            [academic_info] => Array
                (
                    [student_id_components] => Array
                        (
                            [program_name] => B.Sc. in Computer Science and Engineering
                            [program_code] => 
                            [admission_year] => 
                            [admission_trimester] => 
                            [serial_number] => 
                        )

                    [student_id] => 011222150
                    [department] => Computer Science and Engineering
                    [faculty] => School of Science & Engineering
                    [current_status] => Active
                    [enrollment_date] => Array
                        (
                            [$date] => Array
                                (
                                    [$numberLong] => 1654812000000
                                )

                        )

                    [expected_graduation_date] => Array
                        (
                            [$date] => Array
                                (
                                    [$numberLong] => 1790632800000
                                )

                        )

                    [current_year_trimester] => 3rd Year, Summer Trimester
                    [cgpa] => 3.65
                    [current_degree_info] => Array
                        (
                            [degree_level] => Bachelor's
                            [degree_name] => B.Sc. in Computer Science and Engineering
                            [institution_name] => United International University
                            [major_field_of_study] => Data Science
                            [start_date] => Array
                                (
                                    [$date] => Array
                                        (
                                            [$numberLong] => 1654812000000
                                        )

                                )

                        )

                    [thesis_info] => 
                )

            [university_research_profile] => Array
                (
                    [research_interests] => Array
                        (
                            [0] => AI
                            [1] => Machine Learning
                            [2] => Data Science
                        )

                    [skills_expertise] => Array
                        (
                            [0] => JavaScript
                            [1] => Python
                            [2] => HTML
                            [3] => CSS
                        )

                    [university_publications] => Array
                        (
                        )

                    [university_projects] => Array
                        (
                        )

                )

            [platform_settings] => Array
                (
                    [user_role] => student
                    [account_creation_date] => Array
                        (
                            [$date] => Array
                                (
                                    [$numberLong] => 1748502587582
                                )

                        )

                    [last_updated_date] => Array
                        (
                            [$date] => Array
                                (
                                    [$numberLong] => 1748674544198
                                )

                        )

                )

            [learning_resources] => Array
                (
                    [0] => Array
                        (
                            [title] => test
                            [url] => https://www.youtube.com
                            [category] => Data Science
                            [type] => Video
                            [description] => 
                        )

                    [1] => Array
                        (
                            [title] => test 2
                            [url] => https://www.youtube.com
                            [category] => Research Methods
                            [type] => Course
                            [description] => 
                        )

                )

        )

    [user_id] => 6833436be5c16779b409aa42
)

2025-05-31 19:27:42 - UserId extracted: 6833436be5c16779b409aa42, isLoggedIn: true
2025-05-31 19:27:42 - Filter: {"$or":[{"createdBy":"6833436be5c16779b409aa42"},{"createdBy.$oid":"6833436be5c16779b409aa42"},{"members":{"$elemMatch":{"userId":"6833436be5c16779b409aa42"}}},{"members":{"$elemMatch":{"userId.$oid":"6833436be5c16779b409aa42"}}},{"supervisor.userId.$oid":"6833436be5c16779b409aa42"},{"supervisor.userId":"6833436be5c16779b409aa42"}]}
2025-05-31 19:27:42 - Found 6 projects
2025-05-31 20:25:01 - SESSION: Array
(
    [logged_in] => 1
    [user_type] => faculty
    [user_data] => Array
        (
            [_id] => Array
                (
                    [$oid] => 6833436be5c16779b409aa42
                )

            [basic_info] => Array
                (
                    [name] => Samin yeaser khan
                    [profile_image_url] => uploads/profile_images/profile_6833436be5c16779b409aa42_1748502587.jpg
                )

            [contact_info] => Array
                (
                    [primary_email] => www.mayen017@gmail.com
                )

            [academic_info] => Array
                (
                    [student_id_components] => Array
                        (
                            [program_name] => B.Sc. in Computer Science and Engineering
                            [program_code] => 
                            [admission_year] => 
                            [admission_trimester] => 
                            [serial_number] => 
                        )

                    [student_id] => 011222150
                    [department] => Computer Science and Engineering
                    [faculty] => School of Science & Engineering
                    [current_status] => Active
                    [enrollment_date] => Array
                        (
                            [$date] => Array
                                (
                                    [$numberLong] => 1654812000000
                                )

                        )

                    [expected_graduation_date] => Array
                        (
                            [$date] => Array
                                (
                                    [$numberLong] => 1790632800000
                                )

                        )

                    [current_year_trimester] => 3rd Year, Summer Trimester
                    [cgpa] => 3.65
                    [current_degree_info] => Array
                        (
                            [degree_level] => Bachelor's
                            [degree_name] => B.Sc. in Computer Science and Engineering
                            [institution_name] => United International University
                            [major_field_of_study] => Data Science
                            [start_date] => Array
                                (
                                    [$date] => Array
                                        (
                                            [$numberLong] => 1654812000000
                                        )

                                )

                        )

                    [thesis_info] => 
                )

            [university_research_profile] => Array
                (
                    [research_interests] => Array
                        (
                            [0] => AI
                            [1] => Machine Learning
                            [2] => Data Science
                        )

                    [skills_expertise] => Array
                        (
                            [0] => JavaScript
                            [1] => Python
                            [2] => HTML
                            [3] => CSS
                        )

                    [university_publications] => Array
                        (
                        )

                    [university_projects] => Array
                        (
                        )

                )

            [platform_settings] => Array
                (
                    [user_role] => student
                    [account_creation_date] => Array
                        (
                            [$date] => Array
                                (
                                    [$numberLong] => 1748502587582
                                )

                        )

                    [last_updated_date] => Array
                        (
                            [$date] => Array
                                (
                                    [$numberLong] => 1748674544198
                                )

                        )

                )

            [learning_resources] => Array
                (
                    [0] => Array
                        (
                            [title] => test
                            [url] => https://www.youtube.com
                            [category] => Data Science
                            [type] => Video
                            [description] => 
                        )

                    [1] => Array
                        (
                            [title] => test 2
                            [url] => https://www.youtube.com
                            [category] => Research Methods
                            [type] => Course
                            [description] => 
                        )

                )

        )

    [user_id] => 6833436be5c16779b409aa42
)

2025-05-31 20:25:01 - UserId extracted: 6833436be5c16779b409aa42, isLoggedIn: true
2025-05-31 20:25:01 - Filter: {"$or":[{"createdBy":"6833436be5c16779b409aa42"},{"createdBy.$oid":"6833436be5c16779b409aa42"},{"members":{"$elemMatch":{"userId":"6833436be5c16779b409aa42"}}},{"members":{"$elemMatch":{"userId.$oid":"6833436be5c16779b409aa42"}}},{"supervisor.userId.$oid":"6833436be5c16779b409aa42"},{"supervisor.userId":"6833436be5c16779b409aa42"}]}
2025-05-31 20:25:01 - Found 6 projects
2025-05-31 20:45:11 - SESSION: Array
(
    [logged_in] => 1
    [user_type] => faculty
    [user_data] => Array
        (
            [_id] => Array
                (
                    [$oid] => 6833436be5c16779b409aa42
                )

            [basic_info] => Array
                (
                    [name] => Samin yeaser khan
                    [profile_image_url] => uploads/profile_images/profile_6833436be5c16779b409aa42_1748502587.jpg
                )

            [contact_info] => Array
                (
                    [primary_email] => www.mayen017@gmail.com
                )

            [academic_info] => Array
                (
                    [student_id_components] => Array
                        (
                            [program_name] => B.Sc. in Computer Science and Engineering
                            [program_code] => 
                            [admission_year] => 
                            [admission_trimester] => 
                            [serial_number] => 
                        )

                    [student_id] => 011222150
                    [department] => Computer Science and Engineering
                    [faculty] => School of Science & Engineering
                    [current_status] => Active
                    [enrollment_date] => Array
                        (
                            [$date] => Array
                                (
                                    [$numberLong] => 1654812000000
                                )

                        )

                    [expected_graduation_date] => Array
                        (
                            [$date] => Array
                                (
                                    [$numberLong] => 1790632800000
                                )

                        )

                    [current_year_trimester] => 3rd Year, Summer Trimester
                    [cgpa] => 3.65
                    [current_degree_info] => Array
                        (
                            [degree_level] => Bachelor's
                            [degree_name] => B.Sc. in Computer Science and Engineering
                            [institution_name] => United International University
                            [major_field_of_study] => Data Science
                            [start_date] => Array
                                (
                                    [$date] => Array
                                        (
                                            [$numberLong] => 1654812000000
                                        )

                                )

                        )

                    [thesis_info] => 
                )

            [university_research_profile] => Array
                (
                    [research_interests] => Array
                        (
                            [0] => AI
                            [1] => Machine Learning
                            [2] => Data Science
                        )

                    [skills_expertise] => Array
                        (
                            [0] => JavaScript
                            [1] => Python
                            [2] => HTML
                            [3] => CSS
                        )

                    [university_publications] => Array
                        (
                        )

                    [university_projects] => Array
                        (
                        )

                )

            [platform_settings] => Array
                (
                    [user_role] => student
                    [account_creation_date] => Array
                        (
                            [$date] => Array
                                (
                                    [$numberLong] => 1748502587582
                                )

                        )

                    [last_updated_date] => Array
                        (
                            [$date] => Array
                                (
                                    [$numberLong] => 1748674544198
                                )

                        )

                )

            [learning_resources] => Array
                (
                    [0] => Array
                        (
                            [title] => test
                            [url] => https://www.youtube.com
                            [category] => Data Science
                            [type] => Video
                            [description] => 
                        )

                    [1] => Array
                        (
                            [title] => test 2
                            [url] => https://www.youtube.com
                            [category] => Research Methods
                            [type] => Course
                            [description] => 
                        )

                )

        )

    [user_id] => 6833436be5c16779b409aa42
)

2025-05-31 20:45:11 - UserId extracted: 6833436be5c16779b409aa42, isLoggedIn: true
2025-05-31 20:45:11 - Filter: {"$or":[{"createdBy":"6833436be5c16779b409aa42"},{"createdBy.$oid":"6833436be5c16779b409aa42"},{"members":{"$elemMatch":{"userId":"6833436be5c16779b409aa42"}}},{"members":{"$elemMatch":{"userId.$oid":"6833436be5c16779b409aa42"}}},{"supervisor.userId.$oid":"6833436be5c16779b409aa42"},{"supervisor.userId":"6833436be5c16779b409aa42"}]}
2025-05-31 20:45:11 - Found 6 projects
2025-05-31 21:39:08 - SESSION: Array
(
    [logged_in] => 1
    [user_type] => faculty
    [user_data] => Array
        (
            [_id] => Array
                (
                    [$oid] => 6833436be5c16779b409aa42
                )

            [basic_info] => Array
                (
                    [name] => Samin yeaser khan
                    [profile_image_url] => uploads/profile_images/profile_6833436be5c16779b409aa42_1748502587.jpg
                )

            [contact_info] => Array
                (
                    [primary_email] => www.mayen017@gmail.com
                )

            [academic_info] => Array
                (
                    [student_id_components] => Array
                        (
                            [program_name] => B.Sc. in Computer Science and Engineering
                            [program_code] => 
                            [admission_year] => 
                            [admission_trimester] => 
                            [serial_number] => 
                        )

                    [student_id] => 011222150
                    [department] => Computer Science and Engineering
                    [faculty] => School of Science & Engineering
                    [current_status] => Active
                    [enrollment_date] => Array
                        (
                            [$date] => Array
                                (
                                    [$numberLong] => 1654812000000
                                )

                        )

                    [expected_graduation_date] => Array
                        (
                            [$date] => Array
                                (
                                    [$numberLong] => 1790632800000
                                )

                        )

                    [current_year_trimester] => 3rd Year, Summer Trimester
                    [cgpa] => 3.65
                    [current_degree_info] => Array
                        (
                            [degree_level] => Bachelor's
                            [degree_name] => B.Sc. in Computer Science and Engineering
                            [institution_name] => United International University
                            [major_field_of_study] => Data Science
                            [start_date] => Array
                                (
                                    [$date] => Array
                                        (
                                            [$numberLong] => 1654812000000
                                        )

                                )

                        )

                    [thesis_info] => 
                )

            [university_research_profile] => Array
                (
                    [research_interests] => Array
                        (
                            [0] => AI
                            [1] => Machine Learning
                            [2] => Data Science
                        )

                    [skills_expertise] => Array
                        (
                            [0] => JavaScript
                            [1] => Python
                            [2] => HTML
                            [3] => CSS
                        )

                    [university_publications] => Array
                        (
                        )

                    [university_projects] => Array
                        (
                        )

                )

            [platform_settings] => Array
                (
                    [user_role] => student
                    [account_creation_date] => Array
                        (
                            [$date] => Array
                                (
                                    [$numberLong] => 1748502587582
                                )

                        )

                    [last_updated_date] => Array
                        (
                            [$date] => Array
                                (
                                    [$numberLong] => 1748674544198
                                )

                        )

                )

            [learning_resources] => Array
                (
                    [0] => Array
                        (
                            [title] => test
                            [url] => https://www.youtube.com
                            [category] => Data Science
                            [type] => Video
                            [description] => 
                        )

                    [1] => Array
                        (
                            [title] => test 2
                            [url] => https://www.youtube.com
                            [category] => Research Methods
                            [type] => Course
                            [description] => 
                        )

                )

        )

    [user_id] => 6833436be5c16779b409aa42
)

2025-05-31 21:39:08 - UserId extracted: 6833436be5c16779b409aa42, isLoggedIn: true
2025-05-31 21:39:08 - Filter: {"$or":[{"createdBy":"6833436be5c16779b409aa42"},{"createdBy.$oid":"6833436be5c16779b409aa42"},{"members":{"$elemMatch":{"userId":"6833436be5c16779b409aa42"}}},{"members":{"$elemMatch":{"userId.$oid":"6833436be5c16779b409aa42"}}},{"supervisor.userId.$oid":"6833436be5c16779b409aa42"},{"supervisor.userId":"6833436be5c16779b409aa42"}]}
2025-05-31 21:39:08 - Found 6 projects
2025-05-31 20:59:19 - SESSION: Array
(
    [logged_in] => 1
    [user_type] => faculty
    [user_data] => Array
        (
            [_id] => Array
                (
                    [$oid] => 6833436be5c16779b409aa42
                )

            [basic_info] => Array
                (
                    [name] => Samin yeaser khan
                    [profile_image_url] => uploads/profile_images/profile_6833436be5c16779b409aa42_1748502587.jpg
                )

            [contact_info] => Array
                (
                    [primary_email] => www.mayen017@gmail.com
                )

            [academic_info] => Array
                (
                    [student_id_components] => Array
                        (
                            [program_name] => B.Sc. in Computer Science and Engineering
                            [program_code] => 
                            [admission_year] => 
                            [admission_trimester] => 
                            [serial_number] => 
                        )

                    [student_id] => 011222150
                    [department] => Computer Science and Engineering
                    [faculty] => School of Science & Engineering
                    [current_status] => Active
                    [enrollment_date] => Array
                        (
                            [$date] => Array
                                (
                                    [$numberLong] => 1654812000000
                                )

                        )

                    [expected_graduation_date] => Array
                        (
                            [$date] => Array
                                (
                                    [$numberLong] => 1790632800000
                                )

                        )

                    [current_year_trimester] => 3rd Year, Summer Trimester
                    [cgpa] => 3.65
                    [current_degree_info] => Array
                        (
                            [degree_level] => Bachelor's
                            [degree_name] => B.Sc. in Computer Science and Engineering
                            [institution_name] => United International University
                            [major_field_of_study] => Data Science
                            [start_date] => Array
                                (
                                    [$date] => Array
                                        (
                                            [$numberLong] => 1654812000000
                                        )

                                )

                        )

                    [thesis_info] => 
                )

            [university_research_profile] => Array
                (
                    [research_interests] => Array
                        (
                            [0] => AI
                            [1] => Machine Learning
                            [2] => Data Science
                        )

                    [skills_expertise] => Array
                        (
                            [0] => JavaScript
                            [1] => Python
                            [2] => HTML
                            [3] => CSS
                        )

                    [university_publications] => Array
                        (
                        )

                    [university_projects] => Array
                        (
                        )

                )

            [platform_settings] => Array
                (
                    [user_role] => student
                    [account_creation_date] => Array
                        (
                            [$date] => Array
                                (
                                    [$numberLong] => 1748502587582
                                )

                        )

                    [last_updated_date] => Array
                        (
                            [$date] => Array
                                (
                                    [$numberLong] => 1748674544198
                                )

                        )

                )

            [learning_resources] => Array
                (
                    [0] => Array
                        (
                            [title] => test
                            [url] => https://www.youtube.com
                            [category] => Data Science
                            [type] => Video
                            [description] => 
                        )

                    [1] => Array
                        (
                            [title] => test 2
                            [url] => https://www.youtube.com
                            [category] => Research Methods
                            [type] => Course
                            [description] => 
                        )

                )

        )

    [user_id] => 6833436be5c16779b409aa42
)

2025-05-31 20:59:19 - UserId extracted: 6833436be5c16779b409aa42, isLoggedIn: true
2025-05-31 20:59:19 - Filter: {"$or":[{"createdBy":"6833436be5c16779b409aa42"},{"createdBy.$oid":"6833436be5c16779b409aa42"},{"members":{"$elemMatch":{"userId":"6833436be5c16779b409aa42"}}},{"members":{"$elemMatch":{"userId.$oid":"6833436be5c16779b409aa42"}}},{"supervisor.userId.$oid":"6833436be5c16779b409aa42"},{"supervisor.userId":"6833436be5c16779b409aa42"}]}
2025-05-31 20:59:20 - Found 6 projects
2025-05-31 21:00:54 - SESSION: Array
(
    [logged_in] => 1
    [user_type] => faculty
    [user_data] => Array
        (
            [_id] => Array
                (
                    [$oid] => 6833436be5c16779b409aa42
                )

            [basic_info] => Array
                (
                    [name] => Samin yeaser khan
                    [profile_image_url] => uploads/profile_images/profile_6833436be5c16779b409aa42_1748502587.jpg
                )

            [contact_info] => Array
                (
                    [primary_email] => www.mayen017@gmail.com
                )

            [academic_info] => Array
                (
                    [student_id_components] => Array
                        (
                            [program_name] => B.Sc. in Computer Science and Engineering
                            [program_code] => 
                            [admission_year] => 
                            [admission_trimester] => 
                            [serial_number] => 
                        )

                    [student_id] => 011222150
                    [department] => Computer Science and Engineering
                    [faculty] => School of Science & Engineering
                    [current_status] => Active
                    [enrollment_date] => Array
                        (
                            [$date] => Array
                                (
                                    [$numberLong] => 1654812000000
                                )

                        )

                    [expected_graduation_date] => Array
                        (
                            [$date] => Array
                                (
                                    [$numberLong] => 1790632800000
                                )

                        )

                    [current_year_trimester] => 3rd Year, Summer Trimester
                    [cgpa] => 3.65
                    [current_degree_info] => Array
                        (
                            [degree_level] => Bachelor's
                            [degree_name] => B.Sc. in Computer Science and Engineering
                            [institution_name] => United International University
                            [major_field_of_study] => Data Science
                            [start_date] => Array
                                (
                                    [$date] => Array
                                        (
                                            [$numberLong] => 1654812000000
                                        )

                                )

                        )

                    [thesis_info] => 
                )

            [university_research_profile] => Array
                (
                    [research_interests] => Array
                        (
                            [0] => AI
                            [1] => Machine Learning
                            [2] => Data Science
                        )

                    [skills_expertise] => Array
                        (
                            [0] => JavaScript
                            [1] => Python
                            [2] => HTML
                            [3] => CSS
                        )

                    [university_publications] => Array
                        (
                        )

                    [university_projects] => Array
                        (
                        )

                )

            [platform_settings] => Array
                (
                    [user_role] => student
                    [account_creation_date] => Array
                        (
                            [$date] => Array
                                (
                                    [$numberLong] => 1748502587582
                                )

                        )

                    [last_updated_date] => Array
                        (
                            [$date] => Array
                                (
                                    [$numberLong] => 1748674544198
                                )

                        )

                )

            [learning_resources] => Array
                (
                    [0] => Array
                        (
                            [title] => test
                            [url] => https://www.youtube.com
                            [category] => Data Science
                            [type] => Video
                            [description] => 
                        )

                    [1] => Array
                        (
                            [title] => test 2
                            [url] => https://www.youtube.com
                            [category] => Research Methods
                            [type] => Course
                            [description] => 
                        )

                )

        )

    [user_id] => 6833436be5c16779b409aa42
)

2025-05-31 21:00:54 - UserId extracted: 6833436be5c16779b409aa42, isLoggedIn: true
2025-05-31 21:00:54 - Filter: {"$or":[{"createdBy":"6833436be5c16779b409aa42"},{"createdBy.$oid":"6833436be5c16779b409aa42"},{"members":{"$elemMatch":{"userId":"6833436be5c16779b409aa42"}}},{"members":{"$elemMatch":{"userId.$oid":"6833436be5c16779b409aa42"}}},{"supervisor.userId.$oid":"6833436be5c16779b409aa42"},{"supervisor.userId":"6833436be5c16779b409aa42"}]}
2025-05-31 21:00:54 - Found 6 projects
2025-05-31 21:02:36 - SESSION: Array
(
    [logged_in] => 1
    [user_type] => faculty
    [user_data] => Array
        (
            [_id] => Array
                (
                    [$oid] => 6833436be5c16779b409aa42
                )

            [basic_info] => Array
                (
                    [name] => Samin yeaser khan
                    [profile_image_url] => uploads/profile_images/profile_6833436be5c16779b409aa42_1748502587.jpg
                )

            [contact_info] => Array
                (
                    [primary_email] => www.mayen017@gmail.com
                )

            [academic_info] => Array
                (
                    [student_id_components] => Array
                        (
                            [program_name] => B.Sc. in Computer Science and Engineering
                            [program_code] => 
                            [admission_year] => 
                            [admission_trimester] => 
                            [serial_number] => 
                        )

                    [student_id] => 011222150
                    [department] => Computer Science and Engineering
                    [faculty] => School of Science & Engineering
                    [current_status] => Active
                    [enrollment_date] => Array
                        (
                            [$date] => Array
                                (
                                    [$numberLong] => 1654812000000
                                )

                        )

                    [expected_graduation_date] => Array
                        (
                            [$date] => Array
                                (
                                    [$numberLong] => 1790632800000
                                )

                        )

                    [current_year_trimester] => 3rd Year, Summer Trimester
                    [cgpa] => 3.65
                    [current_degree_info] => Array
                        (
                            [degree_level] => Bachelor's
                            [degree_name] => B.Sc. in Computer Science and Engineering
                            [institution_name] => United International University
                            [major_field_of_study] => Data Science
                            [start_date] => Array
                                (
                                    [$date] => Array
                                        (
                                            [$numberLong] => 1654812000000
                                        )

                                )

                        )

                    [thesis_info] => 
                )

            [university_research_profile] => Array
                (
                    [research_interests] => Array
                        (
                            [0] => AI
                            [1] => Machine Learning
                            [2] => Data Science
                        )

                    [skills_expertise] => Array
                        (
                            [0] => JavaScript
                            [1] => Python
                            [2] => HTML
                            [3] => CSS
                        )

                    [university_publications] => Array
                        (
                        )

                    [university_projects] => Array
                        (
                        )

                )

            [platform_settings] => Array
                (
                    [user_role] => student
                    [account_creation_date] => Array
                        (
                            [$date] => Array
                                (
                                    [$numberLong] => 1748502587582
                                )

                        )

                    [last_updated_date] => Array
                        (
                            [$date] => Array
                                (
                                    [$numberLong] => 1748674544198
                                )

                        )

                )

            [learning_resources] => Array
                (
                    [0] => Array
                        (
                            [title] => test
                            [url] => https://www.youtube.com
                            [category] => Data Science
                            [type] => Video
                            [description] => 
                        )

                    [1] => Array
                        (
                            [title] => test 2
                            [url] => https://www.youtube.com
                            [category] => Research Methods
                            [type] => Course
                            [description] => 
                        )

                )

        )

    [user_id] => 6833436be5c16779b409aa42
)

2025-05-31 21:02:36 - UserId extracted: 6833436be5c16779b409aa42, isLoggedIn: true
2025-05-31 21:02:36 - Filter: {"$or":[{"createdBy":"6833436be5c16779b409aa42"},{"createdBy.$oid":"6833436be5c16779b409aa42"},{"members":{"$elemMatch":{"userId":"6833436be5c16779b409aa42"}}},{"members":{"$elemMatch":{"userId.$oid":"6833436be5c16779b409aa42"}}},{"supervisor.userId.$oid":"6833436be5c16779b409aa42"},{"supervisor.userId":"6833436be5c16779b409aa42"}]}
2025-05-31 21:02:36 - Found 6 projects
2025-05-31 21:15:10 - SESSION: Array
(
    [logged_in] => 1
    [user_type] => faculty
    [user_data] => Array
        (
            [_id] => Array
                (
                    [$oid] => 6833436be5c16779b409aa42
                )

            [basic_info] => Array
                (
                    [name] => Samin yeaser khan
                    [profile_image_url] => uploads/profile_images/profile_6833436be5c16779b409aa42_1748502587.jpg
                )

            [contact_info] => Array
                (
                    [primary_email] => www.mayen017@gmail.com
                )

            [academic_info] => Array
                (
                    [student_id_components] => Array
                        (
                            [program_name] => B.Sc. in Computer Science and Engineering
                            [program_code] => 
                            [admission_year] => 
                            [admission_trimester] => 
                            [serial_number] => 
                        )

                    [student_id] => 011222150
                    [department] => Computer Science and Engineering
                    [faculty] => School of Science & Engineering
                    [current_status] => Active
                    [enrollment_date] => Array
                        (
                            [$date] => Array
                                (
                                    [$numberLong] => 1654812000000
                                )

                        )

                    [expected_graduation_date] => Array
                        (
                            [$date] => Array
                                (
                                    [$numberLong] => 1790632800000
                                )

                        )

                    [current_year_trimester] => 3rd Year, Summer Trimester
                    [cgpa] => 3.65
                    [current_degree_info] => Array
                        (
                            [degree_level] => Bachelor's
                            [degree_name] => B.Sc. in Computer Science and Engineering
                            [institution_name] => United International University
                            [major_field_of_study] => Data Science
                            [start_date] => Array
                                (
                                    [$date] => Array
                                        (
                                            [$numberLong] => 1654812000000
                                        )

                                )

                        )

                    [thesis_info] => 
                )

            [university_research_profile] => Array
                (
                    [research_interests] => Array
                        (
                            [0] => AI
                            [1] => Machine Learning
                            [2] => Data Science
                        )

                    [skills_expertise] => Array
                        (
                            [0] => JavaScript
                            [1] => Python
                            [2] => HTML
                            [3] => CSS
                        )

                    [university_publications] => Array
                        (
                        )

                    [university_projects] => Array
                        (
                        )

                )

            [platform_settings] => Array
                (
                    [user_role] => student
                    [account_creation_date] => Array
                        (
                            [$date] => Array
                                (
                                    [$numberLong] => 1748502587582
                                )

                        )

                    [last_updated_date] => Array
                        (
                            [$date] => Array
                                (
                                    [$numberLong] => 1748674544198
                                )

                        )

                )

            [learning_resources] => Array
                (
                    [0] => Array
                        (
                            [title] => test
                            [url] => https://www.youtube.com
                            [category] => Data Science
                            [type] => Video
                            [description] => 
                        )

                    [1] => Array
                        (
                            [title] => test 2
                            [url] => https://www.youtube.com
                            [category] => Research Methods
                            [type] => Course
                            [description] => 
                        )

                )

        )

    [user_id] => 6833436be5c16779b409aa42
)

2025-05-31 21:15:10 - UserId extracted: 6833436be5c16779b409aa42, isLoggedIn: true
2025-05-31 21:15:11 - Filter: {"$or":[{"createdBy":"6833436be5c16779b409aa42"},{"createdBy.$oid":"6833436be5c16779b409aa42"},{"members":{"$elemMatch":{"userId":"6833436be5c16779b409aa42"}}},{"members":{"$elemMatch":{"userId.$oid":"6833436be5c16779b409aa42"}}},{"supervisor.userId.$oid":"6833436be5c16779b409aa42"},{"supervisor.userId":"6833436be5c16779b409aa42"}]}
2025-05-31 21:15:11 - Found 6 projects
2025-06-01 02:49:48 - SESSION: Array
(
    [logged_in] => 1
    [user_type] => faculty
    [user_data] => Array
        (
            [_id] => Array
                (
                    [$oid] => 6833436be5c16779b409aa42
                )

            [basic_info] => Array
                (
                    [name] => Samin yeaser khan
                    [profile_image_url] => uploads/profile_images/profile_6833436be5c16779b409aa42_1748502587.jpg
                )

            [contact_info] => Array
                (
                    [primary_email] => www.mayen017@gmail.com
                )

            [academic_info] => Array
                (
                    [student_id_components] => Array
                        (
                            [program_name] => B.Sc. in Computer Science and Engineering
                            [program_code] => 
                            [admission_year] => 
                            [admission_trimester] => 
                            [serial_number] => 
                        )

                    [student_id] => 011222150
                    [department] => Computer Science and Engineering
                    [faculty] => School of Science & Engineering
                    [current_status] => Active
                    [enrollment_date] => Array
                        (
                            [$date] => Array
                                (
                                    [$numberLong] => 1654812000000
                                )

                        )

                    [expected_graduation_date] => Array
                        (
                            [$date] => Array
                                (
                                    [$numberLong] => 1790632800000
                                )

                        )

                    [current_year_trimester] => 3rd Year, Summer Trimester
                    [cgpa] => 3.65
                    [current_degree_info] => Array
                        (
                            [degree_level] => Bachelor's
                            [degree_name] => B.Sc. in Computer Science and Engineering
                            [institution_name] => United International University
                            [major_field_of_study] => Data Science
                            [start_date] => Array
                                (
                                    [$date] => Array
                                        (
                                            [$numberLong] => 1654812000000
                                        )

                                )

                        )

                    [thesis_info] => 
                )

            [university_research_profile] => Array
                (
                    [research_interests] => Array
                        (
                            [0] => AI
                            [1] => Machine Learning
                            [2] => Data Science
                        )

                    [skills_expertise] => Array
                        (
                            [0] => JavaScript
                            [1] => Python
                            [2] => HTML
                            [3] => CSS
                        )

                    [university_publications] => Array
                        (
                        )

                    [university_projects] => Array
                        (
                        )

                )

            [platform_settings] => Array
                (
                    [user_role] => student
                    [account_creation_date] => Array
                        (
                            [$date] => Array
                                (
                                    [$numberLong] => 1748502587582
                                )

                        )

                    [last_updated_date] => Array
                        (
                            [$date] => Array
                                (
                                    [$numberLong] => 1748674544198
                                )

                        )

                )

            [learning_resources] => Array
                (
                    [0] => Array
                        (
                            [title] => test
                            [url] => https://www.youtube.com
                            [category] => Data Science
                            [type] => Video
                            [description] => 
                        )

                    [1] => Array
                        (
                            [title] => test 2
                            [url] => https://www.youtube.com
                            [category] => Research Methods
                            [type] => Course
                            [description] => 
                        )

                )

        )

    [user_id] => MongoDB\BSON\ObjectId Object
        (
            [oid] => 6833436be5c16779b409aa42
        )

)

2025-06-01 02:49:48 - UserId extracted: 6833436be5c16779b409aa42, isLoggedIn: true
2025-06-01 02:49:49 - Filter: {"$or":[{"createdBy":{"$oid":"6833436be5c16779b409aa42"}},{"createdBy.$oid":{"$oid":"6833436be5c16779b409aa42"}},{"members":{"$elemMatch":{"userId":{"$oid":"6833436be5c16779b409aa42"}}}},{"members":{"$elemMatch":{"userId.$oid":{"$oid":"6833436be5c16779b409aa42"}}}},{"supervisor.userId.$oid":{"$oid":"6833436be5c16779b409aa42"}},{"supervisor.userId":{"$oid":"6833436be5c16779b409aa42"}}]}
2025-06-01 02:49:49 - Found 0 projects
2025-06-01 02:53:23 - SESSION: Array
(
    [logged_in] => 1
    [user_type] => faculty
    [user_data] => Array
        (
            [_id] => Array
                (
                    [$oid] => 6833436be5c16779b409aa42
                )

            [basic_info] => Array
                (
                    [name] => Samin yeaser khan
                    [profile_image_url] => uploads/profile_images/profile_6833436be5c16779b409aa42_1748502587.jpg
                )

            [contact_info] => Array
                (
                    [primary_email] => www.mayen017@gmail.com
                )

            [academic_info] => Array
                (
                    [student_id_components] => Array
                        (
                            [program_name] => B.Sc. in Computer Science and Engineering
                            [program_code] => 
                            [admission_year] => 
                            [admission_trimester] => 
                            [serial_number] => 
                        )

                    [student_id] => 011222150
                    [department] => Computer Science and Engineering
                    [faculty] => School of Science & Engineering
                    [current_status] => Active
                    [enrollment_date] => Array
                        (
                            [$date] => Array
                                (
                                    [$numberLong] => 1654812000000
                                )

                        )

                    [expected_graduation_date] => Array
                        (
                            [$date] => Array
                                (
                                    [$numberLong] => 1790632800000
                                )

                        )

                    [current_year_trimester] => 3rd Year, Summer Trimester
                    [cgpa] => 3.65
                    [current_degree_info] => Array
                        (
                            [degree_level] => Bachelor's
                            [degree_name] => B.Sc. in Computer Science and Engineering
                            [institution_name] => United International University
                            [major_field_of_study] => Data Science
                            [start_date] => Array
                                (
                                    [$date] => Array
                                        (
                                            [$numberLong] => 1654812000000
                                        )

                                )

                        )

                    [thesis_info] => 
                )

            [university_research_profile] => Array
                (
                    [research_interests] => Array
                        (
                            [0] => AI
                            [1] => Machine Learning
                            [2] => Data Science
                        )

                    [skills_expertise] => Array
                        (
                            [0] => JavaScript
                            [1] => Python
                            [2] => HTML
                            [3] => CSS
                        )

                    [university_publications] => Array
                        (
                        )

                    [university_projects] => Array
                        (
                        )

                )

            [platform_settings] => Array
                (
                    [user_role] => student
                    [account_creation_date] => Array
                        (
                            [$date] => Array
                                (
                                    [$numberLong] => 1748502587582
                                )

                        )

                    [last_updated_date] => Array
                        (
                            [$date] => Array
                                (
                                    [$numberLong] => 1748674544198
                                )

                        )

                )

            [learning_resources] => Array
                (
                    [0] => Array
                        (
                            [title] => test
                            [url] => https://www.youtube.com
                            [category] => Data Science
                            [type] => Video
                            [description] => 
                        )

                    [1] => Array
                        (
                            [title] => test 2
                            [url] => https://www.youtube.com
                            [category] => Research Methods
                            [type] => Course
                            [description] => 
                        )

                )

        )

    [user_id] => MongoDB\BSON\ObjectId Object
        (
            [oid] => 6833436be5c16779b409aa42
        )

)

2025-06-01 02:53:23 - UserId extracted: 6833436be5c16779b409aa42, isLoggedIn: true
2025-06-01 02:53:23 - Filter: {"$or":[{"createdBy":{"$oid":"6833436be5c16779b409aa42"}},{"createdBy.$oid":{"$oid":"6833436be5c16779b409aa42"}},{"members":{"$elemMatch":{"userId":{"$oid":"6833436be5c16779b409aa42"}}}},{"members":{"$elemMatch":{"userId.$oid":{"$oid":"6833436be5c16779b409aa42"}}}},{"supervisor.userId.$oid":{"$oid":"6833436be5c16779b409aa42"}},{"supervisor.userId":{"$oid":"6833436be5c16779b409aa42"}}]}
2025-06-01 02:53:23 - Found 0 projects
2025-06-01 02:55:58 - SESSION: Array
(
    [logged_in] => 1
    [user_type] => faculty
    [user_data] => Array
        (
            [_id] => Array
                (
                    [$oid] => 6833436be5c16779b409aa42
                )

            [basic_info] => Array
                (
                    [name] => Samin yeaser khan
                    [profile_image_url] => uploads/profile_images/profile_6833436be5c16779b409aa42_1748502587.jpg
                )

            [contact_info] => Array
                (
                    [primary_email] => www.mayen017@gmail.com
                )

            [academic_info] => Array
                (
                    [student_id_components] => Array
                        (
                            [program_name] => B.Sc. in Computer Science and Engineering
                            [program_code] => 
                            [admission_year] => 
                            [admission_trimester] => 
                            [serial_number] => 
                        )

                    [student_id] => 011222150
                    [department] => Computer Science and Engineering
                    [faculty] => School of Science & Engineering
                    [current_status] => Active
                    [enrollment_date] => Array
                        (
                            [$date] => Array
                                (
                                    [$numberLong] => 1654812000000
                                )

                        )

                    [expected_graduation_date] => Array
                        (
                            [$date] => Array
                                (
                                    [$numberLong] => 1790632800000
                                )

                        )

                    [current_year_trimester] => 3rd Year, Summer Trimester
                    [cgpa] => 3.65
                    [current_degree_info] => Array
                        (
                            [degree_level] => Bachelor's
                            [degree_name] => B.Sc. in Computer Science and Engineering
                            [institution_name] => United International University
                            [major_field_of_study] => Data Science
                            [start_date] => Array
                                (
                                    [$date] => Array
                                        (
                                            [$numberLong] => 1654812000000
                                        )

                                )

                        )

                    [thesis_info] => 
                )

            [university_research_profile] => Array
                (
                    [research_interests] => Array
                        (
                            [0] => AI
                            [1] => Machine Learning
                            [2] => Data Science
                        )

                    [skills_expertise] => Array
                        (
                            [0] => JavaScript
                            [1] => Python
                            [2] => HTML
                            [3] => CSS
                        )

                    [university_publications] => Array
                        (
                        )

                    [university_projects] => Array
                        (
                        )

                )

            [platform_settings] => Array
                (
                    [user_role] => student
                    [account_creation_date] => Array
                        (
                            [$date] => Array
                                (
                                    [$numberLong] => 1748502587582
                                )

                        )

                    [last_updated_date] => Array
                        (
                            [$date] => Array
                                (
                                    [$numberLong] => 1748674544198
                                )

                        )

                )

            [learning_resources] => Array
                (
                    [0] => Array
                        (
                            [title] => test
                            [url] => https://www.youtube.com
                            [category] => Data Science
                            [type] => Video
                            [description] => 
                        )

                    [1] => Array
                        (
                            [title] => test 2
                            [url] => https://www.youtube.com
                            [category] => Research Methods
                            [type] => Course
                            [description] => 
                        )

                )

        )

    [user_id] => MongoDB\BSON\ObjectId Object
        (
            [oid] => 6833436be5c16779b409aa42
        )

)

2025-06-01 02:55:58 - UserId extracted: 6833436be5c16779b409aa42, isLoggedIn: true
2025-06-01 02:55:58 - Filter: {"$or":[{"createdBy":{"$oid":"6833436be5c16779b409aa42"}},{"createdBy.$oid":{"$oid":"6833436be5c16779b409aa42"}},{"members":{"$elemMatch":{"userId":{"$oid":"6833436be5c16779b409aa42"}}}},{"members":{"$elemMatch":{"userId.$oid":{"$oid":"6833436be5c16779b409aa42"}}}},{"supervisor.userId.$oid":{"$oid":"6833436be5c16779b409aa42"}},{"supervisor.userId":{"$oid":"6833436be5c16779b409aa42"}}]}
2025-06-01 02:55:58 - Found 0 projects
