2025-04-26 10:49:37 - POST data: Array
(
    [project_id] => 680c6c79fc99aa394e07faa6
    [title] => Distributed ledger technology is transforming logistics operations.
    [abstract] => Distributed ledger technology is transforming logistics operations.
    [description] => Distributed ledger technology is transforming logistics operations.
    [field] => Computer Science
    [institution] => United International University
    [privacy] => 0
    [keywords] => ["Blockchain"]
    [created_date] => 
    [updated_date] => 2025-04-26
    [github_url] => 
    [project_url] => 
    [paper_url] => 
    [doi] => 
    [youtube_url] => 
    [supervisor] => 
    [team_members] => [{"name":"samin","role":"Author","contribution":10,"userId":null}]
    [timeline] => [{"title":"","description":"","date":"2025-04-26","status":"Planned"},{"title":"","description":"","date":"2025-04-26","status":"Planned"},{"title":"","description":"","date":"2025-04-26","status":"Planned"}]
    [references] => [{"cite":"https://arxiv.org/abs/2003.05622\nThe immutability of blockchain enhances trust among supply chain stakeholders."}]
    [views] => 50
    [downloads] => 648
    [favorites] => 114
    [comments] => []
)
2025-04-26 10:49:38 - POST data: Array
(
    [project_id] => 680c6c79fc99aa394e07faa6
    [title] => Distributed ledger technology is transforming logistics operations.
    [abstract] => Distributed ledger technology is transforming logistics operations.
    [description] => Distributed ledger technology is transforming logistics operations.
    [field] => Computer Science
    [institution] => United International University
    [privacy] => 0
    [keywords] => ["Blockchain"]
    [created_date] => 
    [updated_date] => 2025-04-26
    [github_url] => 
    [project_url] => 
    [paper_url] => 
    [doi] => 
    [youtube_url] => 
    [supervisor] => 
    [team_members] => [{"name":"samin","role":"Author","contribution":10,"userId":null}]
    [timeline] => [{"title":"","description":"","date":"2025-04-26","status":"Planned"},{"title":"","description":"","date":"2025-04-26","status":"Planned"},{"title":"","description":"","date":"2025-04-26","status":"Planned"}]
    [references] => [{"cite":"https://arxiv.org/abs/2003.05622\nThe immutability of blockchain enhances trust among supply chain stakeholders."}]
    [views] => 50
    [downloads] => 648
    [favorites] => 114
    [comments] => []
)
2025-04-26 10:49:39 - POST data: Array
(
    [project_id] => 680c6c79fc99aa394e07faa6
    [title] => Distributed ledger technology is transforming logistics operations.
    [abstract] => Distributed ledger technology is transforming logistics operations.
    [description] => Distributed ledger technology is transforming logistics operations.
    [field] => Computer Science
    [institution] => United International University
    [privacy] => 0
    [keywords] => ["Blockchain"]
    [created_date] => 
    [updated_date] => 2025-04-26
    [github_url] => 
    [project_url] => 
    [paper_url] => 
    [doi] => 
    [youtube_url] => 
    [supervisor] => 
    [team_members] => [{"name":"samin","role":"Author","contribution":10,"userId":null}]
    [timeline] => [{"title":"","description":"","date":"2025-04-26","status":"Planned"},{"title":"","description":"","date":"2025-04-26","status":"Planned"},{"title":"","description":"","date":"2025-04-26","status":"Planned"}]
    [references] => [{"cite":"https://arxiv.org/abs/2003.05622\nThe immutability of blockchain enhances trust among supply chain stakeholders."}]
    [views] => 50
    [downloads] => 648
    [favorites] => 114
    [comments] => []
)
2025-04-26 10:49:40 - POST data: Array
(
    [project_id] => 680c6c79fc99aa394e07faa6
    [title] => Distributed ledger technology is transforming logistics operations.
    [abstract] => Distributed ledger technology is transforming logistics operations.
    [description] => Distributed ledger technology is transforming logistics operations.
    [field] => Computer Science
    [institution] => United International University
    [privacy] => 0
    [keywords] => ["Blockchain"]
    [created_date] => 
    [updated_date] => 2025-04-26
    [github_url] => 
    [project_url] => 
    [paper_url] => 
    [doi] => 
    [youtube_url] => 
    [supervisor] => 
    [team_members] => [{"name":"samin","role":"Author","contribution":10,"userId":null}]
    [timeline] => [{"title":"","description":"","date":"2025-04-26","status":"Planned"},{"title":"","description":"","date":"2025-04-26","status":"Planned"},{"title":"","description":"","date":"2025-04-26","status":"Planned"}]
    [references] => [{"cite":"https://arxiv.org/abs/2003.05622\nThe immutability of blockchain enhances trust among supply chain stakeholders."}]
    [views] => 50
    [downloads] => 648
    [favorites] => 114
    [comments] => []
)
2025-04-26 10:49:41 - POST data: Array
(
    [project_id] => 680c6c79fc99aa394e07faa6
    [title] => Distributed ledger technology is transforming logistics operations.
    [abstract] => Distributed ledger technology is transforming logistics operations.
    [description] => Distributed ledger technology is transforming logistics operations.
    [field] => Computer Science
    [institution] => United International University
    [privacy] => 0
    [keywords] => ["Blockchain"]
    [created_date] => 
    [updated_date] => 2025-04-26
    [github_url] => 
    [project_url] => 
    [paper_url] => 
    [doi] => 
    [youtube_url] => 
    [supervisor] => 
    [team_members] => [{"name":"samin","role":"Author","contribution":10,"userId":null}]
    [timeline] => [{"title":"","description":"","date":"2025-04-26","status":"Planned"},{"title":"","description":"","date":"2025-04-26","status":"Planned"},{"title":"","description":"","date":"2025-04-26","status":"Planned"}]
    [references] => [{"cite":"https://arxiv.org/abs/2003.05622\nThe immutability of blockchain enhances trust among supply chain stakeholders."}]
    [views] => 50
    [downloads] => 648
    [favorites] => 114
    [comments] => []
)
2025-04-26 10:49:50 - POST data: Array
(
    [project_id] => 680c6c79fc99aa394e07faa6
    [title] => Distributed ledger technology is transforming logistics operations.
    [abstract] => Distributed ledger technology is transforming logistics operations.
    [description] => Distributed ledger technology is transforming logistics operations.
    [field] => Computer Science
    [institution] => United International University
    [privacy] => 0
    [keywords] => ["Blockchain"]
    [created_date] => 
    [updated_date] => 2025-04-26
    [github_url] => 
    [project_url] => 
    [paper_url] => 
    [doi] => 
    [youtube_url] => 
    [supervisor] => 
    [team_members] => [{"name":"samin","role":"Author","contribution":10,"userId":null}]
    [timeline] => [{"title":"","description":"","date":"2025-04-26","status":"Planned"},{"title":"","description":"","date":"2025-04-26","status":"Planned"},{"title":"","description":"","date":"2025-04-26","status":"Planned"}]
    [references] => [{"cite":"https://arxiv.org/abs/2003.05622\nThe immutability of blockchain enhances trust among supply chain stakeholders."}]
    [views] => 50
    [downloads] => 648
    [favorites] => 114
    [comments] => []
)
2025-04-26 10:50:08 - POST data: Array
(
    [project_id] => 680c6c79fc99aa394e07faa6
    [title] => Distributed ledger technology is transforming logistics operations.
    [abstract] => Distributed ledger technology is transforming logistics operations.
    [description] => Distributed ledger technology is transforming logistics operations.
    [field] => Computer Science
    [institution] => United International University
    [privacy] => 1
    [keywords] => ["Blockchain"]
    [created_date] => 
    [updated_date] => 2025-04-26
    [github_url] => 
    [project_url] => 
    [paper_url] => 
    [doi] => 
    [youtube_url] => 
    [supervisor] => 
    [team_members] => [{"name":"samin","role":"Author","contribution":10,"userId":null}]
    [timeline] => [{"title":"","description":"","date":"2025-04-26","status":"Planned"},{"title":"","description":"","date":"2025-04-26","status":"Planned"},{"title":"","description":"","date":"2025-04-26","status":"Planned"}]
    [references] => [{"cite":"https://arxiv.org/abs/2003.05622\nThe immutability of blockchain enhances trust among supply chain stakeholders."}]
    [views] => 50
    [downloads] => 648
    [favorites] => 114
    [comments] => []
)
2025-04-26 10:50:58 - POST data: Array
(
    [project_id] => 680c6385fc99aa394e07faa5
    [title] => Blockchain for Supply Chain Transparency
    [abstract] => "abstract": "This research investigates how blockchain technology can enhance supply chain management by providing transparency, reducing fraud, and improving efficiency.",
    [description] => v  "description": "This research investigates how blockchain technology can enhance supply chain management by providing transparency, reducing fraud, and improving efficiency. The study includes implementing a prototype system to track goods from origin to destination in real-time, utilizing distributed ledger technology to create immutable records of transactions throughout the supply chain process. Our implementation focuses on enhancing trust among stakeholders while reducing operational costs associated with verification and auditing.",
    [field] => Computer Science
    [institution] => United International University
    [privacy] => 0
    [keywords] => []
    [created_date] => 
    [updated_date] => 2025-04-26
    [github_url] => https://github.com/example/project14
    [project_url] => https://blockchain-supply-chain.example.com
    [paper_url] => https://example.com/papers/blockchain-supply-chain.pdf
    [doi] => https://doi.org/example/project14
    [youtube_url] => https://youtube.com/watch?v=example14
    [supervisor] => 
    [team_members] => [{"name":"Faiza Rahman","role":"Author","contribution":20,"userId":null}]
    [timeline] => [{"title":"","description":"","date":"2025-04-26","status":"Planned"},{"title":"","description":"","date":"2025-04-26","status":"Planned"},{"title":"","description":"","date":"2025-04-26","status":"Planned"}]
    [references] => [{"cite":"https://arxiv.org/abs/2003.05622\nDistributed ledger technology is transforming logistics operations."}]
    [views] => 474
    [downloads] => 104
    [favorites] => 871
    [comments] => []
)
2025-04-26 10:51:07 - POST data: Array
(
    [project_id] => 680c6385fc99aa394e07faa5
    [title] => Blockchain for Supply Chain Transparency
    [abstract] => "abstract": "This research investigates how blockchain technology can enhance supply chain management by providing transparency, reducing fraud, and improving efficiency.",
    [description] => v  "description": "This research investigates how blockchain technology can enhance supply chain management by providing transparency, reducing fraud, and improving efficiency. The study includes implementing a prototype system to track goods from origin to destination in real-time, utilizing distributed ledger technology to create immutable records of transactions throughout the supply chain process. Our implementation focuses on enhancing trust among stakeholders while reducing operational costs associated with verification and auditing.",
    [field] => Computer Science
    [institution] => United International University
    [privacy] => 0
    [keywords] => []
    [created_date] => 
    [updated_date] => 2025-04-26
    [github_url] => https://github.com/example/project14
    [project_url] => https://blockchain-supply-chain.example.com
    [paper_url] => https://example.com/papers/blockchain-supply-chain.pdf
    [doi] => https://doi.org/example/project14
    [youtube_url] => https://youtube.com/watch?v=example14
    [supervisor] => 
    [team_members] => [{"name":"Faiza Rahman","role":"Author","contribution":20,"userId":null}]
    [timeline] => [{"title":"","description":"","date":"2025-04-26","status":"Planned"},{"title":"","description":"","date":"2025-04-26","status":"Planned"},{"title":"","description":"","date":"2025-04-26","status":"Planned"}]
    [references] => [{"cite":"https://arxiv.org/abs/2003.05622\nDistributed ledger technology is transforming logistics operations."}]
    [views] => 474
    [downloads] => 104
    [favorites] => 871
    [comments] => []
)
2025-04-26 10:51:14 - POST data: Array
(
    [project_id] => 680c6385fc99aa394e07faa5
    [title] => Blockchain for Supply Chain Transparency
    [abstract] => "abstract": "This research investigates how blockchain technology can enhance supply chain management by providing transparency, reducing fraud, and improving efficiency.",
    [description] => v  "description": "This research investigates how blockchain technology can enhance supply chain management by providing transparency, reducing fraud, and improving efficiency. The study includes implementing a prototype system to track goods from origin to destination in real-time, utilizing distributed ledger technology to create immutable records of transactions throughout the supply chain process. Our implementation focuses on enhancing trust among stakeholders while reducing operational costs associated with verification and auditing.",
    [field] => Computer Science
    [institution] => United International University
    [privacy] => 0
    [keywords] => []
    [created_date] => 
    [updated_date] => 2025-04-26
    [github_url] => https://github.com/example/project14
    [project_url] => https://blockchain-supply-chain.example.com
    [paper_url] => https://example.com/papers/blockchain-supply-chain.pdf
    [doi] => https://doi.org/example/project14
    [youtube_url] => https://youtube.com/watch?v=example14
    [supervisor] => 
    [team_members] => [{"name":"Faiza Rahman","role":"Author","contribution":20,"userId":null}]
    [timeline] => [{"title":"","description":"","date":"2025-04-26","status":"Planned"},{"title":"","description":"","date":"2025-04-26","status":"Planned"},{"title":"","description":"","date":"2025-04-26","status":"Planned"}]
    [references] => [{"cite":"https://arxiv.org/abs/2003.05622\nDistributed ledger technology is transforming logistics operations."}]
    [views] => 474
    [downloads] => 104
    [favorites] => 871
    [comments] => []
)
2025-04-26 10:52:12 - POST data: Array
(
    [project_id] => 680c6385fc99aa394e07faa5
    [title] => Blockchain for Supply Chain Transparency
    [abstract] => "abstract": "This research investigates how blockchain technology can enhance supply chain management by providing transparency, reducing fraud, and improving efficiency.",
    [description] => v  "description": "This research investigates how blockchain technology can enhance supply chain management by providing transparency, reducing fraud, and improving efficiency. The study includes implementing a prototype system to track goods from origin to destination in real-time, utilizing distributed ledger technology to create immutable records of transactions throughout the supply chain process. Our implementation focuses on enhancing trust among stakeholders while reducing operational costs associated with verification and auditing.",
    [field] => Computer Science
    [institution] => United International University
    [privacy] => 1
    [keywords] => []
    [created_date] => 
    [updated_date] => 2025-04-26
    [github_url] => https://github.com/example/project14
    [project_url] => https://blockchain-supply-chain.example.com
    [paper_url] => https://example.com/papers/blockchain-supply-chain.pdf
    [doi] => https://doi.org/example/project14
    [youtube_url] => https://youtube.com/watch?v=example14
    [supervisor] => 
    [team_members] => [{"name":"Faiza Rahman","role":"Author","contribution":20,"userId":null}]
    [timeline] => [{"title":"","description":"","date":"2025-04-26","status":"Planned"},{"title":"","description":"","date":"2025-04-26","status":"Planned"},{"title":"","description":"","date":"2025-04-26","status":"Planned"}]
    [references] => [{"cite":"https://arxiv.org/abs/2003.05622\nDistributed ledger technology is transforming logistics operations."}]
    [views] => 474
    [downloads] => 104
    [favorites] => 871
    [comments] => []
)
2025-04-26 11:01:08 - POST data: Array
(
    [project_id] => 6795338cb2fbbc6383814727
    [title] => ???AI-Powered Early Disease Detection System
    [abstract] => Development of a machine learning system that can detect early signs of diseases through analysis of medical imaging data, focusing on improving diagnostic accuracy and reducing detection time.
    [description] => This research project develops an artificial intelligence system for early disease detection using deep learning algorithms applied to medical imaging data. The system is trained on a large dataset of X-rays, MRIs, and CT scans to identify patterns indicative of various diseases in their early stages. The implementation includes a novel neural network architecture optimized for medical image processing and a user-friendly interface for healthcare professionals.
    [field] => Computer Science
    [institution] => United International University
    [privacy] => 0
    [keywords] => ["Artificial Intelligence","Machine Learning","Healthcare","Medical Imaging"]
    [created_date] => 
    [updated_date] => 2025-04-26
    [github_url] => https://github.com/example/ai-disease-detection
    [project_url] => https://ai-disease-detection.example.com
    [paper_url] => https://example.com/papers/ai-disease-detection.pdf
    [doi] => https://doi.org/example/ai-detection
    [youtube_url] => 
    [supervisor] => Dr. Mahfuzur Rahman
    [team_members] => [{"name":"Farhan Khan","role":"Author","contribution":45,"userId":{"$oid":"6795313eea284b5c74e4a873"}},{"name":"Raisa Islam","role":"Author","contribution":55,"userId":{"$oid":"6795313eea284b5c74e4a874"}}]
    [timeline] => [{"title":"Data Collection","description":"Gathering and preprocessing medical imaging dataset","date":{"$date":{"$numberLong":"1692057600000"}},"status":"Completed","assignedTo":[{"$oid":"6795313eea284b5c74e4a873"}]},{"title":"Model Development","description":"Implementation and training of AI models","date":{"$date":{"$numberLong":"1696118400000"}},"status":"Completed","assignedTo":[{"$oid":"6795313eea284b5c74e4a874"}]}]
    [references] => [{"cite":"https://doi.org/10.1038/s41591-020-0931-3"}]
    [views] => 892
    [downloads] => 245
    [favorites] => 67
    [comments] => []
)
2025-04-26 11:01:08 - Privacy field: value='0', type=string
2025-04-26 11:01:19 - POST data: Array
(
    [project_id] => 6795338cb2fbbc6383814727
    [title] => ???AI-Powered Early Disease Detection System
    [abstract] => Development of a machine learning system that can detect early signs of diseases through analysis of medical imaging data, focusing on improving diagnostic accuracy and reducing detection time.
    [description] => This research project develops an artificial intelligence system for early disease detection using deep learning algorithms applied to medical imaging data. The system is trained on a large dataset of X-rays, MRIs, and CT scans to identify patterns indicative of various diseases in their early stages. The implementation includes a novel neural network architecture optimized for medical image processing and a user-friendly interface for healthcare professionals.
    [field] => Computer Science
    [institution] => United International University
    [privacy] => 0
    [keywords] => ["Artificial Intelligence","Machine Learning","Healthcare","Medical Imaging"]
    [created_date] => 
    [updated_date] => 2025-04-26
    [github_url] => https://github.com/example/ai-disease-detection
    [project_url] => https://ai-disease-detection.example.com
    [paper_url] => https://example.com/papers/ai-disease-detection.pdf
    [doi] => https://doi.org/example/ai-detection
    [youtube_url] => 
    [supervisor] => Dr. Mahfuzur Rahman
    [team_members] => [{"name":"Farhan Khan","role":"Author","contribution":45,"userId":{"$oid":"6795313eea284b5c74e4a873"}},{"name":"Raisa Islam","role":"Author","contribution":55,"userId":{"$oid":"6795313eea284b5c74e4a874"}}]
    [timeline] => [{"title":"Data Collection","description":"Gathering and preprocessing medical imaging dataset","date":{"$date":{"$numberLong":"1692057600000"}},"status":"Completed"},{"title":"Model Development","description":"Implementation and training of AI models","date":{"$date":{"$numberLong":"1696118400000"}},"status":"Completed"}]
    [references] => [{"cite":"https://doi.org/10.1038/s41591-020-0931-3"}]
    [views] => 892
    [downloads] => 245
    [favorites] => 67
    [comments] => []
)
2025-04-26 11:01:19 - Privacy field: value='0', type=string
2025-04-26 12:42:04 - POST data: Array
(
    [project_id] => 6795338cb2fbbc6383814727
    [title] => AI-Powered Early Disease Detection System
    [abstract] => Development of a machine learning system that can detect early signs of diseases through analysis of medical imaging data, focusing on improving diagnostic accuracy and reducing detection time.
    [description] => This research project develops an artificial intelligence system for early disease detection using deep learning algorithms applied to medical imaging data. The system is trained on a large dataset of X-rays, MRIs, and CT scans to identify patterns indicative of various diseases in their early stages. The implementation includes a novel neural network architecture optimized for medical image processing and a user-friendly interface for healthcare professionals.
    [field] => Computer Science
    [institution] => United International University
    [privacy] => 0
    [keywords] => ["Artificial Intelligence","Machine Learning","Healthcare","Medical Imaging"]
    [created_date] => 
    [updated_date] => 2025-04-26
    [github_url] => https://github.com/example/ai-disease-detection
    [project_url] => https://ai-disease-detection.example.com
    [paper_url] => https://example.com/papers/ai-disease-detection.pdf
    [doi] => https://doi.org/example/ai-detection
    [youtube_url] => 
    [supervisor] => Dr. Mahfuzur Rahman
    [team_members] => [{"name":"Farhan Khan","role":"Author","contribution":45,"userId":{"$oid":"6795313eea284b5c74e4a873"}},{"name":"Raisa Islam","role":"Author","contribution":55,"userId":{"$oid":"6795313eea284b5c74e4a874"}}]
    [timeline] => [{"title":"Data Collection","description":"Gathering and preprocessing medical imaging dataset","date":{"$date":{"$numberLong":"1692057600000"}},"status":"Completed"},{"title":"Model Development","description":"Implementation and training of AI models","date":{"$date":{"$numberLong":"1696118400000"}},"status":"Completed"}]
    [references] => [{"cite":"https://doi.org/10.1038/s41591-020-0931-3"}]
    [views] => 892
    [downloads] => 245
    [favorites] => 67
    [comments] => []
)
2025-04-26 12:42:04 - Privacy field: value='0', type=string
2025-04-26 14:10:29 - POST data: Array
(
    [project_id] => 6795338cb2fbbc6383814730
    [title] => Cybersecurity Risk Assessment Framework
    [abstract] => Development of a comprehensive framework for assessing and mitigating cybersecurity risks in enterprise environments using AI and machine learning techniques.
    [description] => This project creates an innovative framework for real-time cybersecurity risk assessment and mitigation. The system uses machine learning algorithms to analyze network traffic patterns, identify potential threats, and automatically implement security measures to protect enterprise systems.
    [field] => Information Security
    [institution] => United International University
    [privacy] => 0
    [keywords] => ["Cybersecurity","Machine Learning","Risk Assessment","Network Security"]
    [created_date] => 
    [updated_date] => 2025-04-26
    [github_url] => https://github.com/example/cyber-risk
    [project_url] => 
    [paper_url] => https://example.com/papers/cyber-risk.pdf
    [doi] => 
    [youtube_url] => 
    [supervisor] => Dr. Nusrat Jahan
    [team_members] => [{"name":"Sakib Ahmed","role":"Author","contribution":100,"userId":{"$oid":"6795313eea284b5c74e4a879"}}]
    [timeline] => [{"title":"Framework Design","description":"Design of risk assessment methodology","date":{"$date":{"$numberLong":"1697328000000"}},"status":"Completed","assignedTo":[{"$oid":"6795313eea284b5c74e4a879"}]}]
    [references] => [{"title":"Machine Learning for Network Threat Detection","link":"https://doi.org/10.1109/TDSC.2019.2940949"},{"title":"Machine Learning for Network Threat Detection","link":"https://doi.org/10.1109/TDSC.2019.2940949"}]
    [views] => 512
    [downloads] => 178
    [favorites] => 56
    [comments] => []
)
2025-04-26 14:10:29 - Privacy field: value='0', type=string
2025-04-26 14:40:00 - POST data: Array
(
    [project_id] => 6795338cb2fbbc6383814730
    [title] => Cybersecurity Risk Assessment Framework
    [abstract] => Development of a comprehensive framework for assessing and mitigating cybersecurity risks in enterprise environments using AI and machine learning techniques.
    [description] => This project creates an innovative framework for real-time cybersecurity risk assessment and mitigation. The system uses machine learning algorithms to analyze network traffic patterns, identify potential threats, and automatically implement security measures to protect enterprise systems.
    [field] => Information Security
    [institution] => United International University
    [privacy] => 0
    [keywords] => ["Cybersecurity","Machine Learning","Risk Assessment","Network Security"]
    [created_date] => 
    [updated_date] => 2025-04-26
    [github_url] => https://github.com/example/cyber-risk
    [project_url] => 
    [paper_url] => https://example.com/papers/cyber-risk.pdf
    [doi] => 
    [youtube_url] => 
    [supervisor] => Dr. Nusrat Jahan
    [team_members] => [{"name":"Sakib Ahmed","role":"Author","contribution":100,"userId":{"$oid":"6795313eea284b5c74e4a879"}}]
    [timeline] => [{"title":"Framework Design","description":"Design of risk assessment methodology","date":{"$date":{"$numberLong":"1697328000000"}},"status":"Completed"}]
    [references] => [{"title":"[{\"title\":\"Machine Learning for Network Threat Detection\",\"link\":\"https://doi.org/10.1109/TDSC.2019.2940949\"},{\"title\":\"Machine Learning for Network Threat Detection\",\"link\":\"https://doi.org/10.1109/TDSC.2019.2940949\"}]","link":"[{\"title\":\"Machine Learning for Network Threat Detection\",\"link\":\"https://doi.org/10.1109/TDSC.2019.2940949\"},{\"title\":\"Machine Learning for Network Threat Detection\",\"link\":\"https://doi.org/10.1109/TDSC.2019.2940949\"}]"},{"title":"test","link":"https://doi.org/10.1109/TDSC.2019.2940949"}]
    [views] => 512
    [downloads] => 178
    [favorites] => 56
    [comments] => []
)
2025-04-26 14:40:00 - Privacy field: value='0', type=string
2025-04-26 14:42:25 - POST data: Array
(
    [project_id] => 6795338cb2fbbc6383814730
    [title] => Cybersecurity Risk Assessment Framework
    [abstract] => Development of a comprehensive framework for assessing and mitigating cybersecurity risks in enterprise environments using AI and machine learning techniques.
    [description] => This project creates an innovative framework for real-time cybersecurity risk assessment and mitigation. The system uses machine learning algorithms to analyze network traffic patterns, identify potential threats, and automatically implement security measures to protect enterprise systems.
    [field] => Information Security
    [institution] => United International University
    [privacy] => 0
    [keywords] => ["Cybersecurity","Machine Learning","Risk Assessment","Network Security"]
    [created_date] => 
    [updated_date] => 2025-04-26
    [github_url] => https://github.com/example/cyber-risk
    [project_url] => 
    [paper_url] => https://example.com/papers/cyber-risk.pdf
    [doi] => 
    [youtube_url] => 
    [supervisor] => Dr. Nusrat Jahan
    [team_members] => [{"name":"Sakib Ahmed","role":"Author","contribution":100,"userId":{"$oid":"6795313eea284b5c74e4a879"}}]
    [timeline] => [{"title":"Framework Design","description":"Design of risk assessment methodology","date":{"$date":{"$numberLong":"1697328000000"}},"status":"Completed"}]
    [references] => [{"title":"test","link":"https://doi.org/10.1109/TDSC.2019.2940949"}]
    [views] => 512
    [downloads] => 178
    [favorites] => 56
    [comments] => []
)
2025-04-26 14:42:25 - Privacy field: value='0', type=string
2025-04-26 14:48:51 - POST data: Array
(
    [project_id] => 6795338cb2fbbc6383814730
    [title] => Cybersecurity Risk Assessment Framework
    [abstract] => Development of a comprehensive framework for assessing and mitigating cybersecurity risks in enterprise environments using AI and machine learning techniques.
    [description] => This project creates an innovative framework for real-time cybersecurity risk assessment and mitigation. The system uses machine learning algorithms to analyze network traffic patterns, identify potential threats, and automatically implement security measures to protect enterprise systems.
    [field] => Information Security
    [institution] => United International University
    [privacy] => 0
    [keywords] => ["Cybersecurity","Machine Learning","Risk Assessment","Network Security"]
    [created_date] => 
    [updated_date] => 2025-04-26
    [github_url] => https://github.com/example/cyber-risk
    [project_url] => 
    [paper_url] => https://example.com/papers/cyber-risk.pdf
    [doi] => 
    [youtube_url] => 
    [supervisor] => Dr. Nusrat Jahan
    [team_members] => [{"name":"Sakib Ahmed","role":"Author","contribution":100,"userId":{"$oid":"6795313eea284b5c74e4a879"}}]
    [timeline] => [{"title":"Framework Design","description":"Design of risk assessment methodology","date":{"$date":{"$numberLong":"1697328000000"}},"status":"Completed"}]
    [references] => [{"title":"[{\"title\":\"test\",\"link\":\"https://doi.org/10.1109/TDSC.2019.2940949\"}]","link":"[{\"title\":\"test\",\"link\":\"https://doi.org/10.1109/TDSC.2019.2940949\"}]"},{"title":"test","link":"https://doi.org/10.1109/TDSC.2019.2940949"}]
    [views] => 512
    [downloads] => 178
    [favorites] => 56
    [comments] => []
)
2025-04-26 14:48:51 - Privacy field: value='0', type=string
2025-04-26 14:48:51 - References parsed as JSON: Array
(
    [0] => Array
        (
            [title] => [{"title":"test","link":"https://doi.org/10.1109/TDSC.2019.2940949"}]
            [link] => [{"title":"test","link":"https://doi.org/10.1109/TDSC.2019.2940949"}]
        )

    [1] => Array
        (
            [title] => test
            [link] => https://doi.org/10.1109/TDSC.2019.2940949
        )

)

2025-04-26 14:48:51 - Final references data: Array
(
    [0] => Array
        (
            [title] => [{"title":"test","link":"https://doi.org/10.1109/TDSC.2019.2940949"}]
            [link] => [{"title":"test","link":"https://doi.org/10.1109/TDSC.2019.2940949"}]
        )

    [1] => Array
        (
            [title] => test
            [link] => https://doi.org/10.1109/TDSC.2019.2940949
        )

)

2025-04-26 14:50:38 - POST data: Array
(
    [project_id] => 6795338cb2fbbc6383814728
    [title] => Smart Urban Waste Management System
    [abstract] => Development of an IoT-based smart waste management system for urban areas, incorporating real-time monitoring and optimization of collection routes.
    [description] => This project implements a smart waste management system using IoT sensors and cloud computing to optimize waste collection in urban areas. The system includes smart bins with fill-level monitoring, automated route optimization for collection vehicles, and a central dashboard for real-time monitoring and analytics.
    [field] => Environmental Engineering
    [institution] => United International University
    [privacy] => 0
    [keywords] => ["IoT","Smart City","Waste Management","Sustainability"]
    [created_date] => 
    [updated_date] => 2025-04-26
    [github_url] => https://github.com/example/smart-waste
    [project_url] => https://smart-waste.example.com
    [paper_url] => https://example.com/papers/smart-waste.pdf
    [doi] => 
    [youtube_url] => 
    [supervisor] => Dr. Tahmina Akter
    [team_members] => [{"name":"Nusrat Jahan","role":"Author","contribution":50,"userId":{"$oid":"6795313eea284b5c74e4a875"}},{"name":"Tasneem Rahman","role":"Author","contribution":50,"userId":{"$oid":"6795313eea284b5c74e4a876"}}]
    [timeline] => [{"title":"System Design","description":"Design of IoT architecture and sensor network","date":{"$date":{"$numberLong":"1690243200000"}},"status":"Completed","assignedTo":[{"$oid":"6795313eea284b5c74e4a875"}]}]
    [references] => [{"title":"IoT Integration in Urban Waste Management","link":"https://doi.org/10.1016/j.wasman.2019.02.033"},{"title":"test","link":"https://doi.org/10.1109/TDSC.2019.2940949"}]
    [views] => 654
    [downloads] => 189
    [favorites] => 45
    [comments] => []
)
2025-04-26 14:50:38 - Privacy field: value='0', type=string
2025-04-26 14:50:38 - References parsed as JSON: Array
(
    [0] => Array
        (
            [title] => IoT Integration in Urban Waste Management
            [link] => https://doi.org/10.1016/j.wasman.2019.02.033
        )

    [1] => Array
        (
            [title] => test
            [link] => https://doi.org/10.1109/TDSC.2019.2940949
        )

)

2025-04-26 14:50:38 - Final references data: Array
(
    [0] => Array
        (
            [title] => IoT Integration in Urban Waste Management
            [link] => https://doi.org/10.1016/j.wasman.2019.02.033
        )

    [1] => Array
        (
            [title] => test
            [link] => https://doi.org/10.1109/TDSC.2019.2940949
        )

)

2025-04-26 15:36:46 - POST data: Array
(
    [project_id] => 6795338cb2fbbc6383814727
    [title] => AI-Powered Early Disease Detection System
    [abstract] => Development of a machine learning system that can detect early signs of diseases through analysis of medical imaging data, focusing on improving diagnostic accuracy and reducing detection time.
    [description] => This research project develops an artificial intelligence system for early disease detection using deep learning algorithms applied to medical imaging data. The system is trained on a large dataset of X-rays, MRIs, and CT scans to identify patterns indicative of various diseases in their early stages. The implementation includes a novel neural network architecture optimized for medical image processing and a user-friendly interface for healthcare professionals.
    [field] => Computer Science
    [institution] => United International University
    [privacy] => 0
    [keywords] => ["Artificial Intelligence","Machine Learning","Healthcare","Medical Imaging"]
    [created_date] => 
    [updated_date] => 2025-04-26
    [github_url] => https://github.com/example/ai-disease-detection
    [project_url] => https://ai-disease-detection.example.com
    [paper_url] => https://example.com/papers/ai-disease-detection.pdf
    [doi] => https://doi.org/example/ai-detection
    [youtube_url] => 
    [supervisor] => Dr. Mahfuzur Rahman
    [team_members] => [{"name":"Farhan Khan","role":"Author","contribution":45,"userId":{"$oid":"6795313eea284b5c74e4a873"}},{"name":"Raisa Islam","role":"Author","contribution":55,"userId":{"$oid":"6795313eea284b5c74e4a874"}}]
    [timeline] => [{"title":"Data Collection","description":"Gathering and preprocessing medical imaging dataset","date":{"$date":{"$numberLong":"1692057600000"}},"status":"Completed","assignedTo":[{"$oid":"6795313eea284b5c74e4a873"}]},{"title":"Model Development","description":"Implementation and training of AI models","date":{"$date":{"$numberLong":"1696118400000"}},"status":"Completed","assignedTo":[{"$oid":"6795313eea284b5c74e4a874"}]}]
    [references] => [{"title":"Deep Learning Applications in Medical Imaging","link":"https://doi.org/10.1038/s41591-020-0931-3"},{"title":"test","link":"https://doi.org/10.1109/TDSC.2019.2940949"}]
    [views] => 892
    [downloads] => 245
    [favorites] => 67
    [comments] => []
)
2025-04-26 15:36:46 - Privacy field: value='0', type=string
2025-04-26 15:36:46 - References parsed as JSON: Array
(
    [0] => Array
        (
            [title] => Deep Learning Applications in Medical Imaging
            [link] => https://doi.org/10.1038/s41591-020-0931-3
        )

    [1] => Array
        (
            [title] => test
            [link] => https://doi.org/10.1109/TDSC.2019.2940949
        )

)

2025-04-26 15:36:46 - Final references data: Array
(
    [0] => Array
        (
            [title] => Deep Learning Applications in Medical Imaging
            [link] => https://doi.org/10.1038/s41591-020-0931-3
        )

    [1] => Array
        (
            [title] => test
            [link] => https://doi.org/10.1109/TDSC.2019.2940949
        )

)

2025-04-26 16:02:14 - POST data: Array
(
    [project_id] => 6795338cb2fbbc6383814728
    [title] => Smart Urban Waste Management System
    [abstract] => Development of an IoT-based smart waste management system for urban areas, incorporating real-time monitoring and optimization of collection routes.
    [description] => This project implements a smart waste management system using IoT sensors and cloud computing to optimize waste collection in urban areas. The system includes smart bins with fill-level monitoring, automated route optimization for collection vehicles, and a central dashboard for real-time monitoring and analytics.
    [field] => Environmental Engineering
    [institution] => United International University
    [privacy] => 0
    [keywords] => ["IoT","Smart City","Waste Management","Sustainability"]
    [created_date] => 
    [updated_date] => 2025-04-26
    [github_url] => https://github.com/example/smart-waste
    [project_url] => https://smart-waste.example.com
    [paper_url] => https://example.com/papers/smart-waste.pdf
    [doi] => 
    [youtube_url] => 
    [supervisor] => Dr. Tahmina Akter
    [team_members] => [{"name":"Nusrat Jahan","role":"Author","contribution":50,"userId":{"$oid":"6795313eea284b5c74e4a875"}},{"name":"Tasneem Rahman","role":"Author","contribution":50,"userId":{"$oid":"6795313eea284b5c74e4a876"}}]
    [timeline] => [{"title":"System Design","description":"Design of IoT architecture and sensor network","date":{"$date":{"$numberLong":"1690243200000"}},"status":"Completed"},{"title":"test","description":"test","date":{"$date":"2025-04-26T00:00:00.000Z"},"status":"Planned"}]
    [references] => [{"title":"IoT Integration in Urban Waste Management","link":"https://doi.org/10.1016/j.wasman.2019.02.033"},{"title":"test","link":"https://doi.org/10.1109/TDSC.2019.2940949"}]
    [views] => 654
    [downloads] => 189
    [favorites] => 45
    [comments] => []
)
2025-04-26 16:02:14 - Privacy field: value='0', type=string
2025-04-26 16:02:14 - References parsed as JSON: Array
(
    [0] => Array
        (
            [title] => IoT Integration in Urban Waste Management
            [link] => https://doi.org/10.1016/j.wasman.2019.02.033
        )

    [1] => Array
        (
            [title] => test
            [link] => https://doi.org/10.1109/TDSC.2019.2940949
        )

)

2025-04-26 16:02:14 - Final references data: Array
(
    [0] => Array
        (
            [title] => IoT Integration in Urban Waste Management
            [link] => https://doi.org/10.1016/j.wasman.2019.02.033
        )

    [1] => Array
        (
            [title] => test
            [link] => https://doi.org/10.1109/TDSC.2019.2940949
        )

)

2025-04-26 16:12:46 - POST data: Array
(
    [project_id] => 680ce2153fc22d716b02d236
    [title] => test
    [abstract] => test
    [description] => test
    [field] => Computer Science
    [institution] => United International University
    [privacy] => 0
    [keywords] => ["Blockchain"]
    [created_date] => 
    [updated_date] => 2025-04-26
    [github_url] => 
    [project_url] => 
    [paper_url] => 
    [doi] => 
    [youtube_url] => 
    [supervisor] => Dr. Saiful Islam
    [team_members] => [{"name":"Samin","role":"Author","contribution":11,"userId":null}]
    [timeline] => [{"title":"test","description":"test","date":"2025-04-26","status":"Planned"},{"title":"test","description":"test","date":"2025-04-26","status":"In Progress"},{"title":"test","description":"test","date":"2025-04-26","status":"Completed"}]
    [references] => [{"title":"test","link":"https://doi.org/10.1109/TDSC.2019.2940949"},{"title":"test2","link":"https://doi.org/10.1109/TDSC.2019.2940949"}]
    [views] => 740
    [downloads] => 784
    [favorites] => 563
    [comments] => []
)
2025-04-26 16:12:46 - Privacy field: value='0', type=string
2025-04-26 16:12:46 - References parsed as JSON: Array
(
    [0] => Array
        (
            [title] => test
            [link] => https://doi.org/10.1109/TDSC.2019.2940949
        )

    [1] => Array
        (
            [title] => test2
            [link] => https://doi.org/10.1109/TDSC.2019.2940949
        )

)

2025-04-26 16:12:46 - Final references data: Array
(
    [0] => Array
        (
            [title] => test
            [link] => https://doi.org/10.1109/TDSC.2019.2940949
        )

    [1] => Array
        (
            [title] => test2
            [link] => https://doi.org/10.1109/TDSC.2019.2940949
        )

)

2025-04-26 16:17:36 - POST data: Array
(
    [project_id] => 6795338cb2fbbc6383814727
    [title] => AI-Powered Early Disease Detection System
    [abstract] => Development of a machine learning system that can detect early signs of diseases through analysis of medical imaging data, focusing on improving diagnostic accuracy and reducing detection time.
    [description] => This research project develops an artificial intelligence system for early disease detection using deep learning algorithms applied to medical imaging data. The system is trained on a large dataset of X-rays, MRIs, and CT scans to identify patterns indicative of various diseases in their early stages. The implementation includes a novel neural network architecture optimized for medical image processing and a user-friendly interface for healthcare professionals.
    [field] => Computer Science
    [institution] => United International University
    [privacy] => 0
    [keywords] => ["Artificial Intelligence","Machine Learning","Healthcare","Medical Imaging"]
    [created_date] => 
    [updated_date] => 2025-04-26
    [github_url] => https://github.com/example/ai-disease-detection
    [project_url] => https://ai-disease-detection.example.com
    [paper_url] => https://example.com/papers/ai-disease-detection.pdf
    [doi] => https://doi.org/example/ai-detection
    [youtube_url] => 
    [supervisor] => Dr. Mahfuzur Rahman
    [team_members] => [{"name":"Farhan Khan","role":"Author","contribution":45,"userId":{"$oid":"6795313eea284b5c74e4a873"}},{"name":"Raisa Islam","role":"Author","contribution":55,"userId":{"$oid":"6795313eea284b5c74e4a874"}}]
    [timeline] => [{"title":"Data Collection","description":"Gathering and preprocessing medical imaging dataset","date":{"$date":{"$numberLong":"1692057600000"}},"status":"Completed"},{"title":"Model Development","description":"Implementation and training of AI models","date":{"$date":{"$numberLong":"1696118400000"}},"status":"Completed"}]
    [references] => [{"title":"Deep Learning Applications in Medical Imaging","link":"https://doi.org/10.1038/s41591-020-0931-3"},{"title":"test","link":"https://doi.org/10.1109/TDSC.2019.2940949"}]
    [views] => 892
    [downloads] => 245
    [favorites] => 67
    [comments] => []
)
2025-04-26 16:17:36 - Privacy field: value='0', type=string
2025-04-26 16:17:37 - References parsed as JSON: Array
(
    [0] => Array
        (
            [title] => Deep Learning Applications in Medical Imaging
            [link] => https://doi.org/10.1038/s41591-020-0931-3
        )

    [1] => Array
        (
            [title] => test
            [link] => https://doi.org/10.1109/TDSC.2019.2940949
        )

)

2025-04-26 16:17:37 - Final references data: Array
(
    [0] => Array
        (
            [title] => Deep Learning Applications in Medical Imaging
            [link] => https://doi.org/10.1038/s41591-020-0931-3
        )

    [1] => Array
        (
            [title] => test
            [link] => https://doi.org/10.1109/TDSC.2019.2940949
        )

)

2025-04-26 16:21:24 - POST data: Array
(
    [project_id] => 6795338cb2fbbc6383814728
    [title] => Smart Urban Waste Management System
    [abstract] => Development of an IoT-based smart waste management system for urban areas, incorporating real-time monitoring and optimization of collection routes.
    [description] => This project implements a smart waste management system using IoT sensors and cloud computing to optimize waste collection in urban areas. The system includes smart bins with fill-level monitoring, automated route optimization for collection vehicles, and a central dashboard for real-time monitoring and analytics.
    [field] => Environmental Engineering
    [institution] => United International University
    [privacy] => 0
    [keywords] => ["IoT","Smart City","Waste Management","Sustainability"]
    [created_date] => 
    [updated_date] => 2025-04-26
    [github_url] => https://github.com/example/smart-waste
    [project_url] => https://smart-waste.example.com
    [paper_url] => https://example.com/papers/smart-waste.pdf
    [doi] => 
    [youtube_url] => 
    [supervisor] => Dr. Tahmina Akter
    [team_members] => [{"name":"Nusrat Jahan","role":"Author","contribution":50,"userId":{"$oid":"6795313eea284b5c74e4a875"}},{"name":"Tasneem Rahman","role":"Author","contribution":50,"userId":{"$oid":"6795313eea284b5c74e4a876"}}]
    [timeline] => [{"title":"System Design","description":"Design of IoT architecture and sensor network","date":{"$date":{"$numberLong":"1690243200000"}},"status":"Completed"},{"title":"test","description":"test","date":{"$date":"2025-04-26T00:00:00.000Z"},"status":"Planned"}]
    [references] => [{"title":"IoT Integration in Urban Waste Management","link":"https://doi.org/10.1016/j.wasman.2019.02.033"},{"title":"test","link":"https://doi.org/10.1109/TDSC.2019.2940949"}]
    [views] => 654
    [downloads] => 189
    [favorites] => 45
    [comments] => []
)
2025-04-26 16:21:24 - Privacy field: value='0', type=string
2025-04-26 16:21:25 - References parsed as JSON: Array
(
    [0] => Array
        (
            [title] => IoT Integration in Urban Waste Management
            [link] => https://doi.org/10.1016/j.wasman.2019.02.033
        )

    [1] => Array
        (
            [title] => test
            [link] => https://doi.org/10.1109/TDSC.2019.2940949
        )

)

2025-04-26 16:21:25 - Final references data: Array
(
    [0] => Array
        (
            [title] => IoT Integration in Urban Waste Management
            [link] => https://doi.org/10.1016/j.wasman.2019.02.033
        )

    [1] => Array
        (
            [title] => test
            [link] => https://doi.org/10.1109/TDSC.2019.2940949
        )

)

2025-04-26 16:21:52 - POST data: Array
(
    [project_id] => 6795338cb2fbbc6383814728
    [title] => Smart Urban Waste Management System
    [abstract] => Development of an IoT-based smart waste management system for urban areas, incorporating real-time monitoring and optimization of collection routes.
    [description] => This project implements a smart waste management system using IoT sensors and cloud computing to optimize waste collection in urban areas. The system includes smart bins with fill-level monitoring, automated route optimization for collection vehicles, and a central dashboard for real-time monitoring and analytics.
    [field] => Environmental Engineering
    [institution] => United International University
    [privacy] => 0
    [keywords] => ["IoT","Smart City","Waste Management","Sustainability"]
    [created_date] => 2025-04-26
    [updated_date] => 2025-04-26
    [github_url] => https://github.com/example/smart-waste
    [project_url] => https://smart-waste.example.com
    [paper_url] => https://example.com/papers/smart-waste.pdf
    [doi] => 
    [youtube_url] => 
    [supervisor] => Dr. Tahmina Akter
    [team_members] => [{"name":"Nusrat Jahan","role":"Author","contribution":50,"userId":{"$oid":"6795313eea284b5c74e4a875"}},{"name":"Tasneem Rahman","role":"Author","contribution":50,"userId":{"$oid":"6795313eea284b5c74e4a876"}}]
    [timeline] => [{"title":"System Design","description":"Design of IoT architecture and sensor network","date":{"$date":{"$numberLong":"1690243200000"}},"status":"Completed"},{"title":"test","description":"test","date":{"$date":"2025-04-26T00:00:00.000Z"},"status":"Planned"}]
    [references] => [{"title":"IoT Integration in Urban Waste Management","link":"https://doi.org/10.1016/j.wasman.2019.02.033"},{"title":"test","link":"https://doi.org/10.1109/TDSC.2019.2940949"}]
    [views] => 654
    [downloads] => 189
    [favorites] => 45
    [comments] => []
)
2025-04-26 16:21:52 - Privacy field: value='0', type=string
2025-04-26 16:21:52 - References parsed as JSON: Array
(
    [0] => Array
        (
            [title] => IoT Integration in Urban Waste Management
            [link] => https://doi.org/10.1016/j.wasman.2019.02.033
        )

    [1] => Array
        (
            [title] => test
            [link] => https://doi.org/10.1109/TDSC.2019.2940949
        )

)

2025-04-26 16:21:52 - Final references data: Array
(
    [0] => Array
        (
            [title] => IoT Integration in Urban Waste Management
            [link] => https://doi.org/10.1016/j.wasman.2019.02.033
        )

    [1] => Array
        (
            [title] => test
            [link] => https://doi.org/10.1109/TDSC.2019.2940949
        )

)

2025-04-26 16:22:56 - POST data: Array
(
    [project_id] => 6795338cb2fbbc6383814728
    [title] => Smart Urban Waste Management System
    [abstract] => Development of an IoT-based smart waste management system for urban areas, incorporating real-time monitoring and optimization of collection routes.
    [description] => This project implements a smart waste management system using IoT sensors and cloud computing to optimize waste collection in urban areas. The system includes smart bins with fill-level monitoring, automated route optimization for collection vehicles, and a central dashboard for real-time monitoring and analytics.
    [field] => Environmental Engineering
    [institution] => United International University
    [privacy] => 0
    [keywords] => ["IoT","Smart City","Waste Management","Sustainability"]
    [created_date] => 
    [updated_date] => 2025-04-26
    [github_url] => https://github.com/example/smart-waste
    [project_url] => https://smart-waste.example.com
    [paper_url] => https://example.com/papers/smart-waste.pdf
    [doi] => 
    [youtube_url] => 
    [supervisor] => Dr. Tahmina Akter
    [team_members] => [{"name":"Nusrat Jahan","role":"Author","contribution":50,"userId":{"$oid":"6795313eea284b5c74e4a875"}},{"name":"Tasneem Rahman","role":"Author","contribution":50,"userId":{"$oid":"6795313eea284b5c74e4a876"}}]
    [timeline] => [{"title":"System Design","description":"Design of IoT architecture and sensor network","date":{"$date":"2025-04-26T00:00:00.000Z"},"status":"Completed"},{"title":"test","description":"test","date":{"$date":"2025-04-26T00:00:00.000Z"},"status":"Planned"},{"title":"test","description":"test","date":{"$date":"2025-04-29T00:00:00.000Z"},"status":"Planned"}]
    [references] => [{"title":"IoT Integration in Urban Waste Management","link":"https://doi.org/10.1016/j.wasman.2019.02.033"},{"title":"test","link":"https://doi.org/10.1109/TDSC.2019.2940949"}]
    [views] => 654
    [downloads] => 189
    [favorites] => 45
    [comments] => []
)
2025-04-26 16:22:56 - Privacy field: value='0', type=string
2025-04-26 16:22:56 - References parsed as JSON: Array
(
    [0] => Array
        (
            [title] => IoT Integration in Urban Waste Management
            [link] => https://doi.org/10.1016/j.wasman.2019.02.033
        )

    [1] => Array
        (
            [title] => test
            [link] => https://doi.org/10.1109/TDSC.2019.2940949
        )

)

2025-04-26 16:22:56 - Final references data: Array
(
    [0] => Array
        (
            [title] => IoT Integration in Urban Waste Management
            [link] => https://doi.org/10.1016/j.wasman.2019.02.033
        )

    [1] => Array
        (
            [title] => test
            [link] => https://doi.org/10.1109/TDSC.2019.2940949
        )

)

2025-05-11 20:12:30 - POST data: Array
(
    [project_id] => 6795338cb2fbbc6383814727
    [title] => AI-Powered Early Disease Detection System
    [abstract] => Development of a machine learning system that can detect early signs of diseases through analysis of medical imaging data, focusing on improving diagnostic accuracy and reducing detection time.
    [description] => This research project develops an artificial intelligence system for early disease detection using deep learning algorithms applied to medical imaging data. The system is trained on a large dataset of X-rays, MRIs, and CT scans to identify patterns indicative of various diseases in their early stages. The implementation includes a novel neural network architecture optimized for medical image processing and a user-friendly interface for healthcare professionals.
    [field] => Computer Science
    [institution] => United International University
    [privacy] => 0
    [keywords] => ["Artificial Intelligence","Machine Learning","Healthcare","Medical Imaging"]
    [created_date] => 
    [updated_date] => 2025-05-11
    [github_url] => https://github.com/example/ai-disease-detection
    [project_url] => https://ai-disease-detection.example.com
    [paper_url] => https://example.com/papers/ai-disease-detection.pdf
    [doi] => https://doi.org/example/ai-detection
    [youtube_url] => 
    [supervisor] => Dr. Mahfuzur Rahman
    [team_members] => [{"name":"Farhan Khan","role":"Author","contribution":45,"userId":{"$oid":"6795313eea284b5c74e4a873"}},{"name":"Raisa Islam","role":"Author","contribution":55,"userId":{"$oid":"6795313eea284b5c74e4a874"}}]
    [timeline] => [{"title":"Data Collection","description":"Gathering and preprocessing medical imaging dataset","date":{"$date":{"$numberLong":"1692057600000"}},"status":"Completed"},{"title":"Model Development","description":"Implementation and training of AI models","date":{"$date":{"$numberLong":"1696118400000"}},"status":"Completed"},{"title":"","description":"","date":{"$date":"2025-05-11T18:11:40.756Z"},"status":"Planned"},{"title":"test","description":"test","date":{"$date":"2025-05-11T00:00:00.000Z"},"status":"In Progress"}]
    [references] => [{"title":"Deep Learning Applications in Medical Imaging","link":"https://doi.org/10.1038/s41591-020-0931-3"},{"title":"test","link":"https://doi.org/10.1109/TDSC.2019.2940949"}]
    [views] => 892
    [downloads] => 245
    [favorites] => 67
    [comments] => []
)
2025-05-11 20:12:30 - Privacy field: value='0', type=string
2025-05-11 20:12:30 - References parsed as JSON: Array
(
    [0] => Array
        (
            [title] => Deep Learning Applications in Medical Imaging
            [link] => https://doi.org/10.1038/s41591-020-0931-3
        )

    [1] => Array
        (
            [title] => test
            [link] => https://doi.org/10.1109/TDSC.2019.2940949
        )

)

2025-05-11 20:12:30 - Final references data: Array
(
    [0] => Array
        (
            [title] => Deep Learning Applications in Medical Imaging
            [link] => https://doi.org/10.1038/s41591-020-0931-3
        )

    [1] => Array
        (
            [title] => test
            [link] => https://doi.org/10.1109/TDSC.2019.2940949
        )

)

2025-05-19 08:08:15 - POST data: Array
(
    [project_id] => 680ce2153fc22d716b02d236
    [title] => test
    [abstract] => test
    [description] => test
    [field] => Computer Science
    [institution] => United International University
    [privacy] => 0
    [keywords] => ["Blockchain"]
    [created_date] => 
    [updated_date] => 2025-05-19
    [github_url] => 
    [project_url] => 
    [paper_url] => 
    [doi] => 
    [youtube_url] => 
    [supervisor] => Dr. Saiful Islam
    [team_members] => [{"name":"Samin","role":"Author","contribution":11,"userId":null}]
    [timeline] => [{"title":"test","description":"test","date":"2025-04-26","status":"Planned"},{"title":"test","description":"test","date":"2025-04-26","status":"In Progress"},{"title":"test","description":"test","date":"2025-04-26","status":"Completed"}]
    [references] => [{"title":"test","link":"https://doi.org/10.1109/TDSC.2019.2940949"},{"title":"test2","link":"https://doi.org/10.1109/TDSC.2019.2940949"}]
    [views] => 740
    [downloads] => 784
    [favorites] => 563
    [comments] => []
)
2025-05-19 08:08:15 - Privacy field: value='0', type=string
2025-05-19 08:08:15 - References parsed as JSON: Array
(
    [0] => Array
        (
            [title] => test
            [link] => https://doi.org/10.1109/TDSC.2019.2940949
        )

    [1] => Array
        (
            [title] => test2
            [link] => https://doi.org/10.1109/TDSC.2019.2940949
        )

)

2025-05-19 08:08:15 - Final references data: Array
(
    [0] => Array
        (
            [title] => test
            [link] => https://doi.org/10.1109/TDSC.2019.2940949
        )

    [1] => Array
        (
            [title] => test2
            [link] => https://doi.org/10.1109/TDSC.2019.2940949
        )

)

2025-05-19 08:13:45 - POST data: Array
(
    [project_id] => 682acbe836469b434b000244
    [title] => test2
    [abstract] => test2
    [description] => test2
    [field] => Blockchain
    [institution] => United International University
    [privacy] => 0
    [keywords] => []
    [created_date] => 
    [updated_date] => 2025-05-19
    [github_url] => https://github.com/example/project14
    [project_url] => https://github.com/example/project14
    [paper_url] => https://github.com/example/project14
    [doi] => https://github.com/example/project14
    [youtube_url] => https://github.com/example/project14
    [supervisor] => Sunday
    [team_members] => [{"name":"Samin","role":"Author","contribution":25,"userId":null}]
    [timeline] => [{"title":"","description":"","date":"2025-05-19","status":"Planned"},{"title":"","description":"","date":"2025-05-19","status":"Planned"},{"title":"","description":"","date":"2025-05-19","status":"Planned"},{"title":"","description":"","date":"2025-05-19","status":"Planned"}]
    [references] => [{"title":"Test","link":"https://github.com/example/project14"}]
    [views] => 363
    [downloads] => 998
    [favorites] => 486
    [comments] => []
)
2025-05-19 08:13:45 - Privacy field: value='0', type=string
2025-05-19 08:13:45 - References parsed as JSON: Array
(
    [0] => Array
        (
            [title] => Test
            [link] => https://github.com/example/project14
        )

)

2025-05-19 08:13:45 - Final references data: Array
(
    [0] => Array
        (
            [title] => Test
            [link] => https://github.com/example/project14
        )

)

2025-05-19 08:14:41 - POST data: Array
(
    [project_id] => 682acbe836469b434b000244
    [title] => test2
    [abstract] => test2
    [description] => test2
    [field] => Blockchain
    [institution] => United International University
    [privacy] => 0
    [keywords] => []
    [created_date] => 
    [updated_date] => 2025-05-19
    [github_url] => https://github.com/example/project14
    [project_url] => https://github.com/example/project14
    [paper_url] => https://github.com/example/project14
    [doi] => https://github.com/example/project14
    [youtube_url] => https://github.com/example/project14
    [supervisor] => Sunday
    [team_members] => [{"name":"Samin","role":"Author","contribution":25,"userId":null}]
    [timeline] => [{"title":"test","description":"","date":{"$date":"2025-05-19T00:00:00.000Z"},"status":"Planned"},{"title":"test2","description":"","date":{"$date":"2025-05-19T00:00:00.000Z"},"status":"Planned"},{"title":"test3","description":"","date":{"$date":"2025-05-19T00:00:00.000Z"},"status":"Planned"},{"title":"test4","description":"","date":{"$date":"2025-05-19T00:00:00.000Z"},"status":"Planned"}]
    [references] => [{"title":"Test","link":"https://github.com/example/project14"}]
    [views] => 363
    [downloads] => 998
    [favorites] => 486
    [comments] => []
)
2025-05-19 08:14:41 - Privacy field: value='0', type=string
2025-05-19 08:14:41 - References parsed as JSON: Array
(
    [0] => Array
        (
            [title] => Test
            [link] => https://github.com/example/project14
        )

)

2025-05-19 08:14:41 - Final references data: Array
(
    [0] => Array
        (
            [title] => Test
            [link] => https://github.com/example/project14
        )

)

2025-05-28 19:41:25 - POST data: Array
(
    [project_id] => 683749cb11c7b33a5403b378
    [title] => test 3
    [abstract] => test3
    [description] => test3
    [field] => Computer Science
    [institution] => United International University
    [privacy] => 0
    [keywords] => ["Blockchain"]
    [created_date] => 
    [updated_date] => 2025-05-28
    [github_url] => https://github.com/example/project14
    [project_url] => https://blockchain-supply-chain.example.com
    [paper_url] => https://example.com/papers/blockchain-supply-chain.pdf
    [doi] => https://doi.org/example/project14
    [youtube_url] => https://youtube.com/watch?v=example14
    [supervisor] => Mr. Shoib Ahmed Shourav
    [team_members] => [{"name":"samin","role":"Author","contribution":100,"userId":{"$oid":"6833436be5c16779b409aa42"}},{"name":"Samin","role":"Author","contribution":40,"userId":null}]
    [timeline] => [{"title":"test3wwwwwwwwwwwwwwwwwwwwwwwwwwwwwwwwwwwwwwwwwwwwwwwwwwwwwwwwwwwwwwwwwwwwwwwwww","description":"test3","date":{"$date":"2025-05-28T00:00:00.000Z"},"status":"Planned"},{"title":"test3","description":"test3","date":"2025-05-28","status":"Planned"},{"title":"test3","description":"test3","date":"2025-05-28","status":"Planned"},{"title":"test3","description":"test3","date":"2025-05-28","status":"Planned"},{"title":"test3","description":"test3","date":"2025-05-28","status":"Planned"},{"title":"test3","description":"test3","date":"2025-05-28","status":"Planned"}]
    [references] => [{"title":"test3","link":"https://github.com/example/project14"}]
    [views] => 101
    [downloads] => 302
    [favorites] => 29
    [comments] => []
)
2025-05-28 19:41:25 - Privacy field: value='0', type=string
2025-05-28 19:41:26 - References parsed as JSON: Array
(
    [0] => Array
        (
            [title] => test3
            [link] => https://github.com/example/project14
        )

)

2025-05-28 19:41:26 - Final references data: Array
(
    [0] => Array
        (
            [title] => test3
            [link] => https://github.com/example/project14
        )

)

2025-06-03 08:13:36 - POST data: Array
(
    [project_id] => 6839534eb7804646190966c4
    [title] => teset
    [abstract] => tsetsetse
    [description] => estsetsetst
    [field] => Computer Science
    [institution] => United International University
    [privacy] => 0
    [keywords] => ["Blockchain"]
    [created_date] => 
    [updated_date] => 2025-06-03
    [github_url] => https://github.com/example/project14
    [project_url] => https://blockchain-supply-chain.example.com
    [paper_url] => https://example.com/papers/blockchain-supply-chain.pdf
    [doi] => https://doi.org/example/project14
    [youtube_url] => https://youtube.com/watch?v=example14
    [supervisor] => Mr. Shoib Ahmed Shourav
    [team_members] => [{"name":"Samin yeaser khan","role":"Creator","contribution":100,"userId":{"$oid":"6833436be5c16779b409aa42"}},{"name":"Imran Hasan","role":"Author","contribution":0,"userId":{"$oid":"6656d4b4f7e5b8c9a0a1b2c9"}}]
    [timeline] => [{"title":"","description":"","date":"2025-05-30","status":"Planned"},{"title":"","description":"","date":"2025-05-30","status":"Planned"},{"title":"","description":"","date":"2025-05-30","status":"Planned"}]
    [references] => []
    [views] => 0
    [downloads] => 0
    [favorites] => 0
    [comments] => []
)
2025-06-03 08:13:36 - Privacy field: value='0', type=string
2025-06-03 08:13:36 - References parsed as JSON: Array
(
)

2025-06-03 08:13:36 - Final references data: Array
(
)

2025-06-03 08:14:46 - POST data: Array
(
    [project_id] => 6839534eb7804646190966c4
    [title] => teset
    [abstract] => tsetsetse
    [description] => estsetsetst
    [field] => Computer Science
    [institution] => United International University
    [privacy] => 0
    [keywords] => ["Blockchain"]
    [created_date] => 
    [updated_date] => 2025-06-03
    [github_url] => https://github.com/example/project14
    [project_url] => https://blockchain-supply-chain.example.com
    [paper_url] => https://example.com/papers/blockchain-supply-chain.pdf
    [doi] => https://doi.org/example/project14
    [youtube_url] => https://youtube.com/watch?v=example14
    [supervisor] => Mr. Shoib Ahmed Shourav
    [team_members] => [{"name":"Samin yeaser khan","role":"Creator","contribution":100,"userId":{"$oid":"6833436be5c16779b409aa42"}},{"name":"Imran Hasan","role":"Author","contribution":0,"userId":{"$oid":"6656d4b4f7e5b8c9a0a1b2c9"}}]
    [timeline] => []
    [references] => []
    [views] => 0
    [downloads] => 0
    [favorites] => 0
    [comments] => []
)
2025-06-03 08:14:46 - Privacy field: value='0', type=string
2025-06-03 08:14:47 - References parsed as JSON: Array
(
)

2025-06-03 08:14:47 - Final references data: Array
(
)

2025-06-03 08:18:04 - POST data: Array
(
    [project_id] => 68394ff840726b25bd0d4d1c
    [title] => test
    [abstract] => teset
    [description] => tset
    [field] => Computer Science
    [institution] => United International University
    [privacy] => 0
    [keywords] => ["Blockchain"]
    [created_date] => 
    [updated_date] => 2025-06-03
    [github_url] => https://github.com/example/project14
    [project_url] => https://blockchain-supply-chain.example.com
    [paper_url] => https://example.com/papers/blockchain-supply-chain.pdf
    [doi] => https://doi.org/example/project14
    [youtube_url] => https://youtube.com/watch?v=example14
    [supervisor] => Mr. Shoib Ahmed Shourav
    [team_members] => [{"name":"Samin yeaser khan","role":"Creator","contribution":65,"userId":{"$oid":"6833436be5c16779b409aa42"}},{"name":"Sadia Akter","role":"Author","contribution":25,"userId":{"$oid":"6656d4b4f7e5b8c9a0a1b2c8"}}]
    [timeline] => [{"title":"","description":"","date":"2025-05-30","status":"Planned"},{"title":"","description":"","date":"2025-05-30","status":"Planned"},{"title":"","description":"","date":"2025-05-30","status":"Planned"}]
    [references] => []
    [views] => 0
    [downloads] => 0
    [favorites] => 0
    [comments] => []
)
2025-06-03 08:18:04 - Privacy field: value='0', type=string
2025-06-03 08:18:04 - References parsed as JSON: Array
(
)

2025-06-03 08:18:04 - Final references data: Array
(
)

2025-06-03 08:20:52 - POST data: Array
(
    [project_id] => 683952c129e2e29768009ea2
    [title] => Test Project 2
    [abstract] => This is a test project abstract.
    [description] => Test description
    [field] => Computer Science
    [institution] => United International University
    [privacy] => 0
    [keywords] => ["test","project"]
    [created_date] => 
    [updated_date] => 2025-06-03
    [github_url] => 
    [project_url] => 
    [paper_url] => 
    [doi] => 
    [youtube_url] => 
    [supervisor] => Dr. Md. Nomani Kabir
    [team_members] => [{"name":"Test User","role":"Author","contribution":100,"userId":{"$oid":"6833436be5c16779b409aa42"}}]
    [timeline] => []
    [references] => []
    [views] => 905
    [downloads] => 637
    [favorites] => 769
    [comments] => []
)
2025-06-03 08:20:52 - Privacy field: value='0', type=string
2025-06-03 08:20:52 - References parsed as JSON: Array
(
)

2025-06-03 08:20:52 - Final references data: Array
(
)

2025-06-03 08:22:47 - POST data: Array
(
    [project_id] => 683998a151fcf55cdb026af4
    [title] => test5
    [abstract] => test5
    [description] => test5
    [field] => Computer Science
    [institution] => United International University
    [privacy] => 0
    [keywords] => []
    [created_date] => 
    [updated_date] => 2025-06-03
    [github_url] => https://github.com/example/project14
    [project_url] => https://blockchain-supply-chain.example.com
    [paper_url] => https://example.com/papers/blockchain-supply-chain.pdf
    [doi] => https://doi.org/example/project14
    [youtube_url] => https://youtube.com/watch?v=example14
    [supervisor] => Dr. Khondaker Abdullah-Al-Mamun
    [team_members] => [{"name":"Samin yeaser khan","role":"Creator","contribution":100,"userId":{"$oid":"6833436be5c16779b409aa42"}},{"name":"Imran Hasan","role":"Author","contribution":0,"userId":{"$oid":"6656d4b4f7e5b8c9a0a1b2c9"}}]
    [timeline] => [{"title":"","description":"","date":"2025-05-30","status":"Planned"},{"title":"","description":"","date":"2025-05-30","status":"Planned"},{"title":"","description":"","date":"2025-05-30","status":"Planned"}]
    [references] => []
    [views] => 0
    [downloads] => 0
    [favorites] => 0
    [comments] => []
)
2025-06-03 08:22:47 - Privacy field: value='0', type=string
2025-06-03 08:22:47 - References parsed as JSON: Array
(
)

2025-06-03 08:22:47 - Final references data: Array
(
)

2025-06-03 08:29:18 - POST data: Array
(
    [project_id] => 683998a151fcf55cdb026af4
    [title] => test5
    [abstract] => test5
    [description] => test5
    [field] => Computer Science
    [institution] => United International University
    [privacy] => 0
    [keywords] => []
    [created_date] => 2025-05-30
    [updated_date] => 2025-06-02
    [github_url] => https://github.com/example/project14
    [project_url] => https://blockchain-supply-chain.example.com
    [paper_url] => https://example.com/papers/blockchain-supply-chain.pdf
    [doi] => https://doi.org/example/project14
    [youtube_url] => https://youtube.com/watch?v=example14
    [supervisor] => Mr. Shoib Ahmed Shourav
    [team_members] => [{"name":"Samin yeaser khan","role":"Creator","contribution":100,"userId":{"$oid":"6833436be5c16779b409aa42"}},{"name":"Imran Hasan","role":"Author","contribution":0,"userId":{"$oid":"6656d4b4f7e5b8c9a0a1b2c9"}}]
    [timeline] => []
    [references] => []
    [views] => 1
    [downloads] => 0
    [favorites] => 0
    [comments] => []
)
2025-06-03 08:29:18 - Privacy field: value='0', type=string
2025-06-03 08:29:18 - References parsed as JSON: Array
(
)

2025-06-03 08:29:18 - Final references data: Array
(
)

2025-06-03 08:29:36 - POST data: Array
(
    [project_id] => 683998a151fcf55cdb026af4
    [title] => test5
    [abstract] => test5
    [description] => test5
    [field] => Computer Science
    [institution] => United International University
    [privacy] => 0
    [keywords] => []
    [created_date] => 2025-05-29
    [updated_date] => 2025-06-01
    [github_url] => https://github.com/example/project14
    [project_url] => https://blockchain-supply-chain.example.com
    [paper_url] => https://example.com/papers/blockchain-supply-chain.pdf
    [doi] => https://doi.org/example/project14
    [youtube_url] => https://youtube.com/watch?v=example14
    [supervisor] => Mr. Iftekharul Abedeen
    [team_members] => [{"name":"Samin yeaser khan","role":"Creator","contribution":100,"userId":{"$oid":"6833436be5c16779b409aa42"}},{"name":"Imran Hasan","role":"Author","contribution":0,"userId":{"$oid":"6656d4b4f7e5b8c9a0a1b2c9"}}]
    [timeline] => []
    [references] => []
    [views] => 1
    [downloads] => 0
    [favorites] => 0
    [comments] => []
)
2025-06-03 08:29:36 - Privacy field: value='0', type=string
2025-06-03 08:29:36 - References parsed as JSON: Array
(
)

2025-06-03 08:29:36 - Final references data: Array
(
)

2025-06-03 08:29:57 - POST data: Array
(
    [project_id] => 683998a151fcf55cdb026af4
    [title] => test5
    [abstract] => test5
    [description] => test5
    [field] => Computer Science
    [institution] => United International University
    [privacy] => 0
    [keywords] => []
    [created_date] => 2025-05-28
    [updated_date] => 2025-05-31
    [github_url] => https://github.com/example/project14
    [project_url] => https://blockchain-supply-chain.example.com
    [paper_url] => https://example.com/papers/blockchain-supply-chain.pdf
    [doi] => https://doi.org/example/project14
    [youtube_url] => https://youtube.com/watch?v=example14
    [supervisor] => Mr. Shoib Ahmed Shourav
    [team_members] => [{"name":"Samin yeaser khan","role":"Creator","contribution":100,"userId":{"$oid":"6833436be5c16779b409aa42"}},{"name":"Imran Hasan","role":"Author","contribution":0,"userId":{"$oid":"6656d4b4f7e5b8c9a0a1b2c9"}}]
    [timeline] => []
    [references] => []
    [views] => 1
    [downloads] => 0
    [favorites] => 0
    [comments] => []
)
2025-06-03 08:29:57 - Privacy field: value='0', type=string
2025-06-03 08:29:58 - References parsed as JSON: Array
(
)

2025-06-03 08:29:58 - Final references data: Array
(
)

2025-06-03 08:35:20 - POST data: Array
(
    [project_id] => 683998a151fcf55cdb026af4
    [title] => test5
    [abstract] => test5
    [description] => test5
    [field] => Computer Science
    [institution] => United International University
    [privacy] => 0
    [keywords] => []
    [created_date] => 2025-05-27
    [updated_date] => 2025-05-30
    [github_url] => https://github.com/example/project14
    [project_url] => https://blockchain-supply-chain.example.com
    [paper_url] => https://example.com/papers/blockchain-supply-chain.pdf
    [doi] => https://doi.org/example/project14
    [youtube_url] => https://youtube.com/watch?v=example14
    [supervisor] => Ms. Sadia Islam
    [team_members] => [{"name":"Samin yeaser khan","role":"Creator","contribution":100,"userId":{"$oid":"6833436be5c16779b409aa42"}},{"name":"Imran Hasan","role":"Author","contribution":0,"userId":{"$oid":"6656d4b4f7e5b8c9a0a1b2c9"}}]
    [timeline] => []
    [references] => []
    [views] => 1
    [downloads] => 0
    [favorites] => 0
    [comments] => []
)
2025-06-03 08:35:20 - Privacy field: value='0', type=string
2025-06-03 08:35:20 - References parsed as JSON: Array
(
)

2025-06-03 08:35:20 - Final references data: Array
(
)

2025-06-03 08:42:53 - POST data: Array
(
    [project_id] => 683998a151fcf55cdb026af4
    [title] => test5
    [abstract] => test5
    [description] => test5
    [field] => Computer Science
    [institution] => United International University
    [privacy] => 0
    [keywords] => []
    [created_date] => 2025-05-26
    [updated_date] => 2025-05-29
    [github_url] => https://github.com/example/project14
    [project_url] => https://blockchain-supply-chain.example.com
    [paper_url] => https://example.com/papers/blockchain-supply-chain.pdf
    [doi] => https://doi.org/example/project14
    [youtube_url] => https://youtube.com/watch?v=example14
    [supervisor] => Mr. Shoib Ahmed Shourav
    [team_members] => [{"name":"Samin yeaser khan","role":"Creator","contribution":100,"userId":{"$oid":"6833436be5c16779b409aa42"}},{"name":"Imran Hasan","role":"Author","contribution":0,"userId":{"$oid":"6656d4b4f7e5b8c9a0a1b2c9"}}]
    [timeline] => []
    [references] => []
    [views] => 1
    [downloads] => 0
    [favorites] => 0
    [comments] => []
)
2025-06-03 08:42:53 - Privacy field: value='0', type=string
2025-06-03 08:42:54 - References parsed as JSON: Array
(
)

2025-06-03 08:42:54 - Final references data: Array
(
)

2025-06-05 13:10:46 - POST data: Array
(
    [project_id] => 683749cb11c7b33a5403b378
    [title] => test 3
    [abstract] => test3
    [description] => test3
    [field] => Computer Science
    [institution] => United International University
    [privacy] => 0
    [keywords] => ["Blockchain"]
    [created_date] => 2025-05-27
    [updated_date] => 2025-05-26
    [github_url] => https://github.com/example/project14
    [project_url] => https://blockchain-supply-chain.example.com
    [paper_url] => https://example.com/papers/blockchain-supply-chain.pdf
    [doi] => https://doi.org/example/project14
    [youtube_url] => https://youtube.com/watch?v=example14
    [supervisor] => Dr. Md. Nomani Kabir
    [team_members] => [{"name":"Samin yeaser khan","role":"","contribution":0,"userId":null},{"name":"Sadia Akter","role":"","contribution":0,"userId":null},{"name":"Imran Hasan","role":"","contribution":0,"userId":null},{"name":"Zayan Ahmed","role":"","contribution":0,"userId":null}]
    [timeline] => [{"title":"test3wwwwwwwwwwwwwwwwwwwwwwwwwwwwwwwwwwwwwwwwwwwwwwwwwwwwwwwwwwwwwwwwwwwwwwwwww","description":"test3","date":{"$date":"2025-05-28T00:00:00.000Z"},"status":"Planned"},{"title":"test3","description":"test3","date":"2025-05-28","status":"Planned"},{"title":"test3","description":"test3","date":"2025-05-28","status":"Planned"},{"title":"test3","description":"test3","date":"2025-05-28","status":"Planned"},{"title":"test3","description":"test3","date":"2025-05-28","status":"Planned"},{"title":"test3","description":"test3","date":"2025-05-28","status":"Planned"}]
    [references] => [{"title":"test3","link":"https://github.com/example/project14"}]
    [views] => 1
    [downloads] => 0
    [favorites] => 0
    [comments] => []
)
2025-06-05 13:10:46 - Privacy field: value='0', type=string
2025-06-05 13:10:47 - References parsed as JSON: Array
(
    [0] => Array
        (
            [title] => test3
            [link] => https://github.com/example/project14
        )

)

2025-06-05 13:10:47 - Final references data: Array
(
    [0] => Array
        (
            [title] => test3
            [link] => https://github.com/example/project14
        )

)

2025-06-05 14:11:53 - POST data: Array
(
    [project_id] => 6839534eb7804646190966c4
    [title] => teset
    [abstract] => tsetsetse
    [description] => estsetsetst
    [field] => Computer Science
    [institution] => United International University
    [privacy] => 0
    [keywords] => ["Blockchain"]
    [created_date] => 2025-05-28
    [updated_date] => 2025-05-31
    [github_url] => https://github.com/example/project14
    [project_url] => https://blockchain-supply-chain.example.com
    [paper_url] => https://example.com/papers/blockchain-supply-chain.pdf
    [doi] => https://doi.org/example/project14
    [youtube_url] => https://youtube.com/watch?v=example14
    [supervisor] => Dr. Md. Nomani Kabir
    [team_members] => [{"name":"Samin yeaser khan","role":"Creator","contribution":100,"userId":{"$oid":"6833436be5c16779b409aa42"}},{"name":"Imran Hasan","role":"Author","contribution":0,"userId":{"$oid":"6656d4b4f7e5b8c9a0a1b2c9"}}]
    [timeline] => [{"title":"test","description":"test","date":{"$date":"2025-06-03T00:00:00.000Z"},"status":"Planned"},{"title":"test","description":"test","date":{"$date":"2025-06-03T00:00:00.000Z"},"status":"Planned"}]
    [references] => []
    [views] => 1
    [downloads] => 0
    [favorites] => 0
    [comments] => []
)
2025-06-05 14:11:53 - Privacy field: value='0', type=string
2025-06-05 14:11:53 - References parsed as JSON: Array
(
)

2025-06-05 14:11:53 - Final references data: Array
(
)

2025-06-20 12:44:17 - POST data: Array
(
    [project_id] => 683ee98f2ac509172f01017b
    [title] => chat test
    [abstract] => chat test
    [description] => chat test
    [field] => Computer Science
    [institution] => United International University
    [privacy] => 0
    [keywords] => ["Blockchain"]
    [created_date] => 2025-06-03
    [updated_date] => 2025-06-12
    [github_url] => https://github.com/example/project14
    [project_url] => https://blockchain-supply-chain.example.com
    [paper_url] => https://example.com/papers/blockchain-supply-chain.pdf
    [doi] => https://doi.org/example/project14
    [youtube_url] => https://youtube.com/watch?v=example14
    [supervisor] => Dr. Md. Nomani Kabir
    [team_members] => [{"name":"Samin yeaser khan","role":"Creator","contribution":100,"userId":{"$oid":"6833436be5c16779b409aa42"}},{"name":"Sadia Akter","role":"Author","contribution":0,"userId":{"$oid":"6656d4b4f7e5b8c9a0a1b2c8"}},{"name":"Imran Hasan","role":"Author","contribution":0,"userId":{"$oid":"6656d4b4f7e5b8c9a0a1b2c9"}},{"name":"Zayan Ahmed","role":"Author","contribution":0,"userId":{"$oid":"6656d4b4f7e5b8c9a0a1b2c5"}},{"name":"Tanvir Hossain","role":"Author","contribution":0,"userId":{"$oid":"6656d4b4f7e5b8c9a0a1b2cb"}}]
    [timeline] => [{"title":"editProjectBtneditProjectBtneditProjectBtn","description":"editProjectBtneditProjectBtneditProjectBtneditProjectBtneditProjectBtneditProjectBtn","date":{"$date":"2025-06-03T00:00:00.000Z"},"status":"Planned"},{"title":"editProjectBtneditProjectBtneditProjectBtn","description":"editProjectBtneditProjectBtneditProjectBtneditProjectBtneditProjectBtneditProjectBtn","date":{"$date":"2025-06-03T00:00:00.000Z"},"status":"Planned"},{"title":"editProjectBtneditProjectBtneditProjectBtn","description":"editProjectBtneditProjectBtneditProjectBtneditProjectBtneditProjectBtneditProjectBtn","date":{"$date":"2025-06-03T00:00:00.000Z"},"status":"Planned"},{"title":"editProjectBtneditProjectBtneditProjectBtn","description":"editProjectBtneditProjectBtneditProjectBtneditProjectBtneditProjectBtneditProjectBtn","date":{"$date":"2025-06-03T00:00:00.000Z"},"status":"Planned"}]
    [references] => []
    [views] => 1
    [downloads] => 0
    [favorites] => 0
    [comments] => []
)
2025-06-20 12:44:17 - Privacy field: value='0', type=string
2025-06-20 12:44:17 - References parsed as JSON: Array
(
)

2025-06-20 12:44:17 - Final references data: Array
(
)

2025-06-20 13:13:30 - POST data: Array
(
    [project_id] => 68553ea8793d650a9900a574
    [title] => Project Timeline
    [abstract] => Project Timeline
    [description] => 
    [field] => Computer Science
    [institution] => United International University
    [privacy] => 0
    [keywords] => []
    [created_date] => 2025-06-20
    [updated_date] => 2025-06-20
    [github_url] => 
    [project_url] => 
    [paper_url] => 
    [doi] => 
    [youtube_url] => 
    [supervisor] => Dr. Md. Nomani Kabir
    [team_members] => [{"name":"Samin yeaser khan","role":"Creator","contribution":100,"userId":{"$oid":"6833436be5c16779b409aa42"}},{"name":"Imran Hasan","role":"Author","contribution":0,"userId":{"$oid":"6656d4b4f7e5b8c9a0a1b2c9"}}]
    [timeline] => [{"title":"editProjectBtneditProjectBtneditProjectBtn","description":"Project TimelineProject TimelineProject TimelineProject TimelineProject Timeline","date":{"$date":"2025-06-20T00:00:00.000Z"},"status":"Planned","assignedBy":{"name":"Dr. Md. Nomani Kabir","userId":"67e1a9f6ebb89e49e04ddf35"},"assignedTo":[{"$oid":""},{"$oid":"68545754d25e020985fec16d"},{"$oid":"683c4be949c799b6cd328c47"}]},{"title":"editProjectBtneditProjectBtneditProjectBtn","description":"Project TimelineProject TimelineProject TimelineProject TimelineProject TimelineProject Timeline","date":{"$date":"2025-06-20T00:00:00.000Z"},"status":"Planned","assignedBy":{"name":"Samin yeaser khan","userId":null},"assignedTo":[{"$oid":""},{"$oid":""},{"$oid":"683c4be949c799b6cd328c47"}]}]
    [references] => []
    [views] => 1
    [downloads] => 0
    [favorites] => 0
    [comments] => []
)
2025-06-20 13:13:30 - Privacy field: value='0', type=string
2025-06-20 13:13:30 - References parsed as JSON: Array
(
)

2025-06-20 13:13:30 - Final references data: Array
(
)

2025-06-20 18:14:47 - POST data: Array
(
    [project_id] => 685551a4793d650a9900a57f
    [title] => test timeline
    [abstract] => test timeline
    [description] => 
    [field] => Computer Science
    [institution] => United International University
    [privacy] => 0
    [keywords] => []
    [created_date] => 2025-06-20
    [updated_date] => 2025-06-20
    [github_url] => 
    [project_url] => 
    [paper_url] => 
    [doi] => 
    [youtube_url] => 
    [supervisor] => Dr. Md. Nomani Kabir
    [team_members] => [{"name":"Samin yeaser khan","role":"Creator","contribution":100,"userId":{"$oid":"6833436be5c16779b409aa42"}},{"name":"Sadia Akter","role":"Author","contribution":0,"userId":{"$oid":"6656d4b4f7e5b8c9a0a1b2c8"}}]
    [timeline] => [{"title":"editProjectBtneditProjectBtneditProjectBtn","description":"test timelinetest timelinetest timeline","date":"2025-06-20","status":"Planned","assignedBy":"67e1a9f6ebb89e49e04ddf35","assignedTo":["6833436be5c16779b409aa42","6656d4b4f7e5b8c9a0a1b2c8"]},{"title":"editProjectBtneditProjectBtneditProjectBtn","description":"test timelinetest timelinetest timeline","date":"2025-06-20","status":"Planned","assignedBy":"6833436be5c16779b409aa42","assignedTo":["6656d4b4f7e5b8c9a0a1b2c8"]}]
    [references] => []
    [views] => 1
    [downloads] => 0
    [favorites] => 0
    [comments] => []
)
2025-06-20 18:14:47 - Privacy field: value='0', type=string
2025-06-20 18:14:47 - References parsed as JSON: Array
(
)

2025-06-20 18:14:47 - Final references data: Array
(
)

2025-06-20 18:15:48 - POST data: Array
(
    [project_id] => 685551a4793d650a9900a57f
    [title] => test timeline
    [abstract] => test timeline
    [description] => 
    [field] => Computer Science
    [institution] => United International University
    [privacy] => 0
    [keywords] => []
    [created_date] => 2025-06-19
    [updated_date] => 2025-06-19
    [github_url] => 
    [project_url] => 
    [paper_url] => 
    [doi] => 
    [youtube_url] => 
    [supervisor] => Dr. Md. Nomani Kabir
    [team_members] => [{"name":"Samin yeaser khan","role":"Creator","contribution":100,"userId":{"$oid":"6833436be5c16779b409aa42"}},{"name":"Sadia Akter","role":"Author","contribution":0,"userId":{"$oid":"6656d4b4f7e5b8c9a0a1b2c8"}}]
    [timeline] => [{"title":"editProjectBtneditProjectBtneditProjectBtn","description":"test timelinetest timelinetest timeline","date":"2025-06-20","status":"Planned","assignedBy":"67e1a9f6ebb89e49e04ddf35","assignedTo":["6833436be5c16779b409aa42","6656d4b4f7e5b8c9a0a1b2c8"]},{"title":"editProjectBtneditProjectBtneditProjectBtn","description":"test timelinetest timelinetest timeline","date":"2025-06-20","status":"Planned","assignedBy":"6833436be5c16779b409aa42","assignedTo":["6656d4b4f7e5b8c9a0a1b2c8"]}]
    [references] => []
    [views] => 1
    [downloads] => 0
    [favorites] => 0
    [comments] => []
)
2025-06-20 18:15:48 - Privacy field: value='0', type=string
2025-06-20 18:15:48 - References parsed as JSON: Array
(
)

2025-06-20 18:15:48 - Final references data: Array
(
)

2025-06-20 18:19:24 - POST data: Array
(
    [project_id] => 6839534eb7804646190966c4
    [title] => teset
    [abstract] => tsetsetse
    [description] => estsetsetst
    [field] => Computer Science
    [institution] => United International University
    [privacy] => 0
    [keywords] => ["Blockchain"]
    [created_date] => 2025-05-27
    [updated_date] => 2025-06-12
    [github_url] => https://github.com/example/project14
    [project_url] => https://blockchain-supply-chain.example.com
    [paper_url] => https://example.com/papers/blockchain-supply-chain.pdf
    [doi] => https://doi.org/example/project14
    [youtube_url] => https://youtube.com/watch?v=example14
    [supervisor] => Dr. Md. Nomani Kabir
    [team_members] => [{"name":"Samin yeaser khan","role":"Creator","contribution":100,"userId":{"$oid":"6833436be5c16779b409aa42"}},{"name":"Imran Hasan","role":"Author","contribution":0,"userId":{"$oid":"6656d4b4f7e5b8c9a0a1b2c9"}}]
    [timeline] => [{"title":"test","description":"test","date":{"$date":"2025-06-03T00:00:00.000Z"},"status":"Planned"},{"title":"test","description":"test","date":{"$date":"2025-06-03T00:00:00.000Z"},"status":"Planned"}]
    [references] => []
    [views] => 1
    [downloads] => 0
    [favorites] => 0
    [comments] => []
)
2025-06-20 18:19:24 - Privacy field: value='0', type=string
2025-06-20 18:19:24 - References parsed as JSON: Array
(
)

2025-06-20 18:19:24 - Final references data: Array
(
)

2025-06-20 18:30:09 - POST data: Array
(
    [project_id] => 685551a4793d650a9900a57f
    [title] => test timeline
    [abstract] => test timeline
    [description] => 
    [field] => Computer Science
    [institution] => United International University
    [privacy] => 0
    [keywords] => []
    [created_date] => 2025-06-18
    [updated_date] => 2025-06-18
    [github_url] => 
    [project_url] => 
    [paper_url] => 
    [doi] => 
    [youtube_url] => 
    [supervisor] => Dr. Md. Nomani Kabir
    [team_members] => [{"name":"Samin yeaser khan","role":"Creator","contribution":100,"userId":{"$oid":"6833436be5c16779b409aa42"}},{"name":"Sadia Akter","role":"Author","contribution":0,"userId":{"$oid":"6656d4b4f7e5b8c9a0a1b2c8"}}]
    [timeline] => [{"title":"editProjectBtneditProjectBtneditProjectBtn","description":"test timelinetest timelinetest timeline","date":"2025-06-20","status":"Planned","assignedBy":"67e1a9f6ebb89e49e04ddf35","assignedTo":["6833436be5c16779b409aa42","6656d4b4f7e5b8c9a0a1b2c8"]},{"title":"editProjectBtneditProjectBtneditProjectBtn","description":"test timelinetest timelinetest timeline","date":"2025-06-20","status":"Planned","assignedBy":"6833436be5c16779b409aa42","assignedTo":["6656d4b4f7e5b8c9a0a1b2c8"]}]
    [references] => []
    [views] => 1
    [downloads] => 0
    [favorites] => 0
    [comments] => []
)
2025-06-20 18:30:09 - Privacy field: value='0', type=string
2025-06-20 18:30:09 - References parsed as JSON: Array
(
)

2025-06-20 18:30:09 - Final references data: Array
(
)

2025-06-20 18:33:47 - POST data: Array
(
    [project_id] => 685551a4793d650a9900a57f
    [title] => test timeline
    [abstract] => test timeline
    [description] => 
    [field] => Computer Science
    [institution] => United International University
    [privacy] => 0
    [keywords] => []
    [created_date] => 2025-06-17
    [updated_date] => 2025-06-17
    [github_url] => 
    [project_url] => 
    [paper_url] => 
    [doi] => 
    [youtube_url] => 
    [supervisor] => Dr. Md. Nomani Kabir
    [team_members] => [{"name":"Samin yeaser khan","role":"Creator","contribution":100,"userId":{"$oid":"6833436be5c16779b409aa42"}},{"name":"Sadia Akter","role":"Author","contribution":0,"userId":{"$oid":"6656d4b4f7e5b8c9a0a1b2c8"}}]
    [timeline] => [{"title":"editProjectBtneditProjectBtneditProjectBtn","description":"test timelinetest timelinetest timeline","date":"2025-06-20","status":"Planned","assignedBy":"67e1a9f6ebb89e49e04ddf35","assignedTo":["6833436be5c16779b409aa42","6656d4b4f7e5b8c9a0a1b2c8"]},{"title":"editProjectBtneditProjectBtneditProjectBtn","description":"test timelinetest timelinetest timeline","date":"2025-06-20","status":"Planned","assignedBy":"6833436be5c16779b409aa42","assignedTo":["6656d4b4f7e5b8c9a0a1b2c8"]}]
    [references] => []
    [views] => 1
    [downloads] => 0
    [favorites] => 0
    [comments] => []
)
2025-06-20 18:33:47 - Privacy field: value='0', type=string
2025-06-20 18:33:47 - References parsed as JSON: Array
(
)

2025-06-20 18:33:47 - Final references data: Array
(
)

2025-06-20 18:39:59 - POST data: Array
(
    [project_id] => 685551a4793d650a9900a57f
    [title] => test timeline
    [abstract] => test timeline
    [description] => 
    [field] => Computer Science
    [institution] => United International University
    [privacy] => 0
    [keywords] => []
    [created_date] => 2025-06-16
    [updated_date] => 2025-06-16
    [estimatedCompletionDate] => 2025-07-11
    [github_url] => 
    [project_url] => 
    [paper_url] => 
    [doi] => 
    [youtube_url] => 
    [supervisor] => Dr. Md. Nomani Kabir
    [team_members] => [{"name":"Samin yeaser khan","role":"Creator","contribution":100,"userId":{"$oid":"6833436be5c16779b409aa42"}},{"name":"Sadia Akter","role":"Author","contribution":0,"userId":{"$oid":"6656d4b4f7e5b8c9a0a1b2c8"}}]
    [timeline] => [{"title":"editProjectBtneditProjectBtneditProjectBtn","description":"test timelinetest timelinetest timeline","date":"2025-06-20","status":"Planned","assignedBy":"67e1a9f6ebb89e49e04ddf35","assignedTo":["6833436be5c16779b409aa42","6656d4b4f7e5b8c9a0a1b2c8"]},{"title":"editProjectBtneditProjectBtneditProjectBtn","description":"test timelinetest timelinetest timeline","date":"2025-06-20","status":"Planned","assignedBy":"6833436be5c16779b409aa42","assignedTo":["6656d4b4f7e5b8c9a0a1b2c8"]}]
    [references] => []
    [views] => 1
    [downloads] => 0
    [favorites] => 0
    [comments] => []
)
2025-06-20 18:39:59 - Privacy field: value='0', type=string
2025-06-20 18:40:00 - References parsed as JSON: Array
(
)

2025-06-20 18:40:00 - Final references data: Array
(
)

2025-06-20 18:43:28 - POST data: Array
(
    [project_id] => 685551a4793d650a9900a57f
    [title] => test timeline
    [abstract] => test timeline
    [description] => 
    [field] => Computer Science
    [institution] => United International University
    [privacy] => 0
    [keywords] => []
    [created_date] => 2025-06-15
    [updated_date] => 2025-06-15
    [estimatedCompletionDate] => 2025-07-12
    [github_url] => 
    [project_url] => 
    [paper_url] => 
    [doi] => 
    [youtube_url] => 
    [supervisor] => Dr. Md. Nomani Kabir
    [team_members] => [{"name":"Samin yeaser khan","role":"Creator","contribution":100,"userId":{"$oid":"6833436be5c16779b409aa42"}},{"name":"Sadia Akter","role":"Author","contribution":0,"userId":{"$oid":"6656d4b4f7e5b8c9a0a1b2c8"}}]
    [timeline] => [{"title":"editProjectBtneditProjectBtneditProjectBtn","description":"test timelinetest timelinetest timeline","date":"2025-06-20","status":"Planned","assignedBy":"67e1a9f6ebb89e49e04ddf35","assignedTo":["6833436be5c16779b409aa42","6656d4b4f7e5b8c9a0a1b2c8"]},{"title":"editProjectBtneditProjectBtneditProjectBtn","description":"test timelinetest timelinetest timeline","date":"2025-06-20","status":"Planned","assignedBy":"6833436be5c16779b409aa42","assignedTo":["6656d4b4f7e5b8c9a0a1b2c8"]}]
    [references] => []
    [views] => 1
    [downloads] => 0
    [favorites] => 0
    [comments] => []
)
2025-06-20 18:43:28 - Privacy field: value='0', type=string
2025-06-20 18:43:28 - References parsed as JSON: Array
(
)

2025-06-20 18:43:28 - Final references data: Array
(
)

2025-06-20 20:34:59 - POST data: Array
(
    [project_id] => 685551a4793d650a9900a57f
    [title] => test timeline
    [abstract] => test timeline
    [description] => 
    [field] => Computer Science
    [institution] => United International University
    [privacy] => 0
    [keywords] => []
    [created_date] => 2025-06-14
    [updated_date] => 2025-06-14
    [estimatedCompletionDate] => 2025-07-11
    [github_url] => 
    [project_url] => 
    [paper_url] => 
    [doi] => 
    [youtube_url] => 
    [supervisor] => Dr. Md. Nomani Kabir
    [team_members] => [{"name":"Samin yeaser khan","role":"Creator","contribution":100,"userId":{"$oid":"6833436be5c16779b409aa42"}},{"name":"Sadia Akter","role":"Author","contribution":0,"userId":{"$oid":"6656d4b4f7e5b8c9a0a1b2c8"}}]
    [timeline] => [{"title":"editProjectBtneditProjectBtneditProjectBtn","description":"test timelinetest timelinetest timeline","date":"2025-06-20","status":"Planned","assignedBy":"Dr. Md. Nomani Kabir","assignedTo":["6833436be5c16779b409aa42","6656d4b4f7e5b8c9a0a1b2c8"]},{"title":"editProjectBtneditProjectBtneditProjectBtn","description":"test timelinetest timelinetest timeline","date":"2025-06-20","status":"Planned","assignedBy":"6833436be5c16779b409aa42","assignedTo":["6656d4b4f7e5b8c9a0a1b2c8"]}]
    [references] => []
    [views] => 1
    [downloads] => 0
    [favorites] => 0
    [comments] => []
)
2025-06-20 20:34:59 - Privacy field: value='0', type=string
2025-06-20 20:34:59 - References parsed as JSON: Array
(
)

2025-06-20 20:34:59 - Final references data: Array
(
)

2025-06-22 08:44:25 - POST data: Array
(
    [project_id] => 685551a4793d650a9900a57f
    [title] => test timeline
    [abstract] => test timeline
    [description] => 
    [field] => Computer Science
    [institution] => United International University
    [privacy] => 0
    [keywords] => []
    [created_date] => 2025-06-13
    [updated_date] => 2025-06-13
    [estimatedCompletionDate] => 2025-07-10
    [github_url] => 
    [project_url] => 
    [paper_url] => 
    [doi] => 
    [youtube_url] => 
    [supervisor] => Dr. Md. Nomani Kabir
    [team_members] => [{"name":"Samin yeaser khan","role":"Creator","contribution":100,"userId":{"$oid":"6833436be5c16779b409aa42"}},{"name":"Sadia Akter","role":"Author","contribution":0,"userId":{"$oid":"6656d4b4f7e5b8c9a0a1b2c8"}}]
    [timeline] => [{"title":"editProjectBtneditProjectBtneditProjectBtn","description":"test timelinetest timelinetest timeline","date":"2025-06-20","status":"Planned","assignedBy":"Dr. Md. Nomani Kabir","assignedTo":["6833436be5c16779b409aa42","6656d4b4f7e5b8c9a0a1b2c8"]},{"title":"editProjectBtneditProjectBtneditProjectBtn","description":"test timelinetest timelinetest timeline","date":"2025-06-20","status":"Planned","assignedBy":"6833436be5c16779b409aa42","assignedTo":["6833436be5c16779b409aa42","6656d4b4f7e5b8c9a0a1b2c8"]},{"title":"TEST","description":"TEST","date":"2025-06-22","status":"Planned","assignedBy":"Dr. Md. Nomani Kabir","assignedTo":["6833436be5c16779b409aa42","6656d4b4f7e5b8c9a0a1b2c8"]}]
    [references] => []
    [views] => 1
    [downloads] => 0
    [favorites] => 0
    [comments] => []
)
2025-06-22 08:44:25 - Privacy field: value='0', type=string
2025-06-22 08:44:25 - References parsed as JSON: Array
(
)

2025-06-22 08:44:25 - Final references data: Array
(
)

2025-06-22 09:13:23 - POST data: Array
(
    [project_id] => 685551a4793d650a9900a57f
    [title] => test timeline
    [abstract] => test timeline
    [description] => 
    [field] => Computer Science
    [institution] => United International University
    [privacy] => 0
    [keywords] => []
    [created_date] => 2025-06-12
    [updated_date] => 2025-06-12
    [estimatedCompletionDate] => 2025-07-09
    [github_url] => 
    [project_url] => 
    [paper_url] => 
    [doi] => 
    [youtube_url] => 
    [supervisor] => Dr. Md. Nomani Kabir
    [team_members] => [{"name":"Samin yeaser khan","role":"Creator","contribution":100,"userId":{"$oid":"6833436be5c16779b409aa42"}},{"name":"Sadia Akter","role":"Author","contribution":0,"userId":{"$oid":"6656d4b4f7e5b8c9a0a1b2c8"}}]
    [timeline] => [{"title":"editProjectBtneditProjectBtneditProjectBtn","description":"test timelinetest timelinetest timeline","date":"2025-06-20","status":"Planned","assignedBy":"Dr. Md. Nomani Kabir","assignedTo":["6833436be5c16779b409aa42","6656d4b4f7e5b8c9a0a1b2c8"]},{"title":"editProjectBtneditProjectBtneditProjectBtn","description":"test timelinetest timelinetest timeline","date":"2025-06-20","status":"Planned","assignedBy":"6833436be5c16779b409aa42","assignedTo":["6833436be5c16779b409aa42","6656d4b4f7e5b8c9a0a1b2c8"]},{"title":"TEST","description":"TEST","date":"2025-06-22","status":"Planned","assignedBy":"Dr. Md. Nomani Kabir","assignedTo":["6833436be5c16779b409aa42","6656d4b4f7e5b8c9a0a1b2c8"]},{"title":"editProjectBtneditProjectBtneditProjectBtn","description":"test","date":"2025-06-22","status":"Planned","assignedBy":{"id":"6656d4b4f7e5b8c9a0a1b2c8","name":"Sadia Akter","type":"student"},"assignedTo":[{"id":"6833436be5c16779b409aa42","name":"Samin yeaser khan","type":"student"},{"id":"6656d4b4f7e5b8c9a0a1b2c8","name":"Sadia Akter","type":"student"}]}]
    [references] => []
    [views] => 1
    [downloads] => 0
    [favorites] => 0
    [comments] => []
)
2025-06-22 09:13:23 - Privacy field: value='0', type=string
2025-06-22 09:13:23 - References parsed as JSON: Array
(
)

2025-06-22 09:13:23 - Final references data: Array
(
)

2025-06-22 09:14:05 - POST data: Array
(
    [project_id] => 685551a4793d650a9900a57f
    [title] => test timeline
    [abstract] => test timeline
    [description] => 
    [field] => Computer Science
    [institution] => United International University
    [privacy] => 0
    [keywords] => []
    [created_date] => 2025-06-11
    [updated_date] => 2025-06-11
    [estimatedCompletionDate] => 2025-07-08
    [github_url] => 
    [project_url] => 
    [paper_url] => 
    [doi] => 
    [youtube_url] => 
    [supervisor] => Dr. Md. Nomani Kabir
    [team_members] => [{"name":"Samin yeaser khan","role":"Creator","contribution":100,"userId":{"$oid":"6833436be5c16779b409aa42"}},{"name":"Sadia Akter","role":"Author","contribution":0,"userId":{"$oid":"6656d4b4f7e5b8c9a0a1b2c8"}}]
    [timeline] => [{"title":"editProjectBtneditProjectBtneditProjectBtn","description":"test timelinetest timelinetest timeline","date":"2025-06-20","status":"Planned","assignedBy":"Dr. Md. Nomani Kabir","assignedTo":["6833436be5c16779b409aa42","6656d4b4f7e5b8c9a0a1b2c8"]},{"title":"TEST","description":"TEST","date":"2025-06-22","status":"Planned","assignedBy":{"id":"Dr. Md. Nomani Kabir","name":"Dr. Md. Nomani Kabir","type":"faculty"},"assignedTo":[{"id":"6833436be5c16779b409aa42","name":"Samin yeaser khan","type":"student"}]},{"title":"editProjectBtneditProjectBtneditProjectBtn","description":"test","date":"2025-06-22","status":"Planned","assignedBy":{"id":"6656d4b4f7e5b8c9a0a1b2c8","name":"Sadia Akter","type":"student"},"assignedTo":[{"id":"6833436be5c16779b409aa42","name":"Samin yeaser khan","type":"student"},{"id":"6656d4b4f7e5b8c9a0a1b2c8","name":"Sadia Akter","type":"student"}]}]
    [references] => []
    [views] => 1
    [downloads] => 0
    [favorites] => 0
    [comments] => []
)
2025-06-22 09:14:05 - Privacy field: value='0', type=string
2025-06-22 09:14:06 - References parsed as JSON: Array
(
)

2025-06-22 09:14:06 - Final references data: Array
(
)

2025-06-22 12:10:48 - POST data: Array
(
    [project_id] => 685551a4793d650a9900a57f
    [title] => test timeline
    [abstract] => test timeline
    [description] => 
    [field] => Computer Science
    [institution] => United International University
    [privacy] => 0
    [keywords] => []
    [created_date] => 2025-06-10
    [updated_date] => 2025-06-22
    [estimatedCompletionDate] => 2025-07-07
    [github_url] => 
    [project_url] => 
    [paper_url] => 
    [doi] => 
    [youtube_url] => 
    [supervisor] => Dr. Md. Nomani Kabir
    [team_members] => [{"name":"Samin yeaser khan","role":"Creator","contribution":100,"userId":{"$oid":"6833436be5c16779b409aa42"}},{"name":"Sadia Akter","role":"Author","contribution":0,"userId":{"$oid":"6656d4b4f7e5b8c9a0a1b2c8"}}]
    [timeline] => [{"title":"editProjectBtneditProjectBtneditProjectBtn","description":"test timelinetest timelinetest timeline","date":"2025-06-20","status":"Planned","assignedBy":"Dr. Md. Nomani Kabir","assignedTo":["6833436be5c16779b409aa42","6656d4b4f7e5b8c9a0a1b2c8"]},{"title":"TEST","description":"TEST","date":"2025-06-22","status":"Planned","assignedBy":{"id":"Dr. Md. Nomani Kabir","name":"Dr. Md. Nomani Kabir","type":"faculty"},"assignedTo":[{"id":"6833436be5c16779b409aa42","name":"Samin yeaser khan","type":"student"}]},{"title":"editProjectBtneditProjectBtneditProjectBtn","description":"test","date":"2025-06-22","status":"Planned","assignedBy":{"id":"6656d4b4f7e5b8c9a0a1b2c8","name":"Sadia Akter","type":"student"},"assignedTo":[{"id":"6656d4b4f7e5b8c9a0a1b2c8","name":"Sadia Akter","type":"student"}]}]
    [references] => []
    [views] => 1
    [downloads] => 0
    [favorites] => 0
    [comments] => []
)
2025-06-22 12:10:48 - Privacy field: value='0', type=string
2025-06-22 12:10:48 - References parsed as JSON: Array
(
)

2025-06-22 12:10:48 - Final references data: Array
(
)

2025-06-22 13:11:14 - POST data: Array
(
    [project_id] => 685551a4793d650a9900a57f
    [title] => test timeline
    [abstract] => test timeline
    [description] => 
    [field] => Computer Science
    [institution] => United International University
    [privacy] => 0
    [keywords] => []
    [created_date] => 2025-06-09
    [updated_date] => 2025-06-21
    [estimatedCompletionDate] => 2025-07-06
    [github_url] => 
    [project_url] => 
    [paper_url] => 
    [doi] => 
    [youtube_url] => 
    [supervisor] => Dr. Md. Nomani Kabir
    [team_members] => [{"name":"Samin yeaser khan","role":"Creator","contribution":100,"userId":{"$oid":"6833436be5c16779b409aa42"}},{"name":"Sadia Akter","role":"Author","contribution":0,"userId":{"$oid":"6656d4b4f7e5b8c9a0a1b2c8"}}]
    [timeline] => [{"title":"editProjectBtneditProjectBtneditProjectBtn","description":"test timelinetest timelinetest timeline","date":"2025-06-20","status":"Planned","assignedBy":"Dr. Md. Nomani Kabir","assignedTo":["6833436be5c16779b409aa42","6656d4b4f7e5b8c9a0a1b2c8"]},{"title":"TEST","description":"TEST","date":"2025-06-22","status":"Planned","assignedBy":{"id":"Dr. Md. Nomani Kabir","name":"Dr. Md. Nomani Kabir","type":"faculty"},"assignedTo":[{"id":"6833436be5c16779b409aa42","name":"Samin yeaser khan","type":"student"}]},{"title":"editProjectBtneditProjectBtneditProjectBtn","description":"test","date":"2025-06-22","status":"Planned","assignedBy":{"id":"6656d4b4f7e5b8c9a0a1b2c8","name":"Sadia Akter","type":"student"},"assignedTo":[{"id":"6656d4b4f7e5b8c9a0a1b2c8","name":"Sadia Akter","type":"student"}]}]
    [references] => []
    [views] => 1
    [downloads] => 0
    [favorites] => 0
    [comments] => []
)
2025-06-22 13:11:14 - Privacy field: value='0', type=string
2025-06-22 13:11:14 - References parsed as JSON: Array
(
)

2025-06-22 13:11:14 - Final references data: Array
(
)

2025-06-22 13:29:19 - POST data: Array
(
    [project_id] => 685551a4793d650a9900a57f
    [title] => test timeline
    [abstract] => test timeline
    [description] => 
    [field] => Computer Science
    [institution] => United International University
    [privacy] => 0
    [keywords] => []
    [created_date] => 2025-06-08
    [updated_date] => 2025-06-20
    [estimatedCompletionDate] => 2025-07-05
    [github_url] => 
    [project_url] => 
    [paper_url] => 
    [doi] => 
    [youtube_url] => 
    [supervisor] => Dr. Md. Nomani Kabir
    [team_members] => [{"name":"Samin yeaser khan","role":"Creator","contribution":100,"userId":{"$oid":"6833436be5c16779b409aa42"}},{"name":"Sadia Akter","role":"Author","contribution":0,"userId":{"$oid":"6656d4b4f7e5b8c9a0a1b2c8"}}]
    [timeline] => [{"title":"editProjectBtneditProjectBtneditProjectBtn","description":"test timelinetest timelinetest timeline","date":"2025-06-20","status":"Planned","assignedBy":"Dr. Md. Nomani Kabir","assignedTo":["6833436be5c16779b409aa42","6656d4b4f7e5b8c9a0a1b2c8"]},{"title":"TEST","description":"TEST","date":"2025-06-22","status":"Planned","assignedBy":{"id":"Dr. Md. Nomani Kabir","name":"Dr. Md. Nomani Kabir","type":"faculty"},"assignedTo":[{"id":"6833436be5c16779b409aa42","name":"Samin yeaser khan","type":"student"},{"id":"6656d4b4f7e5b8c9a0a1b2c8","name":"Sadia Akter","type":"student"}]},{"title":"editProjectBtneditProjectBtneditProjectBtn","description":"test","date":"2025-06-22","status":"Planned","assignedBy":{"id":"6656d4b4f7e5b8c9a0a1b2c8","name":"Sadia Akter","type":"student"},"assignedTo":[{"id":"6656d4b4f7e5b8c9a0a1b2c8","name":"Sadia Akter","type":"student"}]}]
    [references] => []
    [views] => 1
    [downloads] => 0
    [favorites] => 0
    [comments] => []
)
2025-06-22 13:29:19 - Privacy field: value='0', type=string
2025-06-22 13:29:19 - References parsed as JSON: Array
(
)

2025-06-22 13:29:19 - Final references data: Array
(
)

2025-06-22 14:41:37 - POST data: Array
(
    [project_id] => 685551a4793d650a9900a57f
    [timeline] => [{"title":"editProjectBtneditProjectBtneditProjectBtn","description":"test timelinetest timelinetest timeline","date":"2025-06-20","status":"Planned","assignedBy":"Dr. Md. Nomani Kabir","assignedTo":["6833436be5c16779b409aa42","6656d4b4f7e5b8c9a0a1b2c8"]},{"title":"TEST","description":"TEST","date":"2025-06-22","status":"Planned","assignedBy":{"id":"Dr. Md. Nomani Kabir","name":"Dr. Md. Nomani Kabir","type":"faculty"},"assignedTo":[{"id":"6833436be5c16779b409aa42","name":"Samin yeaser khan","type":"student"},{"id":"6656d4b4f7e5b8c9a0a1b2c8","name":"Sadia Akter","type":"student"}]},{"title":"editProjectBtneditProjectBtneditProjectBtn","description":"test","date":"2025-06-22","status":"Planned","assignedBy":{"id":"Dr. Md. Nomani Kabir","name":"Dr. Md. Nomani Kabir","type":"faculty"},"assignedTo":[{"id":"6833436be5c16779b409aa42","name":"Samin yeaser khan","type":"student"},{"id":"6656d4b4f7e5b8c9a0a1b2c8","name":"Sadia Akter","type":"student"}]}]
    [action] => update_timeline
)
2025-06-22 14:41:37 - Privacy field: value=not set, type=N/A
2025-06-22 14:41:37 - Privacy field error: Privacy field is not set in the POST data
2025-06-22 14:41:39 - POST data: Array
(
    [project_id] => 685551a4793d650a9900a57f
    [timeline] => [{"title":"editProjectBtneditProjectBtneditProjectBtn","description":"test timelinetest timelinetest timeline","date":"2025-06-20","status":"Planned","assignedBy":"Dr. Md. Nomani Kabir","assignedTo":["6833436be5c16779b409aa42","6656d4b4f7e5b8c9a0a1b2c8"]},{"title":"TEST","description":"TEST","date":"2025-06-22","status":"Planned","assignedBy":{"id":"Dr. Md. Nomani Kabir","name":"Dr. Md. Nomani Kabir","type":"faculty"},"assignedTo":[{"id":"6833436be5c16779b409aa42","name":"Samin yeaser khan","type":"student"},{"id":"6656d4b4f7e5b8c9a0a1b2c8","name":"Sadia Akter","type":"student"}]},{"title":"editProjectBtneditProjectBtneditProjectBtn","description":"test","date":"2025-06-22","status":"Planned","assignedBy":{"id":"Dr. Md. Nomani Kabir","name":"Dr. Md. Nomani Kabir","type":"faculty"},"assignedTo":[{"id":"6833436be5c16779b409aa42","name":"Samin yeaser khan","type":"student"},{"id":"6656d4b4f7e5b8c9a0a1b2c8","name":"Sadia Akter","type":"student"}]}]
    [action] => update_timeline
)
2025-06-22 14:41:39 - Privacy field: value=not set, type=N/A
2025-06-22 14:41:39 - Privacy field error: Privacy field is not set in the POST data
2025-06-22 14:53:39 - POST data: Array
(
    [project_id] => 685551a4793d650a9900a57f
    [timeline] => [{"title":"editProjectBtneditProjectBtneditProjectBtn","description":"test timelinetest timelinetest timeline","date":"2025-06-20","status":"Planned","assignedBy":"Dr. Md. Nomani Kabir","assignedTo":["6833436be5c16779b409aa42","6656d4b4f7e5b8c9a0a1b2c8"]},{"title":"TEST","description":"TEST","date":"2025-06-22","status":"Planned","assignedBy":{"id":"Dr. Md. Nomani Kabir","name":"Dr. Md. Nomani Kabir","type":"faculty"},"assignedTo":[{"id":"6833436be5c16779b409aa42","name":"Samin yeaser khan","type":"student"},{"id":"6656d4b4f7e5b8c9a0a1b2c8","name":"Sadia Akter","type":"student"}]},{"title":"editProjectBtneditProjectBtneditProjectBtn","description":"test","date":"2025-06-22","status":"Planned","assignedBy":{"id":"Dr. Md. Nomani Kabir","name":"Dr. Md. Nomani Kabir","type":"faculty"},"assignedTo":[{"id":"6833436be5c16779b409aa42","name":"Samin yeaser khan","type":"student"},{"id":"6656d4b4f7e5b8c9a0a1b2c8","name":"Sadia Akter","type":"student"}]}]
    [action] => update_timeline
)
2025-06-22 14:53:39 - Privacy field: value=not set, type=N/A
2025-06-22 14:53:39 - Privacy field error: Privacy field is not set in the POST data
2025-06-22 14:54:03 - POST data: Array
(
    [project_id] => 685551a4793d650a9900a57f
    [timeline] => [{"title":"editProjectBtneditProjectBtneditProjectBtn","description":"test timelinetest timelinetest timeline","date":"2025-06-20","status":"Planned","assignedBy":"Dr. Md. Nomani Kabir","assignedTo":["6833436be5c16779b409aa42","6656d4b4f7e5b8c9a0a1b2c8"]},{"title":"TEST","description":"TEST","date":"2025-06-22","status":"Planned","assignedBy":{"id":"Dr. Md. Nomani Kabir","name":"Dr. Md. Nomani Kabir","type":"faculty"},"assignedTo":[{"id":"6833436be5c16779b409aa42","name":"Samin yeaser khan","type":"student"},{"id":"6656d4b4f7e5b8c9a0a1b2c8","name":"Sadia Akter","type":"student"}]},{"title":"editProjectBtneditProjectBtneditProjectBtn","description":"test","date":"2025-06-22","status":"Planned","assignedBy":{"id":"Dr. Md. Nomani Kabir","name":"Dr. Md. Nomani Kabir","type":"faculty"},"assignedTo":[{"id":"6833436be5c16779b409aa42","name":"Samin yeaser khan","type":"student"},{"id":"6656d4b4f7e5b8c9a0a1b2c8","name":"Sadia Akter","type":"student"}]}]
    [action] => update_timeline
)
2025-06-22 14:54:03 - Privacy field: value=not set, type=N/A
2025-06-22 14:54:03 - Privacy field error: Privacy field is not set in the POST data
2025-06-22 14:57:29 - POST data: Array
(
    [project_id] => 685551a4793d650a9900a57f
    [timeline] => [{"title":"editProjectBtneditProjectBtneditProjectBtn","description":"test timelinetest timelinetest timeline","date":"2025-06-20","status":"Planned","assignedBy":"Dr. Md. Nomani Kabir","assignedTo":["6833436be5c16779b409aa42","6656d4b4f7e5b8c9a0a1b2c8"]},{"title":"TEST","description":"TEST","date":"2025-06-22","status":"Planned","assignedBy":{"id":"Dr. Md. Nomani Kabir","name":"Dr. Md. Nomani Kabir","type":"faculty"},"assignedTo":[{"id":"6833436be5c16779b409aa42","name":"Samin yeaser khan","type":"student"},{"id":"6656d4b4f7e5b8c9a0a1b2c8","name":"Sadia Akter","type":"student"}]},{"title":"editProjectBtneditProjectBtneditProjectBtn","description":"test","date":"2025-06-22","status":"Planned","assignedBy":{"id":"Dr. Md. Nomani Kabir","name":"Dr. Md. Nomani Kabir","type":"faculty"},"assignedTo":[{"id":"6833436be5c16779b409aa42","name":"Samin yeaser khan","type":"student"},{"id":"6656d4b4f7e5b8c9a0a1b2c8","name":"Sadia Akter","type":"student"}]}]
    [action] => update_timeline
)
2025-06-22 14:57:29 - Privacy field: value=not set, type=N/A
2025-06-22 14:57:29 - Timeline update request received: Array
(
    [0] => Array
        (
            [title] => editProjectBtneditProjectBtneditProjectBtn
            [description] => test timelinetest timelinetest timeline
            [date] => 2025-06-20
            [status] => Planned
            [assignedBy] => Dr. Md. Nomani Kabir
            [assignedTo] => Array
                (
                    [0] => 6833436be5c16779b409aa42
                    [1] => 6656d4b4f7e5b8c9a0a1b2c8
                )

        )

    [1] => Array
        (
            [title] => TEST
            [description] => TEST
            [date] => 2025-06-22
            [status] => Planned
            [assignedBy] => Array
                (
                    [id] => Dr. Md. Nomani Kabir
                    [name] => Dr. Md. Nomani Kabir
                    [type] => faculty
                )

            [assignedTo] => Array
                (
                    [0] => Array
                        (
                            [id] => 6833436be5c16779b409aa42
                            [name] => Samin yeaser khan
                            [type] => student
                        )

                    [1] => Array
                        (
                            [id] => 6656d4b4f7e5b8c9a0a1b2c8
                            [name] => Sadia Akter
                            [type] => student
                        )

                )

        )

    [2] => Array
        (
            [title] => editProjectBtneditProjectBtneditProjectBtn
            [description] => test
            [date] => 2025-06-22
            [status] => Planned
            [assignedBy] => Array
                (
                    [id] => Dr. Md. Nomani Kabir
                    [name] => Dr. Md. Nomani Kabir
                    [type] => faculty
                )

            [assignedTo] => Array
                (
                    [0] => Array
                        (
                            [id] => 6833436be5c16779b409aa42
                            [name] => Samin yeaser khan
                            [type] => student
                        )

                    [1] => Array
                        (
                            [id] => 6656d4b4f7e5b8c9a0a1b2c8
                            [name] => Sadia Akter
                            [type] => student
                        )

                )

        )

)

2025-06-22 14:57:29 - Timeline update result: Success
2025-06-22 14:58:35 - POST data: Array
(
    [project_id] => 685551a4793d650a9900a57f
    [title] => test timeline TEST
    [abstract] => test timeline TEST
    [description] => 
    [field] => Computer Science
    [institution] => United International University
    [privacy] => 0
    [keywords] => []
    [created_date] => 2025-06-07
    [updated_date] => 2025-06-22
    [estimatedCompletionDate] => 2025-07-04
    [github_url] => 
    [project_url] => 
    [paper_url] => 
    [doi] => 
    [youtube_url] => 
    [supervisor] => Dr. Md. Nomani Kabir
    [team_members] => [{"name":"Samin yeaser khan","role":"Creator","contribution":100,"userId":{"$oid":"6833436be5c16779b409aa42"}},{"name":"Sadia Akter","role":"Author","contribution":0,"userId":{"$oid":"6656d4b4f7e5b8c9a0a1b2c8"}},{"name":"Imran Hasan","role":"","contribution":0,"userId":null}]
    [timeline] => [{"title":"editProjectBtneditProjectBtneditProjectBtn","description":"test timelinetest timelinetest timeline","date":"2025-06-20","status":"Planned","assignedBy":"Dr. Md. Nomani Kabir","assignedTo":["6833436be5c16779b409aa42","6656d4b4f7e5b8c9a0a1b2c8"]},{"title":"TEST","description":"TEST","date":"2025-06-22","status":"Planned","assignedBy":{"id":"Dr. Md. Nomani Kabir","name":"Dr. Md. Nomani Kabir","type":"faculty"},"assignedTo":[{"id":"6833436be5c16779b409aa42","name":"Samin yeaser khan","type":"student"},{"id":"6656d4b4f7e5b8c9a0a1b2c8","name":"Sadia Akter","type":"student"}]},{"title":"editProjectBtneditProjectBtneditProjectBtn","description":"test","date":"2025-06-22","status":"Planned","assignedBy":{"id":"Dr. Md. Nomani Kabir","name":"Dr. Md. Nomani Kabir","type":"faculty"},"assignedTo":[{"id":"6833436be5c16779b409aa42","name":"Samin yeaser khan","type":"student"},{"id":"6656d4b4f7e5b8c9a0a1b2c8","name":"Sadia Akter","type":"student"}]},{"title":"editProjectBtneditProjectBtneditProjectBtn","description":"(anonymous) @ Project_details.php?id=685551a4793d650a9900a57f:11628\nProject_details.php?id=685551a4793d650a9900a57f:11524 Starting to save timeline changes\nProject_details.php?id=685551a4793d650a9900a57f:11525 Project ID: 685551a4793d650a9900a57f\nProject_details.php?id=685551a4793d650a9900a57f:11526 Timeline items: (3) [{…}, {…}, {…}]\nProject_details.php?id=685551a4793d650a9900a57f:11556 Sending request to update_project.php\nProject_details.php?id=685551a4793d650a9900a57f:11557 Request data: {project_id: '685551a4793d650a9900a57f', action: 'update_timeline', timeline_count: 3}\nProject_details.php?id=685551a4793d650a9900a57f:11580 Using path for update_project.php: src/model/update_project.php\nProject_details.php?id=685551a4793d650a9900a57f:11588 Response received: 200\nProject_details.php?id=685551a4793d650a9900a57f:11596 Response data: {success: false, message: 'Missing required fields: title, field, privacy'}\nProject_details.php?id=685551a4793d650a9900a57f:11628 Error saving timeline: Missing required fields: title, field, privacy","date":"2025-06-22","status":"Planned","assignedBy":{"id":"Dr. Md. Nomani Kabir","name":"Dr. Md. Nomani Kabir","type":"faculty"},"assignedTo":[{"id":"6833436be5c16779b409aa42","name":"Samin yeaser khan","type":"student"},{"id":"6656d4b4f7e5b8c9a0a1b2c8","name":"Sadia Akter","type":"student"},{"id":"Imran Hasan","name":"Imran Hasan","type":"student"}]}]
    [references] => []
    [views] => 1
    [downloads] => 0
    [favorites] => 0
    [comments] => []
)
2025-06-22 14:58:35 - Privacy field: value='0', type=string
2025-06-22 14:58:35 - References parsed as JSON: Array
(
)

2025-06-22 14:58:35 - Final references data: Array
(
)

2025-06-22 15:20:13 - POST data: Array
(
    [project_id] => 685551a4793d650a9900a57f
    [timeline] => [{"title":"editProjectBtneditProjectBtneditProjectBtn","description":"test timelinetest timelinetest timeline","date":"2025-06-20","status":"Planned","assignedBy":"Dr. Md. Nomani Kabir","assignedTo":["6833436be5c16779b409aa42","6656d4b4f7e5b8c9a0a1b2c8"]},{"title":"TEST","description":"TEST","date":"2025-06-22","status":"Planned","assignedBy":{"id":"Dr. Md. Nomani Kabir","name":"Dr. Md. Nomani Kabir","type":"faculty"},"assignedTo":[{"id":"6833436be5c16779b409aa42","name":"Samin yeaser khan","type":"student"},{"id":"6656d4b4f7e5b8c9a0a1b2c8","name":"Sadia Akter","type":"student"}]},{"title":"editProjectBtneditProjectBtneditProjectBtn","description":"test","date":"2025-06-22","status":"Planned","assignedBy":{"id":"Dr. Md. Nomani Kabir","name":"Dr. Md. Nomani Kabir","type":"faculty"},"assignedTo":[{"id":"6833436be5c16779b409aa42","name":"Samin yeaser khan","type":"student"},{"id":"6656d4b4f7e5b8c9a0a1b2c8","name":"Sadia Akter","type":"student"}]},{"title":"editProjectBtneditProjectBtneditProjectBtn","description":"(anonymous) @ Project_details.php?id=685551a4793d650a9900a57f:11628","date":"2025-06-22","status":"Planned","assignedBy":{"id":"Dr. Md. Nomani Kabir","name":"Dr. Md. Nomani Kabir","type":"faculty"},"assignedTo":[{"id":"6833436be5c16779b409aa42","name":"Samin yeaser khan","type":"student"},{"id":"6656d4b4f7e5b8c9a0a1b2c8","name":"Sadia Akter","type":"student"},{"id":"Imran Hasan","name":"Imran Hasan","type":"student"}]}]
    [action] => update_timeline
)
2025-06-22 15:20:13 - Privacy field: value=not set, type=N/A
2025-06-22 15:20:13 - Timeline update request received: Array
(
    [0] => Array
        (
            [title] => editProjectBtneditProjectBtneditProjectBtn
            [description] => test timelinetest timelinetest timeline
            [date] => 2025-06-20
            [status] => Planned
            [assignedBy] => Dr. Md. Nomani Kabir
            [assignedTo] => Array
                (
                    [0] => 6833436be5c16779b409aa42
                    [1] => 6656d4b4f7e5b8c9a0a1b2c8
                )

        )

    [1] => Array
        (
            [title] => TEST
            [description] => TEST
            [date] => 2025-06-22
            [status] => Planned
            [assignedBy] => Array
                (
                    [id] => Dr. Md. Nomani Kabir
                    [name] => Dr. Md. Nomani Kabir
                    [type] => faculty
                )

            [assignedTo] => Array
                (
                    [0] => Array
                        (
                            [id] => 6833436be5c16779b409aa42
                            [name] => Samin yeaser khan
                            [type] => student
                        )

                    [1] => Array
                        (
                            [id] => 6656d4b4f7e5b8c9a0a1b2c8
                            [name] => Sadia Akter
                            [type] => student
                        )

                )

        )

    [2] => Array
        (
            [title] => editProjectBtneditProjectBtneditProjectBtn
            [description] => test
            [date] => 2025-06-22
            [status] => Planned
            [assignedBy] => Array
                (
                    [id] => Dr. Md. Nomani Kabir
                    [name] => Dr. Md. Nomani Kabir
                    [type] => faculty
                )

            [assignedTo] => Array
                (
                    [0] => Array
                        (
                            [id] => 6833436be5c16779b409aa42
                            [name] => Samin yeaser khan
                            [type] => student
                        )

                    [1] => Array
                        (
                            [id] => 6656d4b4f7e5b8c9a0a1b2c8
                            [name] => Sadia Akter
                            [type] => student
                        )

                )

        )

    [3] => Array
        (
            [title] => editProjectBtneditProjectBtneditProjectBtn
            [description] => (anonymous) @ Project_details.php?id=685551a4793d650a9900a57f:11628
            [date] => 2025-06-22
            [status] => Planned
            [assignedBy] => Array
                (
                    [id] => Dr. Md. Nomani Kabir
                    [name] => Dr. Md. Nomani Kabir
                    [type] => faculty
                )

            [assignedTo] => Array
                (
                    [0] => Array
                        (
                            [id] => 6833436be5c16779b409aa42
                            [name] => Samin yeaser khan
                            [type] => student
                        )

                    [1] => Array
                        (
                            [id] => 6656d4b4f7e5b8c9a0a1b2c8
                            [name] => Sadia Akter
                            [type] => student
                        )

                    [2] => Array
                        (
                            [id] => Imran Hasan
                            [name] => Imran Hasan
                            [type] => student
                        )

                )

        )

)

2025-06-22 15:20:13 - Timeline update result: Success
